taxon,latitude,longitude,country,source,occurrence_id,country_code,status
Pseudoponera_stigma,8.70972,-83.87361,Costa Rica,GABI,AOTW_Ponerinae_Occ_1,CRI,valid
Pseudoponera_stigma,8.6791,-83.56671,Costa Rica,GABI,AOTW_Ponerinae_Occ_2,CRI,valid
Pseudoponera_stigma,8.6791,-83.56671,Costa Rica,GABI,AOTW_Ponerinae_Occ_3,CRI,valid
Pseudoponera_stigma,8.6791,-83.56671,Costa Rica,GABI,AOTW_Ponerinae_Occ_4,CRI,valid
Pseudoponera_stigma,8.6791,-83.56671,Costa Rica,GABI,AOTW_Ponerinae_Occ_5,CRI,valid
Pseudoponera_stigma,8.6791,-83.56671,Costa Rica,GABI,AOTW_Ponerinae_Occ_6,CRI,valid
Pseudoponera_stigma,8.6791,-83.56671,Costa Rica,GABI,AOTW_Ponerinae_Occ_7,CRI,valid
Pseudoponera_stigma,8.6791,-83.56671,Costa Rica,GABI,AOTW_Ponerinae_Occ_8,CRI,valid
Pseudoponera_stigma,8.6791,-83.56671,Costa Rica,GABI,AOTW_Ponerinae_Occ_9,CRI,valid
Pseudoponera_stigma,10.59427,-83.71651,Costa Rica,GABI,AOTW_Ponerinae_Occ_10,CRI,valid
Pseudoponera_succedanea,10.35,-84.05,Costa Rica,GABI,AOTW_Ponerinae_Occ_11,CRI,valid
Pseudoponera_succedanea,10.35,-84.05,Costa Rica,GABI,AOTW_Ponerinae_Occ_12,CRI,valid
Pseudoponera_succedanea,10.35,-84.05,Costa Rica,GABI,AOTW_Ponerinae_Occ_13,CRI,valid
Pseudoponera_succedanea,10.33333,-84.06667,Costa Rica,GABI,AOTW_Ponerinae_Occ_14,CRI,valid
Pseudoponera_succedanea,10.33333,-84.06667,Costa Rica,GABI,AOTW_Ponerinae_Occ_15,CRI,valid
Pseudoponera_succedanea,8.89147,-82.79294,Costa Rica,GABI,AOTW_Ponerinae_Occ_16,CRI,valid
Pseudoponera_succedanea,10.99261,-85.42948,Costa Rica,GABI,AOTW_Ponerinae_Occ_17,CRI,valid
Pseudoponera_succedanea,10.99261,-85.42948,Costa Rica,GABI,AOTW_Ponerinae_Occ_18,CRI,valid
Pseudoponera_succedanea,8.6791,-83.56671,Costa Rica,GABI,AOTW_Ponerinae_Occ_19,CRI,valid
Pseudoponera_succedanea,8.6791,-83.56671,Costa Rica,GABI,AOTW_Ponerinae_Occ_20,CRI,valid
Pseudoponera_succedanea,8.6791,-83.56671,Costa Rica,GABI,AOTW_Ponerinae_Occ_21,CRI,valid
Pseudoponera_succedanea,8.6791,-83.56671,Costa Rica,GABI,AOTW_Ponerinae_Occ_22,CRI,valid
Pseudoponera_succedanea,8.6791,-83.56671,Costa Rica,GABI,AOTW_Ponerinae_Occ_23,CRI,valid
Pseudoponera_succedanea,8.6791,-83.56671,Costa Rica,GABI,AOTW_Ponerinae_Occ_24,CRI,valid
Pseudoponera_succedanea,8.6791,-83.56671,Costa Rica,GABI,AOTW_Ponerinae_Occ_25,CRI,valid
Ponera_pennsylvanica,42.26167,-83.06917,Canada,GABI,AOTW_Ponerinae_Occ_26,CAN,valid
Ponera_pennsylvanica,45.87021,-82.54186,Canada,GABI,AOTW_Ponerinae_Occ_27,CAN,valid
Ponera_pennsylvanica,45.87021,-82.54186,Canada,GABI,AOTW_Ponerinae_Occ_28,CAN,valid
Ponera_pennsylvanica,45.87021,-82.54186,Canada,GABI,AOTW_Ponerinae_Occ_29,CAN,valid
Ponera_pennsylvanica,45.87021,-82.54186,Canada,GABI,AOTW_Ponerinae_Occ_30,CAN,valid
Ponera_pennsylvanica,42.23583,-83.08,Canada,GABI,AOTW_Ponerinae_Occ_31,CAN,valid
Ponera_pennsylvanica,42.26278,-83.07139,Canada,GABI,AOTW_Ponerinae_Occ_32,CAN,valid
Ponera_pennsylvanica,44.17639,-78.07361,Canada,GABI,AOTW_Ponerinae_Occ_33,CAN,valid
Ponera_pennsylvanica,42.6725,-80.49056,Canada,GABI,AOTW_Ponerinae_Occ_34,CAN,valid
Ponera_pennsylvanica,42.7077,-80.34139,Canada,GABI,AOTW_Ponerinae_Occ_35,CAN,valid
Ponera_pennsylvanica,44.12889,-77.98333,Canada,GABI,AOTW_Ponerinae_Occ_36,CAN,valid
Simopelta_oculata,10.23617,-84.11767,Costa Rica,GABI,AOTW_Ponerinae_Occ_37,CRI,valid
Simopelta_oculata,10.23617,-84.11767,Costa Rica,GABI,AOTW_Ponerinae_Occ_38,CRI,valid
Simopelta_oculata,10.33333,-84.06667,Costa Rica,GABI,AOTW_Ponerinae_Occ_39,CRI,valid
Simopelta_pergandei,10.35,-84.05,Costa Rica,GABI,AOTW_Ponerinae_Occ_40,CRI,valid
Simopelta_pergandei,10.33333,-84.06667,Costa Rica,GABI,AOTW_Ponerinae_Occ_41,CRI,valid
Simopelta_pergandei,10.33333,-84.06667,Costa Rica,GABI,AOTW_Ponerinae_Occ_42,CRI,valid
Leptogenys_elongata,31.00586,-99.58008,United States of America,GABI,AOTW_Ponerinae_Occ_43,USA,valid
Ponera_pennsylvanica,42.26147222,-70.87138889,United States of America,GABI,AOTW_Ponerinae_Occ_44,USA,valid
Odontomachus_clarus,30.15463,-99.36035,United States of America,GABI,AOTW_Ponerinae_Occ_45,USA,valid
Leptogenys_elongata,30.47235,-100.81055,United States of America,GABI,AOTW_Ponerinae_Occ_46,USA,valid
Leptogenys_elongata,29.72384,-99.06921,United States of America,GABI,AOTW_Ponerinae_Occ_47,USA,valid
Leptogenys_elongata,29.598119,-99.73999,United States of America,GABI,AOTW_Ponerinae_Occ_48,USA,valid
Ponera_pennsylvanica,42.26466667,-70.87338889,United States of America,GABI,AOTW_Ponerinae_Occ_49,USA,valid
Cryptopone_gilva,30.433332,-84.3,United States of America,GABI,AOTW_Ponerinae_Occ_50,USA,valid
Odontomachus_clarus,29.43242,-104.02405,United States of America,GABI,AOTW_Ponerinae_Occ_51,USA,valid
Odontomachus_clarus,28.74358,-100.34637,United States of America,GABI,AOTW_Ponerinae_Occ_52,USA,valid
Odontomachus_clarus,31.88333,-109.20667,United States of America,GABI,AOTW_Ponerinae_Occ_53,USA,valid
Thaumatomyrmex_atrox,8.6791,-83.56671,Costa Rica,GABI,AOTW_Ponerinae_Occ_54,CRI,valid
Thaumatomyrmex_ferox,10.99261,-85.42948,Costa Rica,GABI,AOTW_Ponerinae_Occ_55,CRI,valid
Thaumatomyrmex_ferox,10.59427,-83.71651,Costa Rica,GABI,AOTW_Ponerinae_Occ_56,CRI,valid
Thaumatomyrmex_ferox,10.59427,-83.71651,Costa Rica,GABI,AOTW_Ponerinae_Occ_57,CRI,valid
Neoponera_commutata,-11.55,-47.3167,Brazil,GABI,AOTW_Ponerinae_Occ_58,BRA,valid
Anochetus_africanus,-18.96625,34.35144,Mozambique,GABI,AOTW_Ponerinae_Occ_59,MOZ,valid
Anochetus_africanus,-18.98013889,34.35263889,Mozambique,GABI,AOTW_Ponerinae_Occ_60,MOZ,valid
Leptogenys_leiothorax,-18.64333333,34.81438889,Mozambique,GABI,AOTW_Ponerinae_Occ_61,MOZ,valid
Leptogenys_leiothorax,-19.0425,34.46261111,Mozambique,GABI,AOTW_Ponerinae_Occ_62,MOZ,valid
Mesoponera_ambigua,-18.92636,34.41894,Mozambique,GABI,AOTW_Ponerinae_Occ_63,MOZ,valid
Mesoponera_ambigua,-18.92636111,34.41894444,Mozambique,GABI,AOTW_Ponerinae_Occ_64,MOZ,valid
Odontomachus_troglodytes,-18.98527778,34.30733333,Mozambique,GABI,AOTW_Ponerinae_Occ_65,MOZ,valid
Odontomachus_troglodytes,-19.01533333,34.38219444,Mozambique,GABI,AOTW_Ponerinae_Occ_66,MOZ,valid
Ponera_pennsylvanica,40.13137,-88.14159,United States of America,GABI,AOTW_Ponerinae_Occ_67,USA,valid
Neoponera_apicalis,3.36917,-73.8681,Colombia,GABI,AOTW_Ponerinae_Occ_68,COL,valid
Neoponera_apicalis,4.31444,-72.0825,Colombia,GABI,AOTW_Ponerinae_Occ_69,COL,valid
Pachycondyla_crassinoda,3.35,-73.9333,Colombia,GABI,AOTW_Ponerinae_Occ_70,COL,valid
Pachycondyla_harpax,3.36917,-73.8681,Colombia,GABI,AOTW_Ponerinae_Occ_71,COL,valid
Neoponera_apicalis,3.93556,-76.68833,Colombia,GABI,AOTW_Ponerinae_Occ_72,COL,valid
Neoponera_apicalis,4.56667,-75.7,Colombia,GABI,AOTW_Ponerinae_Occ_73,COL,valid
Odontomachus_opaciventris,3.93556,-76.68833,Colombia,GABI,AOTW_Ponerinae_Occ_74,COL,valid
Neoponera_unidentata,5.71667,-77.26667,Colombia,GABI,AOTW_Ponerinae_Occ_75,COL,valid
Neoponera_apicalis,1.3,-78.0833,Colombia,GABI,AOTW_Ponerinae_Occ_76,COL,valid
Odontomachus_bauri,1.47,-78.6344,Colombia,GABI,AOTW_Ponerinae_Occ_77,COL,valid
Anochetus_vallensis,3.6,-76.06667,Colombia,GABI,AOTW_Ponerinae_Occ_78,COL,valid
Anochetus_vallensis,3.6,-76.06667,Colombia,GABI,AOTW_Ponerinae_Occ_79,COL,valid
Mayaponera_constricta,4.33333,-76.06667,Colombia,GABI,AOTW_Ponerinae_Occ_80,COL,valid
Mayaponera_constricta,4.33333,-76.06667,Colombia,GABI,AOTW_Ponerinae_Occ_81,COL,valid
Mayaponera_constricta,4.33333,-76.06667,Colombia,GABI,AOTW_Ponerinae_Occ_82,COL,valid
Mayaponera_constricta,4.33333,-76.06667,Colombia,GABI,AOTW_Ponerinae_Occ_83,COL,valid
Mayaponera_constricta,4.33333,-76.06667,Colombia,GABI,AOTW_Ponerinae_Occ_84,COL,valid
Mayaponera_constricta,4.33333,-76.06667,Colombia,GABI,AOTW_Ponerinae_Occ_85,COL,valid
Mayaponera_constricta,4.33333,-76.06667,Colombia,GABI,AOTW_Ponerinae_Occ_86,COL,valid
Mayaponera_constricta,3.81667,-76.31667,Colombia,GABI,AOTW_Ponerinae_Occ_87,COL,valid
Mayaponera_constricta,3.81667,-76.31667,Colombia,GABI,AOTW_Ponerinae_Occ_88,COL,valid
Mayaponera_constricta,3.7,-76.96667,Colombia,GABI,AOTW_Ponerinae_Occ_89,COL,valid
Neoponera_crenata,4.51667,-76.23333,Colombia,GABI,AOTW_Ponerinae_Occ_90,COL,valid
Neoponera_fauveli,3.43333,-76.66667,Colombia,GABI,AOTW_Ponerinae_Occ_91,COL,valid
Neoponera_obscuricornis,3.61667,-76.88333,Colombia,GABI,AOTW_Ponerinae_Occ_92,COL,valid
Neoponera_obscuricornis,3.7,-76.96667,Colombia,GABI,AOTW_Ponerinae_Occ_93,COL,valid
Neoponera_unidentata,4.16667,-77.25,Colombia,GABI,AOTW_Ponerinae_Occ_94,COL,valid
Odontomachus_bauri,3.5375,-76.52278,Colombia,GABI,AOTW_Ponerinae_Occ_95,COL,valid
Odontomachus_bauri,3.8933,-77.07,Colombia,GABI,AOTW_Ponerinae_Occ_96,COL,valid
Odontomachus_chelifer,4.16667,-77.25,Colombia,GABI,AOTW_Ponerinae_Occ_97,COL,valid
Odontomachus_erythrocephalus,3.43333,-76.8,Colombia,GABI,AOTW_Ponerinae_Occ_98,COL,valid
Odontomachus_erythrocephalus,3.26667,-76.61667,Colombia,GABI,AOTW_Ponerinae_Occ_99,COL,valid
Odontomachus_erythrocephalus,3.26667,-76.61667,Colombia,GABI,AOTW_Ponerinae_Occ_100,COL,valid
Odontomachus_hastatus,3.7,-76.96667,Colombia,GABI,AOTW_Ponerinae_Occ_101,COL,valid
Pseudoponera_stigma,3.6,-76.06667,Colombia,GABI,AOTW_Ponerinae_Occ_102,COL,valid
Pseudoponera_stigma,3.89333,-77.07,Colombia,GABI,AOTW_Ponerinae_Occ_103,COL,valid
Simopelta_williamsi,3.6,-76.06667,Colombia,GABI,AOTW_Ponerinae_Occ_104,COL,valid
Simopelta_williamsi,3.6,-76.06667,Colombia,GABI,AOTW_Ponerinae_Occ_105,COL,valid
Pseudoponera_stigma,-3.10194,-60.025,Brazil,GABI,AOTW_Ponerinae_Occ_106,BRA,valid
Mayaponera_constricta,-2.8997,-69.7444,Colombia,GABI,AOTW_Ponerinae_Occ_107,COL,valid
Mayaponera_constricta,-2.8997,-69.7444,Colombia,GABI,AOTW_Ponerinae_Occ_108,COL,valid
Neoponera_apicalis,-2.8997,-69.7444,Colombia,GABI,AOTW_Ponerinae_Occ_109,COL,valid
Neoponera_villosa,-2.8997,-69.7444,Colombia,GABI,AOTW_Ponerinae_Occ_110,COL,valid
Neoponera_verenae,-2.8997,-69.7444,Colombia,GABI,AOTW_Ponerinae_Occ_111,COL,valid
Odontomachus_hastatus,-2.8997,-69.7444,Colombia,GABI,AOTW_Ponerinae_Occ_112,COL,valid
Odontomachus_hastatus,-2.8997,-69.7444,Colombia,GABI,AOTW_Ponerinae_Occ_113,COL,valid
Odontomachus_meinerti,-2.8997,-69.7444,Colombia,GABI,AOTW_Ponerinae_Occ_114,COL,valid
Odontomachus_meinerti,-2.8997,-69.7444,Colombia,GABI,AOTW_Ponerinae_Occ_115,COL,valid
Odontomachus_meinerti,-2.8997,-69.7444,Colombia,GABI,AOTW_Ponerinae_Occ_116,COL,valid
Odontomachus_meinerti,-2.8997,-69.7444,Colombia,GABI,AOTW_Ponerinae_Occ_117,COL,valid
Pachycondyla_crassinoda,-2.8997,-69.7444,Colombia,GABI,AOTW_Ponerinae_Occ_118,COL,valid
Pachycondyla_crassinoda,-4.1794,-69.9498,Colombia,GABI,AOTW_Ponerinae_Occ_119,COL,valid
Pachycondyla_harpax,-2.8997,-69.7444,Colombia,GABI,AOTW_Ponerinae_Occ_120,COL,valid
Pachycondyla_harpax,-2.8997,-69.7444,Colombia,GABI,AOTW_Ponerinae_Occ_121,COL,valid
Odontomachus_meinerti,0.18,-72.6233,Colombia,GABI,AOTW_Ponerinae_Occ_122,COL,valid
Anochetus_horridus,-3.10194,-60.025,Brazil,GABI,AOTW_Ponerinae_Occ_123,BRA,valid
Odontomachus_meinerti,0.5,-77.2167,Colombia,GABI,AOTW_Ponerinae_Occ_124,COL,valid
Odontomachus_bradleyi,0.5,-77.2167,Colombia,GABI,AOTW_Ponerinae_Occ_125,COL,valid
Anochetus_diegensis,-1.672,-59.647833,Brazil,GABI,AOTW_Ponerinae_Occ_126,BRA,valid
Anochetus_emarginatus,-3.10194,-60.025,Brazil,GABI,AOTW_Ponerinae_Occ_127,BRA,valid
Anochetus_horridus,-3.10194,-60.025,Brazil,GABI,AOTW_Ponerinae_Occ_128,BRA,valid
Anochetus_mayri,-3.10194,-60.025,Brazil,GABI,AOTW_Ponerinae_Occ_129,BRA,valid
Anochetus_mayri,-3.10194,-60.025,Brazil,GABI,AOTW_Ponerinae_Occ_130,BRA,valid
Anochetus_mayri,-3.10194,-60.025,Brazil,GABI,AOTW_Ponerinae_Occ_131,BRA,valid
Anochetus_mayri,-2.566667,-60.1,Brazil,GABI,AOTW_Ponerinae_Occ_132,BRA,valid
Centromyrmex_brachycola,-3.10194,-60.025,Brazil,GABI,AOTW_Ponerinae_Occ_133,BRA,valid
Hypoponera_distinguenda,-3.10194,-60.025,Brazil,GABI,AOTW_Ponerinae_Occ_134,BRA,valid
Hypoponera_opaciceps,-1.9095,-59.449,Brazil,GABI,AOTW_Ponerinae_Occ_135,BRA,valid
Mayaponera_constricta,-2.566667,-60.1,Brazil,GABI,AOTW_Ponerinae_Occ_136,BRA,valid
Neoponera_apicalis,-2.3,-64.65,Brazil,GABI,AOTW_Ponerinae_Occ_137,BRA,valid
Neoponera_apicalis,-1.9095,-59.449,Brazil,GABI,AOTW_Ponerinae_Occ_138,BRA,valid
Neoponera_commutata,-3.1133,-60.0253,Brazil,GABI,AOTW_Ponerinae_Occ_139,BRA,valid
Neoponera_commutata,-0.1333,-67.0833,Brazil,GABI,AOTW_Ponerinae_Occ_140,BRA,valid
Neoponera_commutata,-3.10194,-60.025,Brazil,GABI,AOTW_Ponerinae_Occ_141,BRA,valid
Neoponera_commutata,-3.10194,-60.025,Brazil,GABI,AOTW_Ponerinae_Occ_142,BRA,valid
Neoponera_commutata,-3.10194,-60.025,Brazil,GABI,AOTW_Ponerinae_Occ_143,BRA,valid
Neoponera_commutata,-3.10194,-60.025,Brazil,GABI,AOTW_Ponerinae_Occ_144,BRA,valid
Neoponera_commutata,-3.10194,-60.025,Brazil,GABI,AOTW_Ponerinae_Occ_145,BRA,valid
Neoponera_commutata,-3.10194,-60.025,Brazil,GABI,AOTW_Ponerinae_Occ_146,BRA,valid
Neoponera_commutata,-3.10194,-60.025,Brazil,GABI,AOTW_Ponerinae_Occ_147,BRA,valid
Neoponera_commutata,-3.10194,-60.025,Brazil,GABI,AOTW_Ponerinae_Occ_148,BRA,valid
Neoponera_commutata,-3.10194,-60.025,Brazil,GABI,AOTW_Ponerinae_Occ_149,BRA,valid
Neoponera_crenata,-3.10194,-60.025,Brazil,GABI,AOTW_Ponerinae_Occ_150,BRA,valid
Neoponera_goeldii,-3.10194,-60.025,Brazil,GABI,AOTW_Ponerinae_Occ_151,BRA,valid
Odontomachus_brunneus,-2.03444,-60.025,Brazil,GABI,AOTW_Ponerinae_Occ_152,BRA,valid
Neoponera_obscuricornis,-2.633333,-60.15,Brazil,GABI,AOTW_Ponerinae_Occ_153,BRA,valid
Pachycondyla_crassinoda,-3.10194,-60.025,Brazil,GABI,AOTW_Ponerinae_Occ_154,BRA,valid
Neoponera_unidentata,-3.10194,-60.025,Brazil,GABI,AOTW_Ponerinae_Occ_155,BRA,valid
Neoponera_unidentata,-3.10194,-60.025,Brazil,GABI,AOTW_Ponerinae_Occ_156,BRA,valid
Neoponera_villosa,-3.10194,-60.025,Brazil,GABI,AOTW_Ponerinae_Occ_157,BRA,valid
Neoponera_villosa,-3.10194,-60.025,Brazil,GABI,AOTW_Ponerinae_Occ_158,BRA,valid
Pachycondyla_harpax,-3.10194,-60.025,Brazil,GABI,AOTW_Ponerinae_Occ_159,BRA,valid
Neoponera_villosa,-3.10194,-60.025,Brazil,GABI,AOTW_Ponerinae_Occ_160,BRA,valid
Neoponera_villosa,-3.10194,-60.025,Brazil,GABI,AOTW_Ponerinae_Occ_161,BRA,valid
Odontomachus_brunneus,-2.916667,-59.983333,Brazil,GABI,AOTW_Ponerinae_Occ_162,BRA,valid
Odontomachus_caelatus,-3.10194,-60.025,Brazil,GABI,AOTW_Ponerinae_Occ_163,BRA,valid
Pachycondyla_harpax,-3.10194,-60.025,Brazil,GABI,AOTW_Ponerinae_Occ_164,BRA,valid
Odontomachus_haematodus,-3.10194,-60.025,Brazil,GABI,AOTW_Ponerinae_Occ_165,BRA,valid
Odontomachus_haematodus,-3.10194,-60.025,Brazil,GABI,AOTW_Ponerinae_Occ_166,BRA,valid
Odontomachus_hastatus,-3.10194,-60.025,Brazil,GABI,AOTW_Ponerinae_Occ_167,BRA,valid
Pachycondyla_crassinoda,-3.10194,-60.025,Brazil,GABI,AOTW_Ponerinae_Occ_168,BRA,valid
Pachycondyla_crassinoda,-3.10194,-60.025,Brazil,GABI,AOTW_Ponerinae_Occ_169,BRA,valid
Pachycondyla_crassinoda,-3.10194,-60.025,Brazil,GABI,AOTW_Ponerinae_Occ_170,BRA,valid
Pachycondyla_crassinoda,-3.10194,-60.025,Brazil,GABI,AOTW_Ponerinae_Occ_171,BRA,valid
Pachycondyla_crassinoda,-1.983333,-61.75,Brazil,GABI,AOTW_Ponerinae_Occ_172,BRA,valid
Pachycondyla_crassinoda,-1.9095,-59.449,Brazil,GABI,AOTW_Ponerinae_Occ_173,BRA,valid
Pachycondyla_crassinoda,-3.10194,-60.025,Brazil,GABI,AOTW_Ponerinae_Occ_174,BRA,valid
Pachycondyla_crassinoda,-1.733333,-51.5,Brazil,GABI,AOTW_Ponerinae_Occ_175,BRA,valid
Pachycondyla_harpax,-2.566667,-60.1,Brazil,GABI,AOTW_Ponerinae_Occ_176,BRA,valid
Pachycondyla_harpax,-2.566667,-60.1,Brazil,GABI,AOTW_Ponerinae_Occ_177,BRA,valid
Platythyrea_angusta,-3.25,-59.966667,Brazil,GABI,AOTW_Ponerinae_Occ_178,BRA,valid
Pseudoponera_stigma,-3.10194,-60.025,Brazil,GABI,AOTW_Ponerinae_Occ_179,BRA,valid
Neoponera_commutata,-8.25778,-49.2647,Brazil,GABI,AOTW_Ponerinae_Occ_180,BRA,valid
Mayaponera_constricta,6.045,-74.9967,Colombia,GABI,AOTW_Ponerinae_Occ_181,COL,valid
Neoponera_apicalis,6.045,-74.9967,Colombia,GABI,AOTW_Ponerinae_Occ_182,COL,valid
Neoponera_apicalis,6.045,-74.9967,Colombia,GABI,AOTW_Ponerinae_Occ_183,COL,valid
Neoponera_verenae,6.045,-74.9967,Colombia,GABI,AOTW_Ponerinae_Occ_184,COL,valid
Odontomachus_bauri,6.045,-74.9967,Colombia,GABI,AOTW_Ponerinae_Occ_185,COL,valid
Odontomachus_erythrocephalus,6.045,-74.9966,Colombia,GABI,AOTW_Ponerinae_Occ_186,COL,valid
Odontomachus_mormo,6.045,-74.9967,Colombia,GABI,AOTW_Ponerinae_Occ_187,COL,valid
Odontomachus_ruginodis,5.7122,-75.3139,Colombia,GABI,AOTW_Ponerinae_Occ_188,COL,valid
Pseudoponera_stigma,6.045,-74.9967,Colombia,GABI,AOTW_Ponerinae_Occ_189,COL,valid
Neoponera_apicalis,4.86667,-73.25,Colombia,GABI,AOTW_Ponerinae_Occ_190,COL,valid
Dinoponera_quadriceps,-14.7856,-39.2803,Brazil,GABI,AOTW_Ponerinae_Occ_191,BRA,valid
Neoponera_apicalis,4.86667,-73.25,Colombia,GABI,AOTW_Ponerinae_Occ_192,COL,valid
Odontomachus_bauri,5.2941,-72.7061,Colombia,GABI,AOTW_Ponerinae_Occ_193,COL,valid
Odontomachus_bauri,5.5897,-74.5897,Colombia,GABI,AOTW_Ponerinae_Occ_194,COL,valid
Odontomachus_bauri,5.9783,-74.5897,Colombia,GABI,AOTW_Ponerinae_Occ_195,COL,valid
Odontomachus_bauri,5.9783,-74.5897,Colombia,GABI,AOTW_Ponerinae_Occ_196,COL,valid
Odontomachus_erythrocephalus,5.94,-73.5169,Colombia,GABI,AOTW_Ponerinae_Occ_197,COL,valid
Odontomachus_erythrocephalus,5.94,-73.5169,Colombia,GABI,AOTW_Ponerinae_Occ_198,COL,valid
Odontomachus_erythrocephalus,5.94,-73.5169,Colombia,GABI,AOTW_Ponerinae_Occ_199,COL,valid
Pachycondyla_crassinoda,4.86667,-73.25,Colombia,GABI,AOTW_Ponerinae_Occ_200,COL,valid
Pachycondyla_crassinoda,4.91667,-73.2667,Colombia,GABI,AOTW_Ponerinae_Occ_201,COL,valid
Pachycondyla_harpax,4.91667,-73.2667,Colombia,GABI,AOTW_Ponerinae_Occ_202,COL,valid
Pachycondyla_harpax,4.91667,-73.2667,Colombia,GABI,AOTW_Ponerinae_Occ_203,COL,valid
Pachycondyla_impressa,5.97833,-74.5897,Colombia,GABI,AOTW_Ponerinae_Occ_204,COL,valid
Pseudoponera_stigma,5.97833,-74.5897,Colombia,GABI,AOTW_Ponerinae_Occ_205,COL,valid
Neoponera_chyzeri,5.61472,-75.46,Colombia,GABI,AOTW_Ponerinae_Occ_206,COL,valid
Neoponera_carbonaria,5.61472,-75.46,Colombia,GABI,AOTW_Ponerinae_Occ_207,COL,valid
Neoponera_verenae,7.44028,-77.1181,Colombia,GABI,AOTW_Ponerinae_Occ_208,COL,valid
Odontomachus_bauri,5.4158,-74.9958,Colombia,GABI,AOTW_Ponerinae_Occ_209,COL,valid
Neoponera_apicalis,4.74806,-73.5369,Colombia,GABI,AOTW_Ponerinae_Occ_210,COL,valid
Neoponera_apicalis,4.74806,-73.5369,Colombia,GABI,AOTW_Ponerinae_Occ_211,COL,valid
Neoponera_villosa,4.37889,-73.2214,Colombia,GABI,AOTW_Ponerinae_Occ_212,COL,valid
Pachycondyla_crassinoda,4.51472,-73.3547,Colombia,GABI,AOTW_Ponerinae_Occ_213,COL,valid
Pachycondyla_crassinoda,4.51472,-73.3547,Colombia,GABI,AOTW_Ponerinae_Occ_214,COL,valid
Pachycondyla_impressa,4.30306,-74.8011,Colombia,GABI,AOTW_Ponerinae_Occ_215,COL,valid
Pseudoponera_stigma,4.74806,-73.5369,Colombia,GABI,AOTW_Ponerinae_Occ_216,COL,valid
Neoponera_carbonaria,2.39417,-75.8947,Colombia,GABI,AOTW_Ponerinae_Occ_217,COL,valid
Neoponera_carbonaria,2.39417,-75.8947,Colombia,GABI,AOTW_Ponerinae_Occ_218,COL,valid
Dinoponera_quadriceps,-14.7856,-39.2803,Brazil,GABI,AOTW_Ponerinae_Occ_219,BRA,valid
Dinoponera_quadriceps,-14.7856,-39.2803,Brazil,GABI,AOTW_Ponerinae_Occ_220,BRA,valid
Anochetus_mayri,4.15,-75.16667,Colombia,GABI,AOTW_Ponerinae_Occ_221,COL,valid
Mayaponera_constricta,4.79217,-75.7311,Colombia,GABI,AOTW_Ponerinae_Occ_222,COL,valid
Mayaponera_constricta,4.79217,-75.7311,Colombia,GABI,AOTW_Ponerinae_Occ_223,COL,valid
Mayaponera_constricta,4.79217,-75.7311,Colombia,GABI,AOTW_Ponerinae_Occ_224,COL,valid
Odontomachus_chelifer,4.79217,-75.7311,Colombia,GABI,AOTW_Ponerinae_Occ_225,COL,valid
Mayaponera_constricta,4.79217,-75.7311,Colombia,GABI,AOTW_Ponerinae_Occ_226,COL,valid
Mayaponera_constricta,4.8575,-75.8803,Colombia,GABI,AOTW_Ponerinae_Occ_227,COL,valid
Mayaponera_constricta,4.8575,-75.8803,Colombia,GABI,AOTW_Ponerinae_Occ_228,COL,valid
Mayaponera_constricta,4.8575,-75.8803,Colombia,GABI,AOTW_Ponerinae_Occ_229,COL,valid
Mayaponera_constricta,4.8575,-75.8803,Colombia,GABI,AOTW_Ponerinae_Occ_230,COL,valid
Mayaponera_constricta,4.8575,-75.8803,Colombia,GABI,AOTW_Ponerinae_Occ_231,COL,valid
Mayaponera_constricta,5.23833,-76.0364,Colombia,GABI,AOTW_Ponerinae_Occ_232,COL,valid
Neoponera_obscuricornis,4.79217,-75.7311,Colombia,GABI,AOTW_Ponerinae_Occ_233,COL,valid
Neoponera_apicalis,4.7756,-75.7467,Colombia,GABI,AOTW_Ponerinae_Occ_234,COL,valid
Neoponera_apicalis,4.16667,-75.1,Colombia,GABI,AOTW_Ponerinae_Occ_235,COL,valid
Neoponera_apicalis,4.16667,-75.1,Colombia,GABI,AOTW_Ponerinae_Occ_236,COL,valid
Neoponera_apicalis,4.79217,-75.7311,Colombia,GABI,AOTW_Ponerinae_Occ_237,COL,valid
Neoponera_apicalis,5.23833,-76.0364,Colombia,GABI,AOTW_Ponerinae_Occ_238,COL,valid
Neoponera_chyzeri,5.23833,-76.0364,Colombia,GABI,AOTW_Ponerinae_Occ_239,COL,valid
Neoponera_crenata,5.13333,-75.95,Colombia,GABI,AOTW_Ponerinae_Occ_240,COL,valid
Neoponera_fauveli,4.79217,-75.7311,Colombia,GABI,AOTW_Ponerinae_Occ_241,COL,valid
Neoponera_fauveli,5.23833,-76.0364,Colombia,GABI,AOTW_Ponerinae_Occ_242,COL,valid
Neoponera_inversa,5.23833,-76.0364,Colombia,GABI,AOTW_Ponerinae_Occ_243,COL,valid
Neoponera_obscuricornis,4.79217,-75.7311,Colombia,GABI,AOTW_Ponerinae_Occ_244,COL,valid
Neoponera_obscuricornis,4.79217,-75.7311,Colombia,GABI,AOTW_Ponerinae_Occ_245,COL,valid
Neoponera_striatinodis,4.79217,-75.7311,Colombia,GABI,AOTW_Ponerinae_Occ_246,COL,valid
Neoponera_verenae,5.29944,-75.8869,Colombia,GABI,AOTW_Ponerinae_Occ_247,COL,valid
Neoponera_theresiae,5.29944,-75.8869,Colombia,GABI,AOTW_Ponerinae_Occ_248,COL,valid
Neoponera_unidentata,4.79217,-75.7311,Colombia,GABI,AOTW_Ponerinae_Occ_249,COL,valid
Neoponera_unidentata,4.16667,-75.1,Colombia,GABI,AOTW_Ponerinae_Occ_250,COL,valid
Neoponera_unidentata,4.16667,-75.1,Colombia,GABI,AOTW_Ponerinae_Occ_251,COL,valid
Neoponera_unidentata,4.16667,-75.1,Colombia,GABI,AOTW_Ponerinae_Occ_252,COL,valid
Neoponera_unidentata,4.16667,-75.1,Colombia,GABI,AOTW_Ponerinae_Occ_253,COL,valid
Neoponera_unidentata,4.16667,-75.1,Colombia,GABI,AOTW_Ponerinae_Occ_254,COL,valid
Neoponera_unidentata,5.29944,-75.8869,Colombia,GABI,AOTW_Ponerinae_Occ_255,COL,valid
Neoponera_unidentata,5.29944,-75.8869,Colombia,GABI,AOTW_Ponerinae_Occ_256,COL,valid
Neoponera_unidentata,5.29944,-75.8869,Colombia,GABI,AOTW_Ponerinae_Occ_257,COL,valid
Neoponera_unidentata,5.29944,-75.8869,Colombia,GABI,AOTW_Ponerinae_Occ_258,COL,valid
Neoponera_unidentata,4.79217,-75.7311,Colombia,GABI,AOTW_Ponerinae_Occ_259,COL,valid
Neoponera_verenae,5.29944,-75.8869,Colombia,GABI,AOTW_Ponerinae_Occ_260,COL,valid
Neoponera_verenae,5.29944,-75.8869,Colombia,GABI,AOTW_Ponerinae_Occ_261,COL,valid
Neoponera_verenae,4.79217,-75.7311,Colombia,GABI,AOTW_Ponerinae_Occ_262,COL,valid
Neoponera_verenae,5.23833,-76.0364,Colombia,GABI,AOTW_Ponerinae_Occ_263,COL,valid
Neoponera_verenae,5.23833,-76.0364,Colombia,GABI,AOTW_Ponerinae_Occ_264,COL,valid
Neoponera_verenae,5.23833,-76.0364,Colombia,GABI,AOTW_Ponerinae_Occ_265,COL,valid
Neoponera_verenae,5.23833,-76.0364,Colombia,GABI,AOTW_Ponerinae_Occ_266,COL,valid
Neoponera_verenae,5.23833,-76.0364,Colombia,GABI,AOTW_Ponerinae_Occ_267,COL,valid
Neoponera_villosa,5.29944,-75.8869,Colombia,GABI,AOTW_Ponerinae_Occ_268,COL,valid
Neoponera_villosa,5.29944,-75.8869,Colombia,GABI,AOTW_Ponerinae_Occ_269,COL,valid
Neoponera_villosa,5.23833,-76.0364,Colombia,GABI,AOTW_Ponerinae_Occ_270,COL,valid
Neoponera_villosa,5.23833,-76.0364,Colombia,GABI,AOTW_Ponerinae_Occ_271,COL,valid
Odontomachus_bauri,4.79217,-75.7311,Colombia,GABI,AOTW_Ponerinae_Occ_272,COL,valid
Odontomachus_bauri,4.79217,-75.7311,Colombia,GABI,AOTW_Ponerinae_Occ_273,COL,valid
Odontomachus_bauri,4.79217,-75.7311,Colombia,GABI,AOTW_Ponerinae_Occ_274,COL,valid
Odontomachus_bauri,4.79217,-75.7311,Colombia,GABI,AOTW_Ponerinae_Occ_275,COL,valid
Odontomachus_bauri,4.79217,-75.7311,Colombia,GABI,AOTW_Ponerinae_Occ_276,COL,valid
Odontomachus_chelifer,4.79217,-75.7311,Colombia,GABI,AOTW_Ponerinae_Occ_277,COL,valid
Odontomachus_chelifer,4.79217,-75.7311,Colombia,GABI,AOTW_Ponerinae_Occ_278,COL,valid
Odontomachus_chelifer,4.79217,-75.7311,Colombia,GABI,AOTW_Ponerinae_Occ_279,COL,valid
Odontomachus_chelifer,4.79217,-75.7311,Colombia,GABI,AOTW_Ponerinae_Occ_280,COL,valid
Odontomachus_erythrocephalus,5.2994,-75.8869,Colombia,GABI,AOTW_Ponerinae_Occ_281,COL,valid
Odontomachus_erythrocephalus,5.29944,-75.8869,Colombia,GABI,AOTW_Ponerinae_Occ_282,COL,valid
Odontomachus_erythrocephalus,5.2994,-75.8869,Colombia,GABI,AOTW_Ponerinae_Occ_283,COL,valid
Pachycondyla_harpax,5.23833,-76.3531,Colombia,GABI,AOTW_Ponerinae_Occ_284,COL,valid
Pachycondyla_harpax,5.23833,-76.0364,Colombia,GABI,AOTW_Ponerinae_Occ_285,COL,valid
Pachycondyla_harpax,5.23833,-76.0364,Colombia,GABI,AOTW_Ponerinae_Occ_286,COL,valid
Pachycondyla_impressa,4.79217,-75.7311,Colombia,GABI,AOTW_Ponerinae_Occ_287,COL,valid
Pachycondyla_impressa,4.79217,-75.7311,Colombia,GABI,AOTW_Ponerinae_Occ_288,COL,valid
Pachycondyla_impressa,4.79217,-75.7311,Colombia,GABI,AOTW_Ponerinae_Occ_289,COL,valid
Pachycondyla_impressa,4.79217,-75.7311,Colombia,GABI,AOTW_Ponerinae_Occ_290,COL,valid
Pachycondyla_impressa,4.79217,-75.7311,Colombia,GABI,AOTW_Ponerinae_Occ_291,COL,valid
Pachycondyla_impressa,4.16667,-75.1,Colombia,GABI,AOTW_Ponerinae_Occ_292,COL,valid
Pachycondyla_impressa,4.16667,-75.1,Colombia,GABI,AOTW_Ponerinae_Occ_293,COL,valid
Pachycondyla_impressa,4.79217,-75.7311,Colombia,GABI,AOTW_Ponerinae_Occ_294,COL,valid
Pachycondyla_impressa,4.79217,-75.7311,Colombia,GABI,AOTW_Ponerinae_Occ_295,COL,valid
Pachycondyla_impressa,4.8575,-75.8803,Colombia,GABI,AOTW_Ponerinae_Occ_296,COL,valid
Pachycondyla_impressa,5.23833,-76.0364,Colombia,GABI,AOTW_Ponerinae_Occ_297,COL,valid
Pachycondyla_impressa,5.23833,-76.0364,Colombia,GABI,AOTW_Ponerinae_Occ_298,COL,valid
Pachycondyla_impressa,5.23833,-76.0364,Colombia,GABI,AOTW_Ponerinae_Occ_299,COL,valid
Dinoponera_quadriceps,-14.7856,-39.2803,Brazil,GABI,AOTW_Ponerinae_Occ_300,BRA,valid
Pseudoponera_stigma,4.79217,-75.7311,Colombia,GABI,AOTW_Ponerinae_Occ_301,COL,valid
Pseudoponera_stigma,4.79217,-75.7311,Colombia,GABI,AOTW_Ponerinae_Occ_302,COL,valid
Pseudoponera_stigma,4.16667,-75.1,Colombia,GABI,AOTW_Ponerinae_Occ_303,COL,valid
Simopelta_williamsi,5.13333,-75.95,Colombia,GABI,AOTW_Ponerinae_Occ_304,COL,valid
Dinoponera_quadriceps,-14.7856,-39.2803,Brazil,GABI,AOTW_Ponerinae_Occ_305,BRA,valid
Dinoponera_quadriceps,-14.7856,-39.2803,Brazil,GABI,AOTW_Ponerinae_Occ_306,BRA,valid
Odontomachus_chelifer,7.0702,-73.0925,Colombia,GABI,AOTW_Ponerinae_Occ_307,COL,valid
Odontomachus_chelifer,7.0702,-73.0925,Colombia,GABI,AOTW_Ponerinae_Occ_308,COL,valid
Odontomachus_erythrocephalus,6.98,-73.05,Colombia,GABI,AOTW_Ponerinae_Occ_309,COL,valid
Odontomachus_erythrocephalus,6.9897,-73.0538,Colombia,GABI,AOTW_Ponerinae_Occ_310,COL,valid
Odontomachus_erythrocephalus,4.06333,-74.6955,Colombia,GABI,AOTW_Ponerinae_Occ_311,COL,valid
Odontomachus_erythrocephalus,4.06,-74.7,Colombia,GABI,AOTW_Ponerinae_Occ_312,COL,valid
Odontomachus_erythrocephalus,4.06,-74.7,Colombia,GABI,AOTW_Ponerinae_Occ_313,COL,valid
Odontomachus_erythrocephalus,4.06333,-74.6955,Colombia,GABI,AOTW_Ponerinae_Occ_314,COL,valid
Odontomachus_erythrocephalus,4.06333,-74.6955,Colombia,GABI,AOTW_Ponerinae_Occ_315,COL,valid
Odontomachus_erythrocephalus,4.06333,-74.6955,Colombia,GABI,AOTW_Ponerinae_Occ_316,COL,valid
Odontomachus_erythrocephalus,4.06333,-74.6955,Colombia,GABI,AOTW_Ponerinae_Occ_317,COL,valid
Neoponera_apicalis,-13.0167,-40.0167,Brazil,GABI,AOTW_Ponerinae_Occ_318,BRA,valid
Odontomachus_erythrocephalus,4.06333,-74.6955,Colombia,GABI,AOTW_Ponerinae_Occ_319,COL,valid
Odontomachus_erythrocephalus,4.06,-74.7,Colombia,GABI,AOTW_Ponerinae_Occ_320,COL,valid
Odontomachus_erythrocephalus,4.06,-74.7,Colombia,GABI,AOTW_Ponerinae_Occ_321,COL,valid
Odontomachus_erythrocephalus,4.06,-74.7,Colombia,GABI,AOTW_Ponerinae_Occ_322,COL,valid
Odontomachus_erythrocephalus,4.0633,-74.6955,Colombia,GABI,AOTW_Ponerinae_Occ_323,COL,valid
Odontomachus_erythrocephalus,4.06333,-74.6955,Colombia,GABI,AOTW_Ponerinae_Occ_324,COL,valid
Odontomachus_erythrocephalus,4.06333,-74.6955,Colombia,GABI,AOTW_Ponerinae_Occ_325,COL,valid
Odontomachus_erythrocephalus,4.06333,-74.6955,Colombia,GABI,AOTW_Ponerinae_Occ_326,COL,valid
Odontomachus_erythrocephalus,4.06333,-74.6955,Colombia,GABI,AOTW_Ponerinae_Occ_327,COL,valid
Odontomachus_opaciventris,4.1802,-74.5362,Colombia,GABI,AOTW_Ponerinae_Occ_328,COL,valid
Pachycondyla_harpax,4.18028,-74.5361,Colombia,GABI,AOTW_Ponerinae_Occ_329,COL,valid
Pachycondyla_harpax,4.18028,-74.5361,Colombia,GABI,AOTW_Ponerinae_Occ_330,COL,valid
Pachycondyla_impressa,4.18028,-74.5361,Colombia,GABI,AOTW_Ponerinae_Occ_331,COL,valid
Platythyrea_pilosula,4.18028,-74.5361,Colombia,GABI,AOTW_Ponerinae_Occ_332,COL,valid
Dinoponera_quadriceps,-14.7856,-39.2803,Brazil,GABI,AOTW_Ponerinae_Occ_333,BRA,valid
Dinoponera_quadriceps,-14.7856,-39.2803,Brazil,GABI,AOTW_Ponerinae_Occ_334,BRA,valid
Dinoponera_quadriceps,-14.7856,-39.2803,Brazil,GABI,AOTW_Ponerinae_Occ_335,BRA,valid
Dinoponera_quadriceps,-14.7856,-39.2803,Brazil,GABI,AOTW_Ponerinae_Occ_336,BRA,valid
Dinoponera_quadriceps,-14.7856,-39.2803,Brazil,GABI,AOTW_Ponerinae_Occ_337,BRA,valid
Dinoponera_quadriceps,-14.7856,-39.2803,Brazil,GABI,AOTW_Ponerinae_Occ_338,BRA,valid
Dinoponera_quadriceps,-14.7856,-39.2803,Brazil,GABI,AOTW_Ponerinae_Occ_339,BRA,valid
Dinoponera_quadriceps,-14.7856,-39.2803,Brazil,GABI,AOTW_Ponerinae_Occ_340,BRA,valid
Dinoponera_quadriceps,-14.7856,-39.2803,Brazil,GABI,AOTW_Ponerinae_Occ_341,BRA,valid
Dinoponera_quadriceps,-14.7856,-39.2803,Brazil,GABI,AOTW_Ponerinae_Occ_342,BRA,valid
Neoponera_villosa,-7.8667,-37.8667,Brazil,GABI,AOTW_Ponerinae_Occ_343,BRA,valid
Anochetus_mayri,10.59427,-83.71651,Costa Rica,GABI,AOTW_Ponerinae_Occ_344,CRI,valid
Anochetus_mayri,10.21953,-84.60076,Costa Rica,GABI,AOTW_Ponerinae_Occ_345,CRI,valid
Anochetus_micans,10.33333,-84.06667,Costa Rica,GABI,AOTW_Ponerinae_Occ_346,CRI,valid
Anochetus_striatulus,10.59427,-83.71651,Costa Rica,GABI,AOTW_Ponerinae_Occ_347,CRI,valid
Anochetus_striatulus,10.59427,-83.71651,Costa Rica,GABI,AOTW_Ponerinae_Occ_348,CRI,valid
Anochetus_striatulus,10.59427,-83.71651,Costa Rica,GABI,AOTW_Ponerinae_Occ_349,CRI,valid
Anochetus_striatulus,9.87554,-83.23837,Costa Rica,GABI,AOTW_Ponerinae_Occ_350,CRI,valid
Anochetus_striatulus,10.33333,-84.06667,Costa Rica,GABI,AOTW_Ponerinae_Occ_351,CRI,valid
Anochetus_striatulus,10.33333,-84.06667,Costa Rica,GABI,AOTW_Ponerinae_Occ_352,CRI,valid
Belonopelta_deletrix,10.23617,-84.11767,Costa Rica,GABI,AOTW_Ponerinae_Occ_353,CRI,valid
Centromyrmex_alfaroi,8.53482,-83.42667,Costa Rica,GABI,AOTW_Ponerinae_Occ_354,CRI,valid
Centromyrmex_alfaroi,10.59427,-83.71651,Costa Rica,GABI,AOTW_Ponerinae_Occ_355,CRI,valid
Centromyrmex_alfaroi,10.35,-84.05,Costa Rica,GABI,AOTW_Ponerinae_Occ_356,CRI,valid
Hypoponera_distinguenda,10.88674,-85.88645,Costa Rica,GABI,AOTW_Ponerinae_Occ_357,CRI,valid
Hypoponera_distinguenda,10.35,-84.05,Costa Rica,GABI,AOTW_Ponerinae_Occ_358,CRI,valid
Hypoponera_distinguenda,10.35,-84.05,Costa Rica,GABI,AOTW_Ponerinae_Occ_359,CRI,valid
Hypoponera_distinguenda,10.35,-84.05,Costa Rica,GABI,AOTW_Ponerinae_Occ_360,CRI,valid
Hypoponera_distinguenda,10.35,-84.05,Costa Rica,GABI,AOTW_Ponerinae_Occ_361,CRI,valid
Hypoponera_nitidula,10.35,-84.05,Costa Rica,GABI,AOTW_Ponerinae_Occ_362,CRI,valid
Hypoponera_nitidula,10.35,-84.05,Costa Rica,GABI,AOTW_Ponerinae_Occ_363,CRI,valid
Hypoponera_nitidula,10.35,-84.05,Costa Rica,GABI,AOTW_Ponerinae_Occ_364,CRI,valid
Hypoponera_nitidula,10.35,-84.05,Costa Rica,GABI,AOTW_Ponerinae_Occ_365,CRI,valid
Hypoponera_nitidula,10.35,-84.05,Costa Rica,GABI,AOTW_Ponerinae_Occ_366,CRI,valid
Hypoponera_nitidula,10.35,-84.05,Costa Rica,GABI,AOTW_Ponerinae_Occ_367,CRI,valid
Hypoponera_nitidula,10.33333,-84.06667,Costa Rica,GABI,AOTW_Ponerinae_Occ_368,CRI,valid
Hypoponera_nitidula,10.33333,-84.06667,Costa Rica,GABI,AOTW_Ponerinae_Occ_369,CRI,valid
Hypoponera_nitidula,10.33333,-84.06667,Costa Rica,GABI,AOTW_Ponerinae_Occ_370,CRI,valid
Hypoponera_parva,10.23617,-84.11767,Costa Rica,GABI,AOTW_Ponerinae_Occ_371,CRI,valid
Hypoponera_parva,10.23617,-84.11767,Costa Rica,GABI,AOTW_Ponerinae_Occ_372,CRI,valid
Hypoponera_parva,10.23617,-84.11767,Costa Rica,GABI,AOTW_Ponerinae_Occ_373,CRI,valid
Hypoponera_parva,10.23617,-84.11767,Costa Rica,GABI,AOTW_Ponerinae_Occ_374,CRI,valid
Hypoponera_parva,10.35,-84.05,Costa Rica,GABI,AOTW_Ponerinae_Occ_375,CRI,valid
Hypoponera_parva,10.35,-84.05,Costa Rica,GABI,AOTW_Ponerinae_Occ_376,CRI,valid
Hypoponera_parva,10.35,-84.05,Costa Rica,GABI,AOTW_Ponerinae_Occ_377,CRI,valid
Hypoponera_parva,10.33333,-84.06667,Costa Rica,GABI,AOTW_Ponerinae_Occ_378,CRI,valid
Hypoponera_parva,10.33333,-84.06667,Costa Rica,GABI,AOTW_Ponerinae_Occ_379,CRI,valid
Ponera_pennsylvanica,40.1133,-88.2046,United States of America,GABI,AOTW_Ponerinae_Occ_380,USA,valid
Ponera_pennsylvanica,40.12623,-88.21306,United States of America,GABI,AOTW_Ponerinae_Occ_381,USA,valid
Leptogenys_famelica,9.97216,-83.6922,Costa Rica,GABI,AOTW_Ponerinae_Occ_382,CRI,valid
Leptogenys_josephi,10.35,-84.05,Costa Rica,GABI,AOTW_Ponerinae_Occ_383,CRI,valid
Leptogenys_montuosa,10.33333,-84.06667,Costa Rica,GABI,AOTW_Ponerinae_Occ_384,CRI,valid
Leptogenys_punctaticeps,10.59427,-83.71651,Costa Rica,GABI,AOTW_Ponerinae_Occ_385,CRI,valid
Leptogenys_punctaticeps,10.35,-84.05,Costa Rica,GABI,AOTW_Ponerinae_Occ_386,CRI,valid
Leptogenys_punctaticeps,10.35,-84.05,Costa Rica,GABI,AOTW_Ponerinae_Occ_387,CRI,valid
Leptogenys_punctaticeps,10.33333,-84.06667,Costa Rica,GABI,AOTW_Ponerinae_Occ_388,CRI,valid
Leptogenys_punctaticeps,8.48017,-83.59129,Costa Rica,GABI,AOTW_Ponerinae_Occ_389,CRI,valid
Leptogenys_pusilla,8.48017,-83.59129,Costa Rica,GABI,AOTW_Ponerinae_Occ_390,CRI,valid
Leptogenys_pusilla,8.6791,-83.56671,Costa Rica,GABI,AOTW_Ponerinae_Occ_391,CRI,valid
Leptogenys_pusilla,10.33333,-84.06667,Costa Rica,GABI,AOTW_Ponerinae_Occ_392,CRI,valid
Mayaponera_constricta,9.76745,-84.60812,Costa Rica,GABI,AOTW_Ponerinae_Occ_393,CRI,valid
Mayaponera_constricta,10.59427,-83.71651,Costa Rica,GABI,AOTW_Ponerinae_Occ_394,CRI,valid
Mayaponera_constricta,10.59427,-83.71651,Costa Rica,GABI,AOTW_Ponerinae_Occ_395,CRI,valid
Mayaponera_constricta,10.59427,-83.71651,Costa Rica,GABI,AOTW_Ponerinae_Occ_396,CRI,valid
Mayaponera_constricta,10.59427,-83.71651,Costa Rica,GABI,AOTW_Ponerinae_Occ_397,CRI,valid
Mayaponera_constricta,10.59427,-83.71651,Costa Rica,GABI,AOTW_Ponerinae_Occ_398,CRI,valid
Mayaponera_constricta,10.40126,-84.05023,Costa Rica,GABI,AOTW_Ponerinae_Occ_399,CRI,valid
Mayaponera_constricta,10.35,-84.05,Costa Rica,GABI,AOTW_Ponerinae_Occ_400,CRI,valid
Neoponera_unidentata,9.38773,-84.13281,Costa Rica,GABI,AOTW_Ponerinae_Occ_401,CRI,valid
Platythyrea_pilosula,10.35,-84.05,Costa Rica,GABI,AOTW_Ponerinae_Occ_402,CRI,valid
Platythyrea_pilosula,10.33333,-84.06667,Costa Rica,GABI,AOTW_Ponerinae_Occ_403,CRI,valid
Platythyrea_prizo,10.35,-84.05,Costa Rica,GABI,AOTW_Ponerinae_Occ_404,CRI,valid
Platythyrea_punctata,10.37854,-83.9466,Costa Rica,GABI,AOTW_Ponerinae_Occ_405,CRI,valid
Platythyrea_punctata,9.77423,-84.60812,Costa Rica,GABI,AOTW_Ponerinae_Occ_406,CRI,valid
Platythyrea_punctata,10.59427,-83.71651,Costa Rica,GABI,AOTW_Ponerinae_Occ_407,CRI,valid
Platythyrea_sinuata,8.94944,-82.83644,Costa Rica,GABI,AOTW_Ponerinae_Occ_408,CRI,valid
Pseudoponera_cognata,10.59427,-83.71651,Costa Rica,GABI,AOTW_Ponerinae_Occ_409,CRI,valid
Pseudoponera_cognata,10.35,-84.05,Costa Rica,GABI,AOTW_Ponerinae_Occ_410,CRI,valid
Pseudoponera_cognata,10.33333,-84.06667,Costa Rica,GABI,AOTW_Ponerinae_Occ_411,CRI,valid
Pseudoponera_cognata,10.33333,-84.06667,Costa Rica,GABI,AOTW_Ponerinae_Occ_412,CRI,valid
Pseudoponera_cognata,10.33333,-84.06667,Costa Rica,GABI,AOTW_Ponerinae_Occ_413,CRI,valid
Pseudoponera_cognata,10.33333,-84.06667,Costa Rica,GABI,AOTW_Ponerinae_Occ_414,CRI,valid
Pseudoponera_cognata,10.33333,-84.06667,Costa Rica,GABI,AOTW_Ponerinae_Occ_415,CRI,valid
Pseudoponera_stigma,8.48017,-83.59129,Costa Rica,GABI,AOTW_Ponerinae_Occ_416,CRI,valid
Pseudoponera_stigma,9.76745,-84.60812,Costa Rica,GABI,AOTW_Ponerinae_Occ_417,CRI,valid
Pseudoponera_stigma,9.76745,-84.60812,Costa Rica,GABI,AOTW_Ponerinae_Occ_418,CRI,valid
Pseudoponera_succedanea,8.6791,-83.56671,Costa Rica,GABI,AOTW_Ponerinae_Occ_419,CRI,valid
Pseudoponera_stigma,9.76745,-84.60812,Costa Rica,GABI,AOTW_Ponerinae_Occ_420,CRI,valid
Pseudoponera_stigma,8.6791,-83.56671,Costa Rica,GABI,AOTW_Ponerinae_Occ_421,CRI,valid
Pseudoponera_stigma,8.6791,-83.56671,Costa Rica,GABI,AOTW_Ponerinae_Occ_422,CRI,valid
Pseudoponera_stigma,10.53955,-83.50648,Costa Rica,GABI,AOTW_Ponerinae_Occ_423,CRI,valid
Pseudoponera_stigma,9.49707,-83.15257,Costa Rica,GABI,AOTW_Ponerinae_Occ_424,CRI,valid
Pseudoponera_stigma,10.40126,-84.05023,Costa Rica,GABI,AOTW_Ponerinae_Occ_425,CRI,valid
Pseudoponera_succedanea,10.35,-84.05,Costa Rica,GABI,AOTW_Ponerinae_Occ_426,CRI,valid
Pseudoponera_succedanea,8.89147,-82.79294,Costa Rica,GABI,AOTW_Ponerinae_Occ_427,CRI,valid
Pseudoponera_succedanea,8.6791,-83.56671,Costa Rica,GABI,AOTW_Ponerinae_Occ_428,CRI,valid
Pseudoponera_succedanea,9.76258,-83.78651,Costa Rica,GABI,AOTW_Ponerinae_Occ_429,CRI,valid
Simopelta_oculata,10.23617,-84.11767,Costa Rica,GABI,AOTW_Ponerinae_Occ_430,CRI,valid
Simopelta_oculata,10.23617,-84.11767,Costa Rica,GABI,AOTW_Ponerinae_Occ_431,CRI,valid
Simopelta_pergandei,10.35,-84.05,Costa Rica,GABI,AOTW_Ponerinae_Occ_432,CRI,valid
Thaumatomyrmex_ferox,10.99261,-85.42948,Costa Rica,GABI,AOTW_Ponerinae_Occ_433,CRI,valid
Thaumatomyrmex_ferox,10.59427,-83.71651,Costa Rica,GABI,AOTW_Ponerinae_Occ_434,CRI,valid
Centromyrmex_alfaroi,8.53482,-83.42667,Costa Rica,GABI,AOTW_Ponerinae_Occ_435,CRI,valid
Centromyrmex_alfaroi,8.53482,-83.42667,Costa Rica,GABI,AOTW_Ponerinae_Occ_436,CRI,valid
Centromyrmex_alfaroi,8.53661,-83.42551,Costa Rica,GABI,AOTW_Ponerinae_Occ_437,CRI,valid
Centromyrmex_alfaroi,8.53661,-83.42551,Costa Rica,GABI,AOTW_Ponerinae_Occ_438,CRI,valid
Centromyrmex_alfaroi,10.33333,-84.06667,Costa Rica,GABI,AOTW_Ponerinae_Occ_439,CRI,valid
Cryptopone_gilva,10.29843,-84.79254,Costa Rica,GABI,AOTW_Ponerinae_Occ_440,CRI,valid
Cryptopone_gilva,10.29843,-84.79254,Costa Rica,GABI,AOTW_Ponerinae_Occ_441,CRI,valid
Cryptopone_gilva,10.29843,-84.79254,Costa Rica,GABI,AOTW_Ponerinae_Occ_442,CRI,valid
Cryptopone_gilva,10.29843,-84.79254,Costa Rica,GABI,AOTW_Ponerinae_Occ_443,CRI,valid
Cryptopone_gilva,10.29843,-84.79254,Costa Rica,GABI,AOTW_Ponerinae_Occ_444,CRI,valid
Cryptopone_gilva,10.29798,-84.79254,Costa Rica,GABI,AOTW_Ponerinae_Occ_445,CRI,valid
Cryptopone_gilva,10.29798,-84.79254,Costa Rica,GABI,AOTW_Ponerinae_Occ_446,CRI,valid
Cryptopone_gilva,10.23617,-84.11767,Costa Rica,GABI,AOTW_Ponerinae_Occ_447,CRI,valid
Cryptopone_gilva,10.23617,-84.11767,Costa Rica,GABI,AOTW_Ponerinae_Occ_448,CRI,valid
Cryptopone_gilva,10.23617,-84.11767,Costa Rica,GABI,AOTW_Ponerinae_Occ_449,CRI,valid
Cryptopone_gilva,10.23617,-84.11767,Costa Rica,GABI,AOTW_Ponerinae_Occ_450,CRI,valid
Cryptopone_gilva,10.23617,-84.11767,Costa Rica,GABI,AOTW_Ponerinae_Occ_451,CRI,valid
Cryptopone_gilva,10.23617,-84.11767,Costa Rica,GABI,AOTW_Ponerinae_Occ_452,CRI,valid
Cryptopone_gilva,10.23617,-84.11767,Costa Rica,GABI,AOTW_Ponerinae_Occ_453,CRI,valid
Cryptopone_gilva,10.23617,-84.11767,Costa Rica,GABI,AOTW_Ponerinae_Occ_454,CRI,valid
Cryptopone_gilva,10.23617,-84.11767,Costa Rica,GABI,AOTW_Ponerinae_Occ_455,CRI,valid
Cryptopone_gilva,10.23617,-84.11767,Costa Rica,GABI,AOTW_Ponerinae_Occ_456,CRI,valid
Cryptopone_gilva,10.23617,-84.11767,Costa Rica,GABI,AOTW_Ponerinae_Occ_457,CRI,valid
Cryptopone_gilva,10.23617,-84.11767,Costa Rica,GABI,AOTW_Ponerinae_Occ_458,CRI,valid
Cryptopone_gilva,10.23617,-84.11767,Costa Rica,GABI,AOTW_Ponerinae_Occ_459,CRI,valid
Cryptopone_gilva,10.23617,-84.11767,Costa Rica,GABI,AOTW_Ponerinae_Occ_460,CRI,valid
Cryptopone_gilva,10.23617,-84.11767,Costa Rica,GABI,AOTW_Ponerinae_Occ_461,CRI,valid
Cryptopone_gilva,10.23617,-84.11767,Costa Rica,GABI,AOTW_Ponerinae_Occ_462,CRI,valid
Neoponera_aenescens,10.3043,-84.7962,Costa Rica,GABI,AOTW_Ponerinae_Occ_463,CRI,valid
Hypoponera_distinguenda,10.88674,-85.88645,Costa Rica,GABI,AOTW_Ponerinae_Occ_464,CRI,valid
Hypoponera_distinguenda,10.35,-84.05,Costa Rica,GABI,AOTW_Ponerinae_Occ_465,CRI,valid
Hypoponera_distinguenda,10.35,-84.05,Costa Rica,GABI,AOTW_Ponerinae_Occ_466,CRI,valid
Hypoponera_distinguenda,10.35,-84.05,Costa Rica,GABI,AOTW_Ponerinae_Occ_467,CRI,valid
Hypoponera_distinguenda,10.35,-84.05,Costa Rica,GABI,AOTW_Ponerinae_Occ_468,CRI,valid
Hypoponera_distinguenda,10.35,-84.05,Costa Rica,GABI,AOTW_Ponerinae_Occ_469,CRI,valid
Hypoponera_nitidula,10.35,-84.05,Costa Rica,GABI,AOTW_Ponerinae_Occ_470,CRI,valid
Hypoponera_nitidula,10.35,-84.05,Costa Rica,GABI,AOTW_Ponerinae_Occ_471,CRI,valid
Hypoponera_nitidula,10.35,-84.05,Costa Rica,GABI,AOTW_Ponerinae_Occ_472,CRI,valid
Hypoponera_nitidula,10.33333,-84.06667,Costa Rica,GABI,AOTW_Ponerinae_Occ_473,CRI,valid
Hypoponera_nitidula,10.33333,-84.06667,Costa Rica,GABI,AOTW_Ponerinae_Occ_474,CRI,valid
Hypoponera_nitidula,10.33333,-84.06667,Costa Rica,GABI,AOTW_Ponerinae_Occ_475,CRI,valid
Hypoponera_nitidula,10.33333,-84.06667,Costa Rica,GABI,AOTW_Ponerinae_Occ_476,CRI,valid
Hypoponera_parva,10.23617,-84.11767,Costa Rica,GABI,AOTW_Ponerinae_Occ_477,CRI,valid
Hypoponera_parva,10.23617,-84.11767,Costa Rica,GABI,AOTW_Ponerinae_Occ_478,CRI,valid
Hypoponera_parva,10.23617,-84.11767,Costa Rica,GABI,AOTW_Ponerinae_Occ_479,CRI,valid
Hypoponera_parva,10.23617,-84.11767,Costa Rica,GABI,AOTW_Ponerinae_Occ_480,CRI,valid
Hypoponera_parva,10.23617,-84.11767,Costa Rica,GABI,AOTW_Ponerinae_Occ_481,CRI,valid
Hypoponera_parva,10.23617,-84.11767,Costa Rica,GABI,AOTW_Ponerinae_Occ_482,CRI,valid
Hypoponera_parva,10.35,-84.05,Costa Rica,GABI,AOTW_Ponerinae_Occ_483,CRI,valid
Hypoponera_parva,10.33333,-84.06667,Costa Rica,GABI,AOTW_Ponerinae_Occ_484,CRI,valid
Leptogenys_imperatrix,10.93008,-85.47042,Costa Rica,GABI,AOTW_Ponerinae_Occ_485,CRI,valid
Leptogenys_punctaticeps,10.33333,-84.06667,Costa Rica,GABI,AOTW_Ponerinae_Occ_486,CRI,valid
Mayaponera_constricta,10.59427,-83.71651,Costa Rica,GABI,AOTW_Ponerinae_Occ_487,CRI,valid
Mayaponera_constricta,10.59427,-83.71651,Costa Rica,GABI,AOTW_Ponerinae_Occ_488,CRI,valid
Mayaponera_constricta,10.59427,-83.71651,Costa Rica,GABI,AOTW_Ponerinae_Occ_489,CRI,valid
Platythyrea_pilosula,10.35,-84.05,Costa Rica,GABI,AOTW_Ponerinae_Occ_490,CRI,valid
Platythyrea_punctata,10.16822,-85.37366,Costa Rica,GABI,AOTW_Ponerinae_Occ_491,CRI,valid
Platythyrea_punctata,10.35,-84.05,Costa Rica,GABI,AOTW_Ponerinae_Occ_492,CRI,valid
Pseudoponera_stigma,8.6791,-83.56671,Costa Rica,GABI,AOTW_Ponerinae_Occ_493,CRI,valid
Pseudoponera_cognata,10.33333,-84.06667,Costa Rica,GABI,AOTW_Ponerinae_Occ_494,CRI,valid
Pseudoponera_cognata,10.33333,-84.06667,Costa Rica,GABI,AOTW_Ponerinae_Occ_495,CRI,valid
Pseudoponera_gilloglyi,10.35,-84.05,Costa Rica,GABI,AOTW_Ponerinae_Occ_496,CRI,valid
Pseudoponera_stigma,9.76745,-84.60812,Costa Rica,GABI,AOTW_Ponerinae_Occ_497,CRI,valid
Pseudoponera_stigma,9.38773,-84.13281,Costa Rica,GABI,AOTW_Ponerinae_Occ_498,CRI,valid
Pseudoponera_stigma,8.70972,-83.87361,Costa Rica,GABI,AOTW_Ponerinae_Occ_499,CRI,valid
Pseudoponera_stigma,10.35,-84.05,Costa Rica,GABI,AOTW_Ponerinae_Occ_500,CRI,valid
Pseudoponera_succedanea,8.6791,-83.56671,Costa Rica,GABI,AOTW_Ponerinae_Occ_501,CRI,valid
Pseudoponera_succedanea,9.76258,-83.78651,Costa Rica,GABI,AOTW_Ponerinae_Occ_502,CRI,valid
Simopelta_andersoni,10.28333,-84.08333,Costa Rica,GABI,AOTW_Ponerinae_Occ_503,CRI,valid
Simopelta_longinoda,10.23617,-84.11767,Costa Rica,GABI,AOTW_Ponerinae_Occ_504,CRI,valid
Simopelta_oculata,10.23617,-84.11767,Costa Rica,GABI,AOTW_Ponerinae_Occ_505,CRI,valid
Neoponera_aenescens,8.6791,-83.56671,Costa Rica,GABI,AOTW_Ponerinae_Occ_506,CRI,valid
Neoponera_moesta,-19.9167,-40.6,Brazil,GABI,AOTW_Ponerinae_Occ_507,BRA,valid
Odontomachus_chelifer,-19.9167,-40.6,Brazil,GABI,AOTW_Ponerinae_Occ_508,BRA,valid
Odontomachus_chelifer,-19.9167,-40.6,Brazil,GABI,AOTW_Ponerinae_Occ_509,BRA,valid
Neoponera_marginata,-11.55,-47.3167,Brazil,GABI,AOTW_Ponerinae_Occ_510,BRA,valid
Mayaponera_constricta,6.355,-58.6114,Guyana,GABI,AOTW_Ponerinae_Occ_511,GUY,valid
Pachycondyla_crassinoda,6.355,-58.6114,Guyana,GABI,AOTW_Ponerinae_Occ_512,GUY,valid
Pachycondyla_crassinoda,6.355,-58.6114,Guyana,GABI,AOTW_Ponerinae_Occ_513,GUY,valid
Neoponera_aenescens,10.3043,-84.7962,Costa Rica,GABI,AOTW_Ponerinae_Occ_514,CRI,valid
Neoponera_aenescens,8.6791,-83.56671,Costa Rica,GABI,AOTW_Ponerinae_Occ_515,CRI,valid
Neoponera_aenescens,8.6791,-83.56671,Costa Rica,GABI,AOTW_Ponerinae_Occ_516,CRI,valid
Neoponera_aenescens,9.76258,-83.78651,Costa Rica,GABI,AOTW_Ponerinae_Occ_517,CRI,valid
Neoponera_villosa,-22.8833,-42.0167,Brazil,GABI,AOTW_Ponerinae_Occ_518,BRA,valid
Neoponera_crenata,-22.7,-42.8833,Brazil,GABI,AOTW_Ponerinae_Occ_519,BRA,valid
Neoponera_villosa,-22.9,-43.2333,Brazil,GABI,AOTW_Ponerinae_Occ_520,BRA,valid
Pachycondyla_striata,-29.65,-51.4,Brazil,GABI,AOTW_Ponerinae_Occ_521,BRA,valid
Hypoponera_opaciceps,-29.65,-51.4,Brazil,GABI,AOTW_Ponerinae_Occ_522,BRA,valid
Neoponera_crenata,-29.55,-51.5667,Brazil,GABI,AOTW_Ponerinae_Occ_523,BRA,valid
Neoponera_marginata,-29.65,-51.4,Brazil,GABI,AOTW_Ponerinae_Occ_524,BRA,valid
Neoponera_moesta,-29.3667,-51.1333,Brazil,GABI,AOTW_Ponerinae_Occ_525,BRA,valid
Pachycondyla_striata,-29.3667,-51.1333,Brazil,GABI,AOTW_Ponerinae_Occ_526,BRA,valid
Mayaponera_constricta,-10.7481,-62.2158,Brazil,GABI,AOTW_Ponerinae_Occ_527,BRA,valid
Mayaponera_constricta,2.81972,-60.6733,Brazil,GABI,AOTW_Ponerinae_Occ_528,BRA,valid
Anochetus_mayri,-26.9333,-49.05,Brazil,GABI,AOTW_Ponerinae_Occ_529,BRA,valid
Neoponera_aenescens,9.76258,-83.78651,Costa Rica,GABI,AOTW_Ponerinae_Occ_530,CRI,valid
Neoponera_aenescens,9.74901,-83.78288,Costa Rica,GABI,AOTW_Ponerinae_Occ_531,CRI,valid
Neoponera_aenescens,9.38074,-83.47457,Costa Rica,GABI,AOTW_Ponerinae_Occ_532,CRI,valid
Neoponera_aenescens,9.38074,-83.47457,Costa Rica,GABI,AOTW_Ponerinae_Occ_533,CRI,valid
Neoponera_aenescens,9.38074,-83.47457,Costa Rica,GABI,AOTW_Ponerinae_Occ_534,CRI,valid
Neoponera_aenescens,10.20871,-84.09969,Costa Rica,GABI,AOTW_Ponerinae_Occ_535,CRI,valid
Neoponera_aenescens,9.38074,-83.47457,Costa Rica,GABI,AOTW_Ponerinae_Occ_536,CRI,valid
Ponera_pennsylvanica,45.87021,-82.54186,Canada,GABI,AOTW_Ponerinae_Occ_537,CAN,valid
Hypoponera_inexorata,25.27522,-80.30222,United States of America,GABI,AOTW_Ponerinae_Occ_538,USA,valid
Odontomachus_clarus,33.46694444,-111.7511111,United States of America,GABI,AOTW_Ponerinae_Occ_539,USA,valid
Neoponera_verenae,3.36917,-73.8681,Colombia,GABI,AOTW_Ponerinae_Occ_540,COL,valid
Neoponera_verenae,3.36917,-73.8681,Colombia,GABI,AOTW_Ponerinae_Occ_541,COL,valid
Odontomachus_haematodus,3.46361,-73.6228,Colombia,GABI,AOTW_Ponerinae_Occ_542,COL,valid
Pachycondyla_crassinoda,4.15472,-73.6419,Colombia,GABI,AOTW_Ponerinae_Occ_543,COL,valid
Pachycondyla_crassinoda,4.15472,-73.6419,Colombia,GABI,AOTW_Ponerinae_Occ_544,COL,valid
Ponera_pennsylvanica,38.48333,-78.33333,United States of America,GABI,AOTW_Ponerinae_Occ_545,USA,valid
Odontomachus_clarus,30.4936,-99.76135,United States of America,GABI,AOTW_Ponerinae_Occ_546,USA,valid
Odontomachus_clarus,30.625725,-104.097378,United States of America,GABI,AOTW_Ponerinae_Occ_547,USA,valid
Odontomachus_clarus,29.43242,-104.02405,United States of America,GABI,AOTW_Ponerinae_Occ_548,USA,valid
Ponera_pennsylvanica,41.37183611,-73.44995833,United States of America,GABI,AOTW_Ponerinae_Occ_549,USA,valid
Odontomachus_clarus,31.88916667,-109.2075,United States of America,GABI,AOTW_Ponerinae_Occ_550,USA,valid
Ponera_pennsylvanica,39.13333,-79.21667,United States of America,GABI,AOTW_Ponerinae_Occ_551,USA,valid
Neoponera_aenescens,10.23617,-84.11767,Costa Rica,GABI,AOTW_Ponerinae_Occ_552,CRI,valid
Neoponera_commutata,3.93556,-76.68833,Colombia,GABI,AOTW_Ponerinae_Occ_553,COL,valid
Neoponera_apicalis,4.56667,-75.7,Colombia,GABI,AOTW_Ponerinae_Occ_554,COL,valid
Neoponera_commutata,3.93556,-76.68833,Colombia,GABI,AOTW_Ponerinae_Occ_555,COL,valid
Neoponera_commutata,3.93556,-76.68833,Colombia,GABI,AOTW_Ponerinae_Occ_556,COL,valid
Neoponera_crenata,4.53333,-75.7,Colombia,GABI,AOTW_Ponerinae_Occ_557,COL,valid
Neoponera_obscuricornis,3.93556,-76.68833,Colombia,GABI,AOTW_Ponerinae_Occ_558,COL,valid
Neoponera_obscuricornis,3.93556,-76.68833,Colombia,GABI,AOTW_Ponerinae_Occ_559,COL,valid
Neoponera_obscuricornis,4.56667,-75.7,Colombia,GABI,AOTW_Ponerinae_Occ_560,COL,valid
Neoponera_unidentata,3.93556,-76.68833,Colombia,GABI,AOTW_Ponerinae_Occ_561,COL,valid
Neoponera_unidentata,3.93556,-76.68833,Colombia,GABI,AOTW_Ponerinae_Occ_562,COL,valid
Odontomachus_clarus,31.88916667,-109.2075,United States of America,GABI,AOTW_Ponerinae_Occ_563,USA,valid
Neoponera_unidentata,4.56667,-75.7,Colombia,GABI,AOTW_Ponerinae_Occ_564,COL,valid
Neoponera_villosa,3.56667,-75.7,Colombia,GABI,AOTW_Ponerinae_Occ_565,COL,valid
Odontomachus_bauri,2.96944,-78.18472,Colombia,GABI,AOTW_Ponerinae_Occ_566,COL,valid
Odontomachus_bauri,2.96944,-78.18472,Colombia,GABI,AOTW_Ponerinae_Occ_567,COL,valid
Pachycondyla_crassinoda,3.93556,-76.68833,Colombia,GABI,AOTW_Ponerinae_Occ_568,COL,valid
Odontomachus_bradleyi,3.93556,-76.68833,Colombia,GABI,AOTW_Ponerinae_Occ_569,COL,valid
Odontomachus_bradleyi,4.56667,-75.7,Colombia,GABI,AOTW_Ponerinae_Occ_570,COL,valid
Odontomachus_bradleyi,4.56667,-75.7,Colombia,GABI,AOTW_Ponerinae_Occ_571,COL,valid
Odontomachus_bradleyi,4.56667,-75.7,Colombia,GABI,AOTW_Ponerinae_Occ_572,COL,valid
Odontomachus_erythrocephalus,5,-74.34,Colombia,GABI,AOTW_Ponerinae_Occ_573,COL,valid
Odontomachus_hastatus,3.93556,-76.68833,Colombia,GABI,AOTW_Ponerinae_Occ_574,COL,valid
Odontomachus_hastatus,3.93556,-76.68833,Colombia,GABI,AOTW_Ponerinae_Occ_575,COL,valid
Odontomachus_hastatus,3.93556,-76.68833,Colombia,GABI,AOTW_Ponerinae_Occ_576,COL,valid
Odontomachus_opaciventris,3.93556,-76.68833,Colombia,GABI,AOTW_Ponerinae_Occ_577,COL,valid
Pachycondyla_crassinoda,3.93556,-76.68833,Colombia,GABI,AOTW_Ponerinae_Occ_578,COL,valid
Pachycondyla_harpax,29.77868,-98.48145,United States of America,GABI,AOTW_Ponerinae_Occ_579,USA,valid
Odontomachus_brunneus,27.333334,-82.53333,United States of America,GABI,AOTW_Ponerinae_Occ_580,USA,valid
Pachycondyla_crassinoda,3.93556,-76.68833,Colombia,GABI,AOTW_Ponerinae_Occ_581,COL,valid
Pachycondyla_harpax,3.93556,-76.68833,Colombia,GABI,AOTW_Ponerinae_Occ_582,COL,valid
Pachycondyla_harpax,3.93556,-76.68833,Colombia,GABI,AOTW_Ponerinae_Occ_583,COL,valid
Pachycondyla_impressa,2.00083,-76.7753,Colombia,GABI,AOTW_Ponerinae_Occ_584,COL,valid
Pachycondyla_impressa,2.00083,-76.7753,Colombia,GABI,AOTW_Ponerinae_Occ_585,COL,valid
Pachycondyla_impressa,4.56667,-75.7,Colombia,GABI,AOTW_Ponerinae_Occ_586,COL,valid
Pachycondyla_impressa,4.56667,-75.7,Colombia,GABI,AOTW_Ponerinae_Occ_587,COL,valid
Odontomachus_clarus,29.23848,-100.26672,United States of America,GABI,AOTW_Ponerinae_Occ_588,USA,valid
Odontomachus_brunneus,29.08333,-82.16667,United States of America,GABI,AOTW_Ponerinae_Occ_589,USA,valid
Leptogenys_elongata,32.12911,-100.12939,United States of America,GABI,AOTW_Ponerinae_Occ_590,USA,valid
Leptogenys_elongata,30.3634,-98.86597,United States of America,GABI,AOTW_Ponerinae_Occ_591,USA,valid
Odontomachus_clarus,33.46694444,-111.7511111,United States of America,GABI,AOTW_Ponerinae_Occ_592,USA,valid
Odontomachus_brunneus,27.18333,-81.35,United States of America,GABI,AOTW_Ponerinae_Occ_593,USA,valid
Leptogenys_elongata,29.97873,-99.10217,United States of America,GABI,AOTW_Ponerinae_Occ_594,USA,valid
Hypoponera_inexorata,30.94464,-103.27972,United States of America,GABI,AOTW_Ponerinae_Occ_595,USA,valid
Pachycondyla_harpax,29.80252,-101.28845,United States of America,GABI,AOTW_Ponerinae_Occ_596,USA,valid
Odontomachus_clarus,30.20444,-99.42627,United States of America,GABI,AOTW_Ponerinae_Occ_597,USA,valid
Odontomachus_clarus,30.47708,-99.75037,United States of America,GABI,AOTW_Ponerinae_Occ_598,USA,valid
Neoponera_apicalis,1.3,-78.0833,Colombia,GABI,AOTW_Ponerinae_Occ_599,COL,valid
Neoponera_apicalis,1.3,-78.0833,Colombia,GABI,AOTW_Ponerinae_Occ_600,COL,valid
Neoponera_apicalis,1.3,-78.0833,Colombia,GABI,AOTW_Ponerinae_Occ_601,COL,valid
Neoponera_carbonaria,1.27778,-78.10139,Colombia,GABI,AOTW_Ponerinae_Occ_602,COL,valid
Neoponera_carbonaria,1.27778,-78.10139,Colombia,GABI,AOTW_Ponerinae_Occ_603,COL,valid
Neoponera_carbonaria,1.27778,-78.10139,Colombia,GABI,AOTW_Ponerinae_Occ_604,COL,valid
Neoponera_carinulata,1.27778,-78.10139,Colombia,GABI,AOTW_Ponerinae_Occ_605,COL,valid
Neoponera_carinulata,1.27778,-78.10139,Colombia,GABI,AOTW_Ponerinae_Occ_606,COL,valid
Neoponera_fauveli,1.27778,-78.10139,Colombia,GABI,AOTW_Ponerinae_Occ_607,COL,valid
Neoponera_obscuricornis,1.27778,-78.10139,Colombia,GABI,AOTW_Ponerinae_Occ_608,COL,valid
Neoponera_obscuricornis,1.27778,-78.10139,Colombia,GABI,AOTW_Ponerinae_Occ_609,COL,valid
Neoponera_unidentata,1.27778,-78.10139,Colombia,GABI,AOTW_Ponerinae_Occ_610,COL,valid
Neoponera_unidentata,1.27778,-78.10139,Colombia,GABI,AOTW_Ponerinae_Occ_611,COL,valid
Odontomachus_bauri,1.27778,-78.10139,Colombia,GABI,AOTW_Ponerinae_Occ_612,COL,valid
Odontomachus_bauri,1.27778,-78.10139,Colombia,GABI,AOTW_Ponerinae_Occ_613,COL,valid
Odontomachus_biumbonatus,10.8,-73.65,Colombia,GABI,AOTW_Ponerinae_Occ_614,COL,valid
Odontomachus_erythrocephalus,1.27778,-78.10139,Colombia,GABI,AOTW_Ponerinae_Occ_615,COL,valid
Ponera_pennsylvanica,41.98968056,-71.788275,United States of America,GABI,AOTW_Ponerinae_Occ_616,USA,valid
Anochetus_diegensis,3.78333,-76.73333,Colombia,GABI,AOTW_Ponerinae_Occ_617,COL,valid
Odontomachus_clarus,30.47235,-100.81055,United States of America,GABI,AOTW_Ponerinae_Occ_618,USA,valid
Ponera_pennsylvanica,38.525,-89.1329,United States of America,GABI,AOTW_Ponerinae_Occ_619,USA,valid
Ponera_pennsylvanica,40.1106,-88.2072,United States of America,GABI,AOTW_Ponerinae_Occ_620,USA,valid
Ponera_pennsylvanica,39.48814,-88.11327,United States of America,GABI,AOTW_Ponerinae_Occ_621,USA,valid
Ponera_pennsylvanica,40.13111,-87.69444,United States of America,GABI,AOTW_Ponerinae_Occ_622,USA,valid
Ponera_pennsylvanica,37.71833,-89.48583,United States of America,GABI,AOTW_Ponerinae_Occ_623,USA,valid
Ponera_pennsylvanica,42.17,-88.29,United States of America,GABI,AOTW_Ponerinae_Occ_624,USA,valid
Ponera_pennsylvanica,40.11056,-88.20722,United States of America,GABI,AOTW_Ponerinae_Occ_625,USA,valid
Ponera_pennsylvanica,47.83995,-92.0962,United States of America,GABI,AOTW_Ponerinae_Occ_626,USA,valid
Ponera_pennsylvanica,40.144,-88.165,United States of America,GABI,AOTW_Ponerinae_Occ_627,USA,valid
Ponera_pennsylvanica,40.49156,-89.01345,United States of America,GABI,AOTW_Ponerinae_Occ_628,USA,valid
Ponera_pennsylvanica,40.11056,-88.20722,United States of America,GABI,AOTW_Ponerinae_Occ_629,USA,valid
Ponera_pennsylvanica,37.62639,-89.49778,United States of America,GABI,AOTW_Ponerinae_Occ_630,USA,valid
Anochetus_vallensis,3.6,-76.06667,Colombia,GABI,AOTW_Ponerinae_Occ_631,COL,valid
Anochetus_vallensis,3.6,-76.06667,Colombia,GABI,AOTW_Ponerinae_Occ_632,COL,valid
Anochetus_vallensis,3.6,-76.06667,Colombia,GABI,AOTW_Ponerinae_Occ_633,COL,valid
Anochetus_vallensis,3.6,-76.06667,Colombia,GABI,AOTW_Ponerinae_Occ_634,COL,valid
Neoponera_villosa,25.9014,-97.4972,United States of America,GABI,AOTW_Ponerinae_Occ_635,USA,valid
Neoponera_villosa,26.1167,-97.5167,United States of America,GABI,AOTW_Ponerinae_Occ_636,USA,valid
Neoponera_villosa,25.9014,-97.4972,United States of America,GABI,AOTW_Ponerinae_Occ_637,USA,valid
Neoponera_villosa,26.3333,-98.2,United States of America,GABI,AOTW_Ponerinae_Occ_638,USA,valid
Cryptopone_gilva,33.825,-88.5436,United States of America,GABI,AOTW_Ponerinae_Occ_639,USA,valid
Cryptopone_gilva,33.825,-88.5436,United States of America,GABI,AOTW_Ponerinae_Occ_640,USA,valid
Cryptopone_gilva,33.825,-88.5436,United States of America,GABI,AOTW_Ponerinae_Occ_641,USA,valid
Ponera_pennsylvanica,36.5994,-83.6686,United States of America,GABI,AOTW_Ponerinae_Occ_642,USA,valid
Ponera_pennsylvanica,41.48,-82.6825,United States of America,GABI,AOTW_Ponerinae_Occ_643,USA,valid
Ponera_pennsylvanica,41.48,-82.6825,United States of America,GABI,AOTW_Ponerinae_Occ_644,USA,valid
Ponera_pennsylvanica,41.48,-82.6825,United States of America,GABI,AOTW_Ponerinae_Occ_645,USA,valid
Leptogenys_elongata,29.58,-95.77,United States of America,GABI,AOTW_Ponerinae_Occ_646,USA,valid
Leptogenys_elongata,29.58,-95.77,United States of America,GABI,AOTW_Ponerinae_Occ_647,USA,valid
Odontomachus_brunneus,26.76,-81.44,United States of America,GABI,AOTW_Ponerinae_Occ_648,USA,valid
Odontomachus_brunneus,28.55,-82.39,United States of America,GABI,AOTW_Ponerinae_Occ_649,USA,valid
Ponera_pennsylvanica,39.2167,-83.915,United States of America,GABI,AOTW_Ponerinae_Occ_650,USA,valid
Ponera_pennsylvanica,39.9936,-81.7342,United States of America,GABI,AOTW_Ponerinae_Occ_651,USA,valid
Neoponera_aenescens,10.23617,-84.11767,Costa Rica,GABI,AOTW_Ponerinae_Occ_652,CRI,valid
Odontomachus_clarus,33.31833333,-111.0502778,United States of America,GABI,AOTW_Ponerinae_Occ_653,USA,valid
Mayaponera_constricta,4.16667,-77.25,Colombia,GABI,AOTW_Ponerinae_Occ_654,COL,valid
Mayaponera_constricta,4.33333,-76.06667,Colombia,GABI,AOTW_Ponerinae_Occ_655,COL,valid
Mayaponera_constricta,4.33333,-76.06667,Colombia,GABI,AOTW_Ponerinae_Occ_656,COL,valid
Mayaponera_constricta,4.33333,-76.06667,Colombia,GABI,AOTW_Ponerinae_Occ_657,COL,valid
Mayaponera_constricta,4.33333,-76.06667,Colombia,GABI,AOTW_Ponerinae_Occ_658,COL,valid
Mayaponera_constricta,4.33333,-76.06667,Colombia,GABI,AOTW_Ponerinae_Occ_659,COL,valid
Mayaponera_constricta,4.33333,-76.06667,Colombia,GABI,AOTW_Ponerinae_Occ_660,COL,valid
Mayaponera_constricta,4.33333,-76.06667,Colombia,GABI,AOTW_Ponerinae_Occ_661,COL,valid
Mayaponera_constricta,4.33333,-76.06667,Colombia,GABI,AOTW_Ponerinae_Occ_662,COL,valid
Mayaponera_constricta,3.83333,-76.3,Colombia,GABI,AOTW_Ponerinae_Occ_663,COL,valid
Mayaponera_constricta,3.5375,-76.52278,Colombia,GABI,AOTW_Ponerinae_Occ_664,COL,valid
Neoponera_aenescens,3.6,-76.06667,Colombia,GABI,AOTW_Ponerinae_Occ_665,COL,valid
Neoponera_aenescens,3.6,-76.06667,Colombia,GABI,AOTW_Ponerinae_Occ_666,COL,valid
Neoponera_aenescens,3.6,-76.06667,Colombia,GABI,AOTW_Ponerinae_Occ_667,COL,valid
Neoponera_apicalis,4.33333,-76.06667,Colombia,GABI,AOTW_Ponerinae_Occ_668,COL,valid
Neoponera_apicalis,4.33333,-76.06667,Colombia,GABI,AOTW_Ponerinae_Occ_669,COL,valid
Neoponera_apicalis,4.33333,-76.06667,Colombia,GABI,AOTW_Ponerinae_Occ_670,COL,valid
Neoponera_apicalis,3.89333,-77.07,Colombia,GABI,AOTW_Ponerinae_Occ_671,COL,valid
Neoponera_bugabensis,3.7,-76.96667,Colombia,GABI,AOTW_Ponerinae_Occ_672,COL,valid
Neoponera_obscuricornis,3.81667,-76.31667,Colombia,GABI,AOTW_Ponerinae_Occ_673,COL,valid
Neoponera_carbonaria,3.43333,-76.66667,Colombia,GABI,AOTW_Ponerinae_Occ_674,COL,valid
Neoponera_chyzeri,3.61667,-76.88333,Colombia,GABI,AOTW_Ponerinae_Occ_675,COL,valid
Neoponera_crenata,3.6,-76.06667,Colombia,GABI,AOTW_Ponerinae_Occ_676,COL,valid
Neoponera_crenata,3.6,-76.06667,Colombia,GABI,AOTW_Ponerinae_Occ_677,COL,valid
Neoponera_crenata,3.6,-76.06667,Colombia,GABI,AOTW_Ponerinae_Occ_678,COL,valid
Neoponera_crenata,3.85,-76.33333,Colombia,GABI,AOTW_Ponerinae_Occ_679,COL,valid
Neoponera_crenata,3.26667,-76.61667,Colombia,GABI,AOTW_Ponerinae_Occ_680,COL,valid
Neoponera_crenata,4.51667,-76.23333,Colombia,GABI,AOTW_Ponerinae_Occ_681,COL,valid
Neoponera_fauveli,3.43333,-76.66667,Colombia,GABI,AOTW_Ponerinae_Occ_682,COL,valid
Neoponera_fauveli,3.43333,-76.66667,Colombia,GABI,AOTW_Ponerinae_Occ_683,COL,valid
Neoponera_fauveli,3.43333,-76.66667,Colombia,GABI,AOTW_Ponerinae_Occ_684,COL,valid
Neoponera_holcotyle,3.6,-76.06667,Colombia,GABI,AOTW_Ponerinae_Occ_685,COL,valid
Neoponera_holcotyle,3.26667,-76.61667,Colombia,GABI,AOTW_Ponerinae_Occ_686,COL,valid
Neoponera_obscuricornis,3.83333,-76.3,Colombia,GABI,AOTW_Ponerinae_Occ_687,COL,valid
Neoponera_obscuricornis,3.83333,-76.3,Colombia,GABI,AOTW_Ponerinae_Occ_688,COL,valid
Neoponera_obscuricornis,3.83333,-76.3,Colombia,GABI,AOTW_Ponerinae_Occ_689,COL,valid
Odontomachus_bauri,4.16667,-77.25,Colombia,GABI,AOTW_Ponerinae_Occ_690,COL,valid
Odontomachus_bauri,4.16667,-77.25,Colombia,GABI,AOTW_Ponerinae_Occ_691,COL,valid
Odontomachus_bauri,3.28333,-76.48333,Colombia,GABI,AOTW_Ponerinae_Occ_692,COL,valid
Odontomachus_chelifer,3.83333,-76.3,Colombia,GABI,AOTW_Ponerinae_Occ_693,COL,valid
Odontomachus_chelifer,3.83333,-76.3,Colombia,GABI,AOTW_Ponerinae_Occ_694,COL,valid
Odontomachus_chelifer,3.83333,-76.3,Colombia,GABI,AOTW_Ponerinae_Occ_695,COL,valid
Odontomachus_chelifer,3.83333,-76.3,Colombia,GABI,AOTW_Ponerinae_Occ_696,COL,valid
Odontomachus_chelifer,3.83333,-76.3,Colombia,GABI,AOTW_Ponerinae_Occ_697,COL,valid
Odontomachus_erythrocephalus,4.56667,-75.23333,Colombia,GABI,AOTW_Ponerinae_Occ_698,COL,valid
Odontomachus_erythrocephalus,4.56667,-75.23333,Colombia,GABI,AOTW_Ponerinae_Occ_699,COL,valid
Odontomachus_erythrocephalus,3.7,-76.96667,Colombia,GABI,AOTW_Ponerinae_Occ_700,COL,valid
Odontomachus_erythrocephalus,3.8933,-77.07,Colombia,GABI,AOTW_Ponerinae_Occ_701,COL,valid
Odontomachus_hastatus,3.43333,-76.66667,Colombia,GABI,AOTW_Ponerinae_Occ_702,COL,valid
Pachycondyla_harpax,3.5375,-76.52278,Colombia,GABI,AOTW_Ponerinae_Occ_703,COL,valid
Pachycondyla_harpax,3.5375,-76.52278,Colombia,GABI,AOTW_Ponerinae_Occ_704,COL,valid
Pachycondyla_harpax,3.5375,-76.52278,Colombia,GABI,AOTW_Ponerinae_Occ_705,COL,valid
Pachycondyla_harpax,3.7,-76.96667,Colombia,GABI,AOTW_Ponerinae_Occ_706,COL,valid
Pachycondyla_impressa,3.26667,-76.61667,Colombia,GABI,AOTW_Ponerinae_Occ_707,COL,valid
Pachycondyla_impressa,4.51667,-76.23333,Colombia,GABI,AOTW_Ponerinae_Occ_708,COL,valid
Pachycondyla_impressa,4.51667,-76.23333,Colombia,GABI,AOTW_Ponerinae_Occ_709,COL,valid
Pachycondyla_impressa,4.51667,-76.23333,Colombia,GABI,AOTW_Ponerinae_Occ_710,COL,valid
Pachycondyla_impressa,4.51667,-76.23333,Colombia,GABI,AOTW_Ponerinae_Occ_711,COL,valid
Pachycondyla_impressa,4.51667,-76.23333,Colombia,GABI,AOTW_Ponerinae_Occ_712,COL,valid
Pachycondyla_impressa,3.7,-76.96667,Colombia,GABI,AOTW_Ponerinae_Occ_713,COL,valid
Pachycondyla_impressa,3.86361,-76.3858,Colombia,GABI,AOTW_Ponerinae_Occ_714,COL,valid
Pachycondyla_impressa,4.72903,-76.21351,Colombia,GABI,AOTW_Ponerinae_Occ_715,COL,valid
Pachycondyla_impressa,4.72903,-76.21351,Colombia,GABI,AOTW_Ponerinae_Occ_716,COL,valid
Pseudoponera_stigma,3.6,-76.06667,Colombia,GABI,AOTW_Ponerinae_Occ_717,COL,valid
Simopelta_williamsi,3.6,-76.06667,Colombia,GABI,AOTW_Ponerinae_Occ_718,COL,valid
Simopelta_williamsi,3.6,-76.06667,Colombia,GABI,AOTW_Ponerinae_Occ_719,COL,valid
Pachycondyla_striata,-25.9833,-53.75,Brazil,GABI,AOTW_Ponerinae_Occ_720,BRA,valid
Pachycondyla_striata,-25.9833,-53.75,Brazil,GABI,AOTW_Ponerinae_Occ_721,BRA,valid
Odontomachus_cephalotes,-9.915,144.05194,Australia,GABI,AOTW_Ponerinae_Occ_722,AUS,valid
Pachycondyla_crassinoda,-3.10194,-60.025,Brazil,GABI,AOTW_Ponerinae_Occ_723,BRA,valid
Odontomachus_haematodus,-3.10194,-60.025,Brazil,GABI,AOTW_Ponerinae_Occ_724,BRA,valid
Neoponera_verenae,-2.8997,-69.7444,Colombia,GABI,AOTW_Ponerinae_Occ_725,COL,valid
Odontomachus_meinerti,-2.8997,-69.7444,Colombia,GABI,AOTW_Ponerinae_Occ_726,COL,valid
Pachycondyla_harpax,-2.8997,-69.7444,Colombia,GABI,AOTW_Ponerinae_Occ_727,COL,valid
Pseudoponera_stigma,-1.983333,-61.75,Brazil,GABI,AOTW_Ponerinae_Occ_728,BRA,valid
Neoponera_carbonaria,1.06972,-76.7447,Colombia,GABI,AOTW_Ponerinae_Occ_729,COL,valid
Odontomachus_bradleyi,0.5,-77.2167,Colombia,GABI,AOTW_Ponerinae_Occ_730,COL,valid
Anochetus_mayri,-3.10194,-60.025,Brazil,GABI,AOTW_Ponerinae_Occ_731,BRA,valid
Neoponera_striatinodis,-2.916667,-59.983333,Brazil,GABI,AOTW_Ponerinae_Occ_732,BRA,valid
Neoponera_striatinodis,-2.916667,-59.983333,Brazil,GABI,AOTW_Ponerinae_Occ_733,BRA,valid
Neoponera_villosa,-3.10194,-60.025,Brazil,GABI,AOTW_Ponerinae_Occ_734,BRA,valid
Neoponera_villosa,-3.10194,-60.025,Brazil,GABI,AOTW_Ponerinae_Occ_735,BRA,valid
Dinoponera_quadriceps,-14.7856,-39.2803,Brazil,GABI,AOTW_Ponerinae_Occ_736,BRA,valid
Pseudoponera_stigma,-3.10194,-60.025,Brazil,GABI,AOTW_Ponerinae_Occ_737,BRA,valid
Dinoponera_quadriceps,-14.7856,-39.2803,Brazil,GABI,AOTW_Ponerinae_Occ_738,BRA,valid
Neoponera_unidentata,4.16667,-75.1,Colombia,GABI,AOTW_Ponerinae_Occ_739,COL,valid
Neoponera_verenae,6.045,-74.9967,Colombia,GABI,AOTW_Ponerinae_Occ_740,COL,valid
Odontomachus_erythrocephalus,5.6147,-75.46,Colombia,GABI,AOTW_Ponerinae_Occ_741,COL,valid
Odontomachus_erythrocephalus,5.6147,-75.46,Colombia,GABI,AOTW_Ponerinae_Occ_742,COL,valid
Neoponera_verenae,5.97833,-74.5897,Colombia,GABI,AOTW_Ponerinae_Occ_743,COL,valid
Odontomachus_bauri,5.2941,-72.7061,Colombia,GABI,AOTW_Ponerinae_Occ_744,COL,valid
Odontomachus_bauri,5.5897,-74.5897,Colombia,GABI,AOTW_Ponerinae_Occ_745,COL,valid
Odontomachus_erythrocephalus,5.94,-73.5169,Colombia,GABI,AOTW_Ponerinae_Occ_746,COL,valid
Odontomachus_erythrocephalus,5.94,-73.5169,Colombia,GABI,AOTW_Ponerinae_Occ_747,COL,valid
Odontomachus_erythrocephalus,5.94,-73.5169,Colombia,GABI,AOTW_Ponerinae_Occ_748,COL,valid
Pachycondyla_crassinoda,4.91667,-73.2667,Colombia,GABI,AOTW_Ponerinae_Occ_749,COL,valid
Pachycondyla_harpax,5.97833,-74.5897,Colombia,GABI,AOTW_Ponerinae_Occ_750,COL,valid
Pseudoponera_stigma,5.97833,-74.5897,Colombia,GABI,AOTW_Ponerinae_Occ_751,COL,valid
Pachycondyla_impressa,4.30306,-74.8011,Colombia,GABI,AOTW_Ponerinae_Occ_752,COL,valid
Neoponera_carbonaria,2.39417,-75.8947,Colombia,GABI,AOTW_Ponerinae_Occ_753,COL,valid
Dinoponera_quadriceps,-14.7856,-39.2803,Brazil,GABI,AOTW_Ponerinae_Occ_754,BRA,valid
Mayaponera_constricta,4.79217,-75.7311,Colombia,GABI,AOTW_Ponerinae_Occ_755,COL,valid
Mayaponera_constricta,4.79217,-75.7311,Colombia,GABI,AOTW_Ponerinae_Occ_756,COL,valid
Mayaponera_constricta,4.8575,-75.8803,Colombia,GABI,AOTW_Ponerinae_Occ_757,COL,valid
Odontomachus_chelifer,4.79217,-75.7311,Colombia,GABI,AOTW_Ponerinae_Occ_758,COL,valid
Odontomachus_erythrocephalus,5.13333,-75.95,Colombia,GABI,AOTW_Ponerinae_Occ_759,COL,valid
Neoponera_apicalis,4.16667,-75.1,Colombia,GABI,AOTW_Ponerinae_Occ_760,COL,valid
Neoponera_inversa,5.23833,-76.0364,Colombia,GABI,AOTW_Ponerinae_Occ_761,COL,valid
Neoponera_obscuricornis,4.79217,-75.7311,Colombia,GABI,AOTW_Ponerinae_Occ_762,COL,valid
Neoponera_theresiae,5.29944,-75.8869,Colombia,GABI,AOTW_Ponerinae_Occ_763,COL,valid
Neoponera_theresiae,5.29944,-75.8869,Colombia,GABI,AOTW_Ponerinae_Occ_764,COL,valid
Neoponera_theresiae,5.29944,-75.8869,Colombia,GABI,AOTW_Ponerinae_Occ_765,COL,valid
Neoponera_unidentata,4.79217,-75.7311,Colombia,GABI,AOTW_Ponerinae_Occ_766,COL,valid
Neoponera_unidentata,4.79217,-75.7311,Colombia,GABI,AOTW_Ponerinae_Occ_767,COL,valid
Neoponera_verenae,4.79217,-75.7311,Colombia,GABI,AOTW_Ponerinae_Occ_768,COL,valid
Neoponera_verenae,5.23833,-76.0364,Colombia,GABI,AOTW_Ponerinae_Occ_769,COL,valid
Neoponera_verenae,5.23833,-76.0364,Colombia,GABI,AOTW_Ponerinae_Occ_770,COL,valid
Neoponera_villosa,5.23833,-76.0364,Colombia,GABI,AOTW_Ponerinae_Occ_771,COL,valid
Odontomachus_bauri,4.79217,-75.7311,Colombia,GABI,AOTW_Ponerinae_Occ_772,COL,valid
Odontomachus_bauri,4.79217,-75.7311,Colombia,GABI,AOTW_Ponerinae_Occ_773,COL,valid
Odontomachus_bauri,4.79217,-75.7311,Colombia,GABI,AOTW_Ponerinae_Occ_774,COL,valid
Odontomachus_erythrocephalus,5.13333,-75.95,Colombia,GABI,AOTW_Ponerinae_Occ_775,COL,valid
Pachycondyla_harpax,5.23833,-76.0364,Colombia,GABI,AOTW_Ponerinae_Occ_776,COL,valid
Pachycondyla_impressa,4.79217,-75.7311,Colombia,GABI,AOTW_Ponerinae_Occ_777,COL,valid
Pachycondyla_impressa,4.16667,-75.1,Colombia,GABI,AOTW_Ponerinae_Occ_778,COL,valid
Pachycondyla_impressa,4.79217,-75.7311,Colombia,GABI,AOTW_Ponerinae_Occ_779,COL,valid
Pachycondyla_impressa,4.8575,-75.8803,Colombia,GABI,AOTW_Ponerinae_Occ_780,COL,valid
Pachycondyla_impressa,4.8575,-75.8803,Colombia,GABI,AOTW_Ponerinae_Occ_781,COL,valid
Pachycondyla_impressa,5.23833,-76.0364,Colombia,GABI,AOTW_Ponerinae_Occ_782,COL,valid
Pachycondyla_impressa,5.23833,-76.0364,Colombia,GABI,AOTW_Ponerinae_Occ_783,COL,valid
Pseudoponera_stigma,4.79217,-75.7311,Colombia,GABI,AOTW_Ponerinae_Occ_784,COL,valid
Pseudoponera_stigma,4.79217,-75.7311,Colombia,GABI,AOTW_Ponerinae_Occ_785,COL,valid
Pseudoponera_stigma,4.16667,-75.1,Colombia,GABI,AOTW_Ponerinae_Occ_786,COL,valid
Dinoponera_quadriceps,-14.7856,-39.2803,Brazil,GABI,AOTW_Ponerinae_Occ_787,BRA,valid
Odontomachus_erythrocephalus,6.9897,-73.0538,Colombia,GABI,AOTW_Ponerinae_Occ_788,COL,valid
Mayaponera_constricta,5.20111,-74.8964,Colombia,GABI,AOTW_Ponerinae_Occ_789,COL,valid
Odontomachus_erythrocephalus,4.06333,-74.6955,Colombia,GABI,AOTW_Ponerinae_Occ_790,COL,valid
Odontomachus_erythrocephalus,4.06333,-74.6955,Colombia,GABI,AOTW_Ponerinae_Occ_791,COL,valid
Odontomachus_erythrocephalus,4.06333,-74.6955,Colombia,GABI,AOTW_Ponerinae_Occ_792,COL,valid
Odontomachus_erythrocephalus,4.06,-74.7,Colombia,GABI,AOTW_Ponerinae_Occ_793,COL,valid
Odontomachus_erythrocephalus,4.06333,-74.6955,Colombia,GABI,AOTW_Ponerinae_Occ_794,COL,valid
Odontomachus_erythrocephalus,4.06333,-74.6955,Colombia,GABI,AOTW_Ponerinae_Occ_795,COL,valid
Odontomachus_erythrocephalus,4.06333,-74.6955,Colombia,GABI,AOTW_Ponerinae_Occ_796,COL,valid
Odontomachus_erythrocephalus,4.06333,-74.6955,Colombia,GABI,AOTW_Ponerinae_Occ_797,COL,valid
Odontomachus_erythrocephalus,4.06,-74.7,Colombia,GABI,AOTW_Ponerinae_Occ_798,COL,valid
Odontomachus_erythrocephalus,4.06333,-74.6955,Colombia,GABI,AOTW_Ponerinae_Occ_799,COL,valid
Odontomachus_erythrocephalus,4.06333,-74.6955,Colombia,GABI,AOTW_Ponerinae_Occ_800,COL,valid
Odontomachus_erythrocephalus,4.06333,-74.6955,Colombia,GABI,AOTW_Ponerinae_Occ_801,COL,valid
Odontomachus_opaciventris,4.1802,-74.5362,Colombia,GABI,AOTW_Ponerinae_Occ_802,COL,valid
Platythyrea_pilosula,4.18028,-74.5361,Colombia,GABI,AOTW_Ponerinae_Occ_803,COL,valid
Dinoponera_quadriceps,-14.7856,-39.2803,Brazil,GABI,AOTW_Ponerinae_Occ_804,BRA,valid
Dinoponera_quadriceps,-14.7856,-39.2803,Brazil,GABI,AOTW_Ponerinae_Occ_805,BRA,valid
Neoponera_aenescens,10.3043,-84.7962,Costa Rica,GABI,AOTW_Ponerinae_Occ_806,CRI,valid
Anochetus_altisquamis,-22.5108,-43.1844,Brazil,GABI,AOTW_Ponerinae_Occ_807,BRA,valid
Hypoponera_schmalzi,-22.5108,-43.1844,Brazil,GABI,AOTW_Ponerinae_Occ_808,BRA,valid
Hypoponera_schmalzi,-22.5108,-43.1844,Brazil,GABI,AOTW_Ponerinae_Occ_809,BRA,valid
Hypoponera_trigona,-22.5108,-43.1844,Brazil,GABI,AOTW_Ponerinae_Occ_810,BRA,valid
Hypoponera_trigona,-22.5108,-43.1844,Brazil,GABI,AOTW_Ponerinae_Occ_811,BRA,valid
Hypoponera_trigona,-22.5108,-43.1844,Brazil,GABI,AOTW_Ponerinae_Occ_812,BRA,valid
Leptogenys_australis,-22.5108,-43.1844,Brazil,GABI,AOTW_Ponerinae_Occ_813,BRA,valid
Leptogenys_crudelis,-22.5108,-43.1844,Brazil,GABI,AOTW_Ponerinae_Occ_814,BRA,valid
Neoponera_villosa,-22.9,-43.2333,Brazil,GABI,AOTW_Ponerinae_Occ_815,BRA,valid
Odontomachus_affinis,-22.5108,-43.1844,Brazil,GABI,AOTW_Ponerinae_Occ_816,BRA,valid
Odontomachus_haematodus,-22.7,-42.8833,Brazil,GABI,AOTW_Ponerinae_Occ_817,BRA,valid
Odontomachus_haematodus,-0.1333,-67.0833,Brazil,GABI,AOTW_Ponerinae_Occ_818,BRA,valid
Pachycondyla_striata,-22.5108,-43.1844,Brazil,GABI,AOTW_Ponerinae_Occ_819,BRA,valid
Pachycondyla_striata,-22.9,-43.2333,Brazil,GABI,AOTW_Ponerinae_Occ_820,BRA,valid
Pachycondyla_striata,-22.5108,-43.1844,Brazil,GABI,AOTW_Ponerinae_Occ_821,BRA,valid
Anochetus_altisquamis,-29.65,-51.4,Brazil,GABI,AOTW_Ponerinae_Occ_822,BRA,valid
Anochetus_mayri,-29.65,-51.4,Brazil,GABI,AOTW_Ponerinae_Occ_823,BRA,valid
Anochetus_mayri,-29.65,-51.4,Brazil,GABI,AOTW_Ponerinae_Occ_824,BRA,valid
Dinoponera_gigantea,-29.65,-51.4,Brazil,GABI,AOTW_Ponerinae_Occ_825,BRA,valid
Dinoponera_gigantea,-27.9167,-53.2833,Brazil,GABI,AOTW_Ponerinae_Occ_826,BRA,valid
Hypoponera_opaciceps,-29.65,-51.4,Brazil,GABI,AOTW_Ponerinae_Occ_827,BRA,valid
Hypoponera_opaciceps,-29.65,-51.4,Brazil,GABI,AOTW_Ponerinae_Occ_828,BRA,valid
Hypoponera_opaciceps,-29.65,-51.4,Brazil,GABI,AOTW_Ponerinae_Occ_829,BRA,valid
Hypoponera_opaciceps,-29.65,-51.4,Brazil,GABI,AOTW_Ponerinae_Occ_830,BRA,valid
Hypoponera_opaciceps,-29.65,-51.4,Brazil,GABI,AOTW_Ponerinae_Occ_831,BRA,valid
Hypoponera_opaciceps,-29.65,-51.4,Brazil,GABI,AOTW_Ponerinae_Occ_832,BRA,valid
Hypoponera_trigona,-29.65,-51.4,Brazil,GABI,AOTW_Ponerinae_Occ_833,BRA,valid
Hypoponera_trigona,-29.65,-51.4,Brazil,GABI,AOTW_Ponerinae_Occ_834,BRA,valid
Leptogenys_australis,-29.65,-51.4,Brazil,GABI,AOTW_Ponerinae_Occ_835,BRA,valid
Neoponera_bucki,-30.0333,-51.2,Brazil,GABI,AOTW_Ponerinae_Occ_836,BRA,valid
Neoponera_bucki,-30.0333,-51.2,Brazil,GABI,AOTW_Ponerinae_Occ_837,BRA,valid
Neoponera_crenata,-29.65,-51.4,Brazil,GABI,AOTW_Ponerinae_Occ_838,BRA,valid
Neoponera_crenata,-29.3667,-51.1333,Brazil,GABI,AOTW_Ponerinae_Occ_839,BRA,valid
Neoponera_crenata,-30.0333,-51.2,Brazil,GABI,AOTW_Ponerinae_Occ_840,BRA,valid
Neoponera_crenata,-30.0333,-51.2,Brazil,GABI,AOTW_Ponerinae_Occ_841,BRA,valid
Odontomachus_chelifer,-30.0333,-51.2,Brazil,GABI,AOTW_Ponerinae_Occ_842,BRA,valid
Neoponera_aenescens,10.29843,-84.79254,Costa Rica,GABI,AOTW_Ponerinae_Occ_843,CRI,valid
Neoponera_aenescens,10.29843,-84.79254,Costa Rica,GABI,AOTW_Ponerinae_Occ_844,CRI,valid
Neoponera_aenescens,10.29843,-84.79254,Costa Rica,GABI,AOTW_Ponerinae_Occ_845,CRI,valid
Neoponera_aenescens,10.29843,-84.79254,Costa Rica,GABI,AOTW_Ponerinae_Occ_846,CRI,valid
Neoponera_aenescens,10.29843,-84.79254,Costa Rica,GABI,AOTW_Ponerinae_Occ_847,CRI,valid
Neoponera_aenescens,10.29843,-84.79254,Costa Rica,GABI,AOTW_Ponerinae_Occ_848,CRI,valid
Neoponera_aenescens,9.76258,-83.78833,Costa Rica,GABI,AOTW_Ponerinae_Occ_849,CRI,valid
Neoponera_aenescens,9.76258,-83.78833,Costa Rica,GABI,AOTW_Ponerinae_Occ_850,CRI,valid
Neoponera_aenescens,9.76258,-83.78833,Costa Rica,GABI,AOTW_Ponerinae_Occ_851,CRI,valid
Neoponera_aenescens,10.97855,-85.44407,Costa Rica,GABI,AOTW_Ponerinae_Occ_852,CRI,valid
Neoponera_aenescens,10.93008,-85.47042,Costa Rica,GABI,AOTW_Ponerinae_Occ_853,CRI,valid
Neoponera_aenescens,10.23617,-84.11767,Costa Rica,GABI,AOTW_Ponerinae_Occ_854,CRI,valid
Neoponera_aenescens,10.23617,-84.11767,Costa Rica,GABI,AOTW_Ponerinae_Occ_855,CRI,valid
Neoponera_aenescens,10.23617,-84.11767,Costa Rica,GABI,AOTW_Ponerinae_Occ_856,CRI,valid
Neoponera_aenescens,10.23617,-84.11767,Costa Rica,GABI,AOTW_Ponerinae_Occ_857,CRI,valid
Neoponera_aenescens,10.23617,-84.11767,Costa Rica,GABI,AOTW_Ponerinae_Occ_858,CRI,valid
Neoponera_aenescens,10.23617,-84.11767,Costa Rica,GABI,AOTW_Ponerinae_Occ_859,CRI,valid
Neoponera_aenescens,10.23617,-84.11767,Costa Rica,GABI,AOTW_Ponerinae_Occ_860,CRI,valid
Neoponera_aenescens,10.23617,-84.11767,Costa Rica,GABI,AOTW_Ponerinae_Occ_861,CRI,valid
Neoponera_aenescens,10.23617,-84.11767,Costa Rica,GABI,AOTW_Ponerinae_Occ_862,CRI,valid
Neoponera_aenescens,10.23617,-84.11767,Costa Rica,GABI,AOTW_Ponerinae_Occ_863,CRI,valid
Neoponera_aenescens,10.23617,-84.11767,Costa Rica,GABI,AOTW_Ponerinae_Occ_864,CRI,valid
Neoponera_aenescens,10.23617,-84.11767,Costa Rica,GABI,AOTW_Ponerinae_Occ_865,CRI,valid
Neoponera_aenescens,10.23617,-84.11767,Costa Rica,GABI,AOTW_Ponerinae_Occ_866,CRI,valid
Neoponera_aenescens,10.23617,-84.11767,Costa Rica,GABI,AOTW_Ponerinae_Occ_867,CRI,valid
Neoponera_aenescens,10.23617,-84.11767,Costa Rica,GABI,AOTW_Ponerinae_Occ_868,CRI,valid
Neoponera_aenescens,10.23617,-84.11767,Costa Rica,GABI,AOTW_Ponerinae_Occ_869,CRI,valid
Neoponera_aenescens,10.23617,-84.11767,Costa Rica,GABI,AOTW_Ponerinae_Occ_870,CRI,valid
Neoponera_aenescens,10.23617,-84.11767,Costa Rica,GABI,AOTW_Ponerinae_Occ_871,CRI,valid
Neoponera_aenescens,10.23617,-84.11767,Costa Rica,GABI,AOTW_Ponerinae_Occ_872,CRI,valid
Neoponera_aenescens,10.23617,-84.11767,Costa Rica,GABI,AOTW_Ponerinae_Occ_873,CRI,valid
Neoponera_aenescens,10.23617,-84.11767,Costa Rica,GABI,AOTW_Ponerinae_Occ_874,CRI,valid
Neoponera_antecurvata,10.33333,-84.06667,Costa Rica,GABI,AOTW_Ponerinae_Occ_875,CRI,valid
Neoponera_antecurvata,10.33333,-84.06667,Costa Rica,GABI,AOTW_Ponerinae_Occ_876,CRI,valid
Neoponera_antecurvata,10.33333,-84.06667,Costa Rica,GABI,AOTW_Ponerinae_Occ_877,CRI,valid
Neoponera_apicalis,10.64405,-83.74201,Costa Rica,GABI,AOTW_Ponerinae_Occ_878,CRI,valid
Neoponera_apicalis,11.03386,-85.52479,Costa Rica,GABI,AOTW_Ponerinae_Occ_879,CRI,valid
Neoponera_apicalis,11.03386,-85.52479,Costa Rica,GABI,AOTW_Ponerinae_Occ_880,CRI,valid
Neoponera_apicalis,9.76745,-84.60812,Costa Rica,GABI,AOTW_Ponerinae_Occ_881,CRI,valid
Neoponera_apicalis,10.14889,-83.95191,Costa Rica,GABI,AOTW_Ponerinae_Occ_882,CRI,valid
Neoponera_apicalis,10.14889,-83.95191,Costa Rica,GABI,AOTW_Ponerinae_Occ_883,CRI,valid
Neoponera_apicalis,10.83641,-85.61549,Costa Rica,GABI,AOTW_Ponerinae_Occ_884,CRI,valid
Neoponera_apicalis,10.83641,-85.61549,Costa Rica,GABI,AOTW_Ponerinae_Occ_885,CRI,valid
Neoponera_apicalis,10.83641,-85.61549,Costa Rica,GABI,AOTW_Ponerinae_Occ_886,CRI,valid
Neoponera_apicalis,8.48017,-83.59129,Costa Rica,GABI,AOTW_Ponerinae_Occ_887,CRI,valid
Neoponera_apicalis,8.48017,-83.59129,Costa Rica,GABI,AOTW_Ponerinae_Occ_888,CRI,valid
Neoponera_apicalis,8.48017,-83.59129,Costa Rica,GABI,AOTW_Ponerinae_Occ_889,CRI,valid
Neoponera_apicalis,8.48017,-83.59129,Costa Rica,GABI,AOTW_Ponerinae_Occ_890,CRI,valid
Neoponera_apicalis,8.48017,-83.59129,Costa Rica,GABI,AOTW_Ponerinae_Occ_891,CRI,valid
Neoponera_apicalis,8.48017,-83.59129,Costa Rica,GABI,AOTW_Ponerinae_Occ_892,CRI,valid
Neoponera_apicalis,8.48017,-83.59129,Costa Rica,GABI,AOTW_Ponerinae_Occ_893,CRI,valid
Neoponera_apicalis,8.48017,-83.59129,Costa Rica,GABI,AOTW_Ponerinae_Occ_894,CRI,valid
Neoponera_apicalis,10.99261,-85.42948,Costa Rica,GABI,AOTW_Ponerinae_Occ_895,CRI,valid
Neoponera_apicalis,8.48017,-83.59129,Costa Rica,GABI,AOTW_Ponerinae_Occ_896,CRI,valid
Neoponera_apicalis,8.48017,-83.59129,Costa Rica,GABI,AOTW_Ponerinae_Occ_897,CRI,valid
Neoponera_apicalis,9.76745,-84.60812,Costa Rica,GABI,AOTW_Ponerinae_Occ_898,CRI,valid
Neoponera_apicalis,9.51483,-82.95537,Costa Rica,GABI,AOTW_Ponerinae_Occ_899,CRI,valid
Neoponera_apicalis,8.89147,-82.79294,Costa Rica,GABI,AOTW_Ponerinae_Occ_900,CRI,valid
Neoponera_apicalis,9.58121,-85.1367,Costa Rica,GABI,AOTW_Ponerinae_Occ_901,CRI,valid
Neoponera_apicalis,9.58121,-85.1367,Costa Rica,GABI,AOTW_Ponerinae_Occ_902,CRI,valid
Neoponera_apicalis,9.58121,-85.1367,Costa Rica,GABI,AOTW_Ponerinae_Occ_903,CRI,valid
Neoponera_apicalis,10.32804,-84.08042,Costa Rica,GABI,AOTW_Ponerinae_Occ_904,CRI,valid
Neoponera_apicalis,10.32804,-84.08042,Costa Rica,GABI,AOTW_Ponerinae_Occ_905,CRI,valid
Neoponera_apicalis,10.32804,-84.08042,Costa Rica,GABI,AOTW_Ponerinae_Occ_906,CRI,valid
Neoponera_apicalis,10.32804,-84.08042,Costa Rica,GABI,AOTW_Ponerinae_Occ_907,CRI,valid
Neoponera_apicalis,10.32804,-84.08042,Costa Rica,GABI,AOTW_Ponerinae_Occ_908,CRI,valid
Neoponera_apicalis,10.34622,-83.40107,Costa Rica,GABI,AOTW_Ponerinae_Occ_909,CRI,valid
Neoponera_apicalis,11.0343,-85.52754,Costa Rica,GABI,AOTW_Ponerinae_Occ_910,CRI,valid
Neoponera_apicalis,10.99261,-85.42948,Costa Rica,GABI,AOTW_Ponerinae_Occ_911,CRI,valid
Neoponera_apicalis,10.99261,-85.42948,Costa Rica,GABI,AOTW_Ponerinae_Occ_912,CRI,valid
Neoponera_apicalis,10.99261,-85.42948,Costa Rica,GABI,AOTW_Ponerinae_Occ_913,CRI,valid
Neoponera_apicalis,10.99261,-85.42948,Costa Rica,GABI,AOTW_Ponerinae_Occ_914,CRI,valid
Neoponera_apicalis,10.99261,-85.42948,Costa Rica,GABI,AOTW_Ponerinae_Occ_915,CRI,valid
Neoponera_apicalis,10.99261,-85.42948,Costa Rica,GABI,AOTW_Ponerinae_Occ_916,CRI,valid
Neoponera_apicalis,10.99261,-85.42948,Costa Rica,GABI,AOTW_Ponerinae_Occ_917,CRI,valid
Neoponera_apicalis,10.99261,-85.42948,Costa Rica,GABI,AOTW_Ponerinae_Occ_918,CRI,valid
Neoponera_apicalis,10.99261,-85.42948,Costa Rica,GABI,AOTW_Ponerinae_Occ_919,CRI,valid
Neoponera_apicalis,10.99261,-85.42948,Costa Rica,GABI,AOTW_Ponerinae_Occ_920,CRI,valid
Neoponera_apicalis,10.99261,-85.42948,Costa Rica,GABI,AOTW_Ponerinae_Occ_921,CRI,valid
Neoponera_apicalis,10.99261,-85.42948,Costa Rica,GABI,AOTW_Ponerinae_Occ_922,CRI,valid
Neoponera_apicalis,10.99261,-85.42948,Costa Rica,GABI,AOTW_Ponerinae_Occ_923,CRI,valid
Neoponera_apicalis,10.99261,-85.42948,Costa Rica,GABI,AOTW_Ponerinae_Occ_924,CRI,valid
Neoponera_apicalis,10.99261,-85.42948,Costa Rica,GABI,AOTW_Ponerinae_Occ_925,CRI,valid
Neoponera_apicalis,10.99261,-85.42948,Costa Rica,GABI,AOTW_Ponerinae_Occ_926,CRI,valid
Neoponera_apicalis,10.99261,-85.42948,Costa Rica,GABI,AOTW_Ponerinae_Occ_927,CRI,valid
Neoponera_apicalis,10.99261,-85.42948,Costa Rica,GABI,AOTW_Ponerinae_Occ_928,CRI,valid
Neoponera_apicalis,10.99261,-85.42948,Costa Rica,GABI,AOTW_Ponerinae_Occ_929,CRI,valid
Neoponera_apicalis,10.99261,-85.42948,Costa Rica,GABI,AOTW_Ponerinae_Occ_930,CRI,valid
Neoponera_apicalis,10.99261,-85.42948,Costa Rica,GABI,AOTW_Ponerinae_Occ_931,CRI,valid
Neoponera_apicalis,10.99261,-85.42948,Costa Rica,GABI,AOTW_Ponerinae_Occ_932,CRI,valid
Neoponera_apicalis,10.99261,-85.42948,Costa Rica,GABI,AOTW_Ponerinae_Occ_933,CRI,valid
Neoponera_apicalis,10.99261,-85.42948,Costa Rica,GABI,AOTW_Ponerinae_Occ_934,CRI,valid
Neoponera_apicalis,10.99261,-85.42948,Costa Rica,GABI,AOTW_Ponerinae_Occ_935,CRI,valid
Neoponera_apicalis,10.99261,-85.42948,Costa Rica,GABI,AOTW_Ponerinae_Occ_936,CRI,valid
Neoponera_apicalis,10.99261,-85.42948,Costa Rica,GABI,AOTW_Ponerinae_Occ_937,CRI,valid
Neoponera_apicalis,10.99261,-85.42948,Costa Rica,GABI,AOTW_Ponerinae_Occ_938,CRI,valid
Neoponera_apicalis,10.99261,-85.42948,Costa Rica,GABI,AOTW_Ponerinae_Occ_939,CRI,valid
Neoponera_apicalis,10.99261,-85.42948,Costa Rica,GABI,AOTW_Ponerinae_Occ_940,CRI,valid
Dinoponera_mutica,-9.733333,-61.866667,Brazil,GABI,AOTW_Ponerinae_Occ_941,BRA,valid
Neoponera_apicalis,10.99261,-85.42948,Costa Rica,GABI,AOTW_Ponerinae_Occ_942,CRI,valid
Neoponera_apicalis,10.99261,-85.42948,Costa Rica,GABI,AOTW_Ponerinae_Occ_943,CRI,valid
Neoponera_apicalis,10.99261,-85.42948,Costa Rica,GABI,AOTW_Ponerinae_Occ_944,CRI,valid
Neoponera_apicalis,10.99261,-85.42948,Costa Rica,GABI,AOTW_Ponerinae_Occ_945,CRI,valid
Neoponera_apicalis,10.99261,-85.42948,Costa Rica,GABI,AOTW_Ponerinae_Occ_946,CRI,valid
Neoponera_apicalis,10.99261,-85.42948,Costa Rica,GABI,AOTW_Ponerinae_Occ_947,CRI,valid
Neoponera_apicalis,10.99261,-85.42948,Costa Rica,GABI,AOTW_Ponerinae_Occ_948,CRI,valid
Neoponera_apicalis,10.99261,-85.42948,Costa Rica,GABI,AOTW_Ponerinae_Occ_949,CRI,valid
Neoponera_apicalis,10.99261,-85.42948,Costa Rica,GABI,AOTW_Ponerinae_Occ_950,CRI,valid
Neoponera_apicalis,10.99261,-85.42948,Costa Rica,GABI,AOTW_Ponerinae_Occ_951,CRI,valid
Neoponera_apicalis,10.99261,-85.42948,Costa Rica,GABI,AOTW_Ponerinae_Occ_952,CRI,valid
Neoponera_apicalis,11.02246,-85.42592,Costa Rica,GABI,AOTW_Ponerinae_Occ_953,CRI,valid
Neoponera_apicalis,10.99261,-85.42948,Costa Rica,GABI,AOTW_Ponerinae_Occ_954,CRI,valid
Neoponera_apicalis,10.97855,-85.44407,Costa Rica,GABI,AOTW_Ponerinae_Occ_955,CRI,valid
Neoponera_apicalis,11.02246,-85.42592,Costa Rica,GABI,AOTW_Ponerinae_Occ_956,CRI,valid
Neoponera_apicalis,11.02246,-85.42592,Costa Rica,GABI,AOTW_Ponerinae_Occ_957,CRI,valid
Neoponera_apicalis,11.02246,-85.42592,Costa Rica,GABI,AOTW_Ponerinae_Occ_958,CRI,valid
Neoponera_apicalis,11.02246,-85.42592,Costa Rica,GABI,AOTW_Ponerinae_Occ_959,CRI,valid
Neoponera_apicalis,11.02246,-85.42592,Costa Rica,GABI,AOTW_Ponerinae_Occ_960,CRI,valid
Neoponera_apicalis,11.02246,-85.42592,Costa Rica,GABI,AOTW_Ponerinae_Occ_961,CRI,valid
Neoponera_apicalis,11.02246,-85.42592,Costa Rica,GABI,AOTW_Ponerinae_Occ_962,CRI,valid
Neoponera_apicalis,11.02246,-85.42592,Costa Rica,GABI,AOTW_Ponerinae_Occ_963,CRI,valid
Neoponera_apicalis,11.02246,-85.42592,Costa Rica,GABI,AOTW_Ponerinae_Occ_964,CRI,valid
Neoponera_apicalis,11.02246,-85.42592,Costa Rica,GABI,AOTW_Ponerinae_Occ_965,CRI,valid
Neoponera_apicalis,11.02246,-85.42592,Costa Rica,GABI,AOTW_Ponerinae_Occ_966,CRI,valid
Neoponera_apicalis,11.02246,-85.42592,Costa Rica,GABI,AOTW_Ponerinae_Occ_967,CRI,valid
Neoponera_apicalis,11.02246,-85.42592,Costa Rica,GABI,AOTW_Ponerinae_Occ_968,CRI,valid
Neoponera_apicalis,11.02246,-85.42592,Costa Rica,GABI,AOTW_Ponerinae_Occ_969,CRI,valid
Neoponera_apicalis,11.02246,-85.42592,Costa Rica,GABI,AOTW_Ponerinae_Occ_970,CRI,valid
Neoponera_apicalis,11.02246,-85.42592,Costa Rica,GABI,AOTW_Ponerinae_Occ_971,CRI,valid
Neoponera_apicalis,11.02246,-85.42592,Costa Rica,GABI,AOTW_Ponerinae_Occ_972,CRI,valid
Neoponera_apicalis,11.02246,-85.42592,Costa Rica,GABI,AOTW_Ponerinae_Occ_973,CRI,valid
Neoponera_apicalis,11.02246,-85.42592,Costa Rica,GABI,AOTW_Ponerinae_Occ_974,CRI,valid
Neoponera_apicalis,11.02246,-85.42592,Costa Rica,GABI,AOTW_Ponerinae_Occ_975,CRI,valid
Neoponera_apicalis,11.02246,-85.42592,Costa Rica,GABI,AOTW_Ponerinae_Occ_976,CRI,valid
Neoponera_apicalis,11.02246,-85.42592,Costa Rica,GABI,AOTW_Ponerinae_Occ_977,CRI,valid
Neoponera_apicalis,11.02246,-85.42592,Costa Rica,GABI,AOTW_Ponerinae_Occ_978,CRI,valid
Neoponera_apicalis,11.02246,-85.42592,Costa Rica,GABI,AOTW_Ponerinae_Occ_979,CRI,valid
Neoponera_apicalis,11.02246,-85.42592,Costa Rica,GABI,AOTW_Ponerinae_Occ_980,CRI,valid
Neoponera_apicalis,11.02246,-85.42592,Costa Rica,GABI,AOTW_Ponerinae_Occ_981,CRI,valid
Neoponera_apicalis,11.02246,-85.42592,Costa Rica,GABI,AOTW_Ponerinae_Occ_982,CRI,valid
Neoponera_apicalis,11.02246,-85.42592,Costa Rica,GABI,AOTW_Ponerinae_Occ_983,CRI,valid
Neoponera_apicalis,11.02246,-85.42592,Costa Rica,GABI,AOTW_Ponerinae_Occ_984,CRI,valid
Neoponera_apicalis,11.02246,-85.42592,Costa Rica,GABI,AOTW_Ponerinae_Occ_985,CRI,valid
Neoponera_apicalis,11.02246,-85.42592,Costa Rica,GABI,AOTW_Ponerinae_Occ_986,CRI,valid
Neoponera_apicalis,11.02246,-85.42592,Costa Rica,GABI,AOTW_Ponerinae_Occ_987,CRI,valid
Neoponera_apicalis,11.02246,-85.42592,Costa Rica,GABI,AOTW_Ponerinae_Occ_988,CRI,valid
Neoponera_apicalis,11.02246,-85.42592,Costa Rica,GABI,AOTW_Ponerinae_Occ_989,CRI,valid
Neoponera_apicalis,11.02246,-85.42592,Costa Rica,GABI,AOTW_Ponerinae_Occ_990,CRI,valid
Neoponera_apicalis,11.02246,-85.42592,Costa Rica,GABI,AOTW_Ponerinae_Occ_991,CRI,valid
Neoponera_apicalis,11.02246,-85.42592,Costa Rica,GABI,AOTW_Ponerinae_Occ_992,CRI,valid
Neoponera_apicalis,11.02246,-85.42592,Costa Rica,GABI,AOTW_Ponerinae_Occ_993,CRI,valid
Neoponera_apicalis,11.02246,-85.42592,Costa Rica,GABI,AOTW_Ponerinae_Occ_994,CRI,valid
Neoponera_apicalis,11.02246,-85.42592,Costa Rica,GABI,AOTW_Ponerinae_Occ_995,CRI,valid
Neoponera_apicalis,11.02246,-85.42592,Costa Rica,GABI,AOTW_Ponerinae_Occ_996,CRI,valid
Neoponera_apicalis,11.02246,-85.42592,Costa Rica,GABI,AOTW_Ponerinae_Occ_997,CRI,valid
Neoponera_apicalis,11.02246,-85.42592,Costa Rica,GABI,AOTW_Ponerinae_Occ_998,CRI,valid
Neoponera_apicalis,11.02246,-85.42592,Costa Rica,GABI,AOTW_Ponerinae_Occ_999,CRI,valid
Neoponera_apicalis,11.02246,-85.42592,Costa Rica,GABI,AOTW_Ponerinae_Occ_1000,CRI,valid
Neoponera_apicalis,11.02246,-85.42592,Costa Rica,GABI,AOTW_Ponerinae_Occ_1001,CRI,valid
Neoponera_apicalis,11.02246,-85.42592,Costa Rica,GABI,AOTW_Ponerinae_Occ_1002,CRI,valid
Neoponera_apicalis,11.02246,-85.42592,Costa Rica,GABI,AOTW_Ponerinae_Occ_1003,CRI,valid
Neoponera_apicalis,11.02246,-85.42592,Costa Rica,GABI,AOTW_Ponerinae_Occ_1004,CRI,valid
Neoponera_apicalis,9.77423,-84.60812,Costa Rica,GABI,AOTW_Ponerinae_Occ_1005,CRI,valid
Neoponera_apicalis,9.77423,-84.60812,Costa Rica,GABI,AOTW_Ponerinae_Occ_1006,CRI,valid
Neoponera_apicalis,10.93008,-85.47042,Costa Rica,GABI,AOTW_Ponerinae_Occ_1007,CRI,valid
Neoponera_apicalis,10.93008,-85.47042,Costa Rica,GABI,AOTW_Ponerinae_Occ_1008,CRI,valid
Neoponera_apicalis,10.93008,-85.47042,Costa Rica,GABI,AOTW_Ponerinae_Occ_1009,CRI,valid
Neoponera_apicalis,8.6791,-83.56671,Costa Rica,GABI,AOTW_Ponerinae_Occ_1010,CRI,valid
Neoponera_apicalis,10.93008,-85.47042,Costa Rica,GABI,AOTW_Ponerinae_Occ_1011,CRI,valid
Neoponera_apicalis,10.93008,-85.47042,Costa Rica,GABI,AOTW_Ponerinae_Occ_1012,CRI,valid
Neoponera_apicalis,10.93008,-85.47042,Costa Rica,GABI,AOTW_Ponerinae_Occ_1013,CRI,valid
Neoponera_apicalis,10.93008,-85.47042,Costa Rica,GABI,AOTW_Ponerinae_Occ_1014,CRI,valid
Neoponera_apicalis,10.93008,-85.47042,Costa Rica,GABI,AOTW_Ponerinae_Occ_1015,CRI,valid
Neoponera_apicalis,10.93008,-85.47042,Costa Rica,GABI,AOTW_Ponerinae_Occ_1016,CRI,valid
Neoponera_apicalis,10.93008,-85.47042,Costa Rica,GABI,AOTW_Ponerinae_Occ_1017,CRI,valid
Neoponera_apicalis,10.93008,-85.47042,Costa Rica,GABI,AOTW_Ponerinae_Occ_1018,CRI,valid
Neoponera_apicalis,8.6791,-83.56671,Costa Rica,GABI,AOTW_Ponerinae_Occ_1019,CRI,valid
Neoponera_apicalis,8.6791,-83.56671,Costa Rica,GABI,AOTW_Ponerinae_Occ_1020,CRI,valid
Neoponera_apicalis,8.6791,-83.56671,Costa Rica,GABI,AOTW_Ponerinae_Occ_1021,CRI,valid
Neoponera_apicalis,8.6791,-83.56671,Costa Rica,GABI,AOTW_Ponerinae_Occ_1022,CRI,valid
Neoponera_apicalis,8.6791,-83.56671,Costa Rica,GABI,AOTW_Ponerinae_Occ_1023,CRI,valid
Neoponera_apicalis,8.6791,-83.56671,Costa Rica,GABI,AOTW_Ponerinae_Occ_1024,CRI,valid
Neoponera_apicalis,8.6791,-83.56671,Costa Rica,GABI,AOTW_Ponerinae_Occ_1025,CRI,valid
Neoponera_apicalis,8.6791,-83.56671,Costa Rica,GABI,AOTW_Ponerinae_Occ_1026,CRI,valid
Neoponera_apicalis,8.6791,-83.56671,Costa Rica,GABI,AOTW_Ponerinae_Occ_1027,CRI,valid
Neoponera_apicalis,8.6791,-83.56671,Costa Rica,GABI,AOTW_Ponerinae_Occ_1028,CRI,valid
Neoponera_apicalis,8.6791,-83.56671,Costa Rica,GABI,AOTW_Ponerinae_Occ_1029,CRI,valid
Neoponera_apicalis,8.6791,-83.56671,Costa Rica,GABI,AOTW_Ponerinae_Occ_1030,CRI,valid
Neoponera_apicalis,8.6791,-83.56671,Costa Rica,GABI,AOTW_Ponerinae_Occ_1031,CRI,valid
Neoponera_apicalis,10.96254,-85.49524,Costa Rica,GABI,AOTW_Ponerinae_Occ_1032,CRI,valid
Neoponera_apicalis,9.51935,-82.95628,Costa Rica,GABI,AOTW_Ponerinae_Occ_1033,CRI,valid
Neoponera_apicalis,10.96254,-85.49524,Costa Rica,GABI,AOTW_Ponerinae_Occ_1034,CRI,valid
Neoponera_apicalis,10.96254,-85.49524,Costa Rica,GABI,AOTW_Ponerinae_Occ_1035,CRI,valid
Neoponera_apicalis,10.96254,-85.49524,Costa Rica,GABI,AOTW_Ponerinae_Occ_1036,CRI,valid
Neoponera_apicalis,10.96254,-85.49524,Costa Rica,GABI,AOTW_Ponerinae_Occ_1037,CRI,valid
Neoponera_apicalis,10.96254,-85.49524,Costa Rica,GABI,AOTW_Ponerinae_Occ_1038,CRI,valid
Neoponera_apicalis,10.96254,-85.49524,Costa Rica,GABI,AOTW_Ponerinae_Occ_1039,CRI,valid
Neoponera_apicalis,10.96254,-85.49524,Costa Rica,GABI,AOTW_Ponerinae_Occ_1040,CRI,valid
Neoponera_apicalis,10.96254,-85.49524,Costa Rica,GABI,AOTW_Ponerinae_Occ_1041,CRI,valid
Neoponera_apicalis,10.01439,-83.0678,Costa Rica,GABI,AOTW_Ponerinae_Occ_1042,CRI,valid
Neoponera_apicalis,10.59427,-83.71651,Costa Rica,GABI,AOTW_Ponerinae_Occ_1043,CRI,valid
Neoponera_apicalis,10.59427,-83.71651,Costa Rica,GABI,AOTW_Ponerinae_Occ_1044,CRI,valid
Neoponera_apicalis,10.59427,-83.71651,Costa Rica,GABI,AOTW_Ponerinae_Occ_1045,CRI,valid
Neoponera_apicalis,10.59427,-83.71651,Costa Rica,GABI,AOTW_Ponerinae_Occ_1046,CRI,valid
Neoponera_apicalis,9.51935,-82.95628,Costa Rica,GABI,AOTW_Ponerinae_Occ_1047,CRI,valid
Neoponera_apicalis,10.59427,-83.71651,Costa Rica,GABI,AOTW_Ponerinae_Occ_1048,CRI,valid
Neoponera_apicalis,10.59427,-83.71651,Costa Rica,GABI,AOTW_Ponerinae_Occ_1049,CRI,valid
Neoponera_apicalis,10.59427,-83.71651,Costa Rica,GABI,AOTW_Ponerinae_Occ_1050,CRI,valid
Neoponera_apicalis,10.59427,-83.71651,Costa Rica,GABI,AOTW_Ponerinae_Occ_1051,CRI,valid
Neoponera_apicalis,10.59427,-83.71651,Costa Rica,GABI,AOTW_Ponerinae_Occ_1052,CRI,valid
Neoponera_apicalis,10.59427,-83.71651,Costa Rica,GABI,AOTW_Ponerinae_Occ_1053,CRI,valid
Neoponera_apicalis,10.59427,-83.71651,Costa Rica,GABI,AOTW_Ponerinae_Occ_1054,CRI,valid
Neoponera_apicalis,10.59427,-83.71651,Costa Rica,GABI,AOTW_Ponerinae_Occ_1055,CRI,valid
Neoponera_apicalis,10.59427,-83.71651,Costa Rica,GABI,AOTW_Ponerinae_Occ_1056,CRI,valid
Neoponera_apicalis,10.59427,-83.71651,Costa Rica,GABI,AOTW_Ponerinae_Occ_1057,CRI,valid
Neoponera_apicalis,10.59427,-83.71651,Costa Rica,GABI,AOTW_Ponerinae_Occ_1058,CRI,valid
Neoponera_apicalis,10.59427,-83.71651,Costa Rica,GABI,AOTW_Ponerinae_Occ_1059,CRI,valid
Neoponera_apicalis,10.59427,-83.71651,Costa Rica,GABI,AOTW_Ponerinae_Occ_1060,CRI,valid
Neoponera_apicalis,10.59427,-83.71651,Costa Rica,GABI,AOTW_Ponerinae_Occ_1061,CRI,valid
Neoponera_apicalis,10.59427,-83.71651,Costa Rica,GABI,AOTW_Ponerinae_Occ_1062,CRI,valid
Neoponera_apicalis,10.59427,-83.71651,Costa Rica,GABI,AOTW_Ponerinae_Occ_1063,CRI,valid
Neoponera_apicalis,10.59427,-83.71651,Costa Rica,GABI,AOTW_Ponerinae_Occ_1064,CRI,valid
Neoponera_apicalis,10.59427,-83.71651,Costa Rica,GABI,AOTW_Ponerinae_Occ_1065,CRI,valid
Neoponera_apicalis,10.59427,-83.71651,Costa Rica,GABI,AOTW_Ponerinae_Occ_1066,CRI,valid
Neoponera_apicalis,10.59427,-83.71651,Costa Rica,GABI,AOTW_Ponerinae_Occ_1067,CRI,valid
Neoponera_apicalis,10.59427,-83.71651,Costa Rica,GABI,AOTW_Ponerinae_Occ_1068,CRI,valid
Neoponera_apicalis,10.59427,-83.71651,Costa Rica,GABI,AOTW_Ponerinae_Occ_1069,CRI,valid
Neoponera_apicalis,9.77429,-84.52746,Costa Rica,GABI,AOTW_Ponerinae_Occ_1070,CRI,valid
Neoponera_apicalis,10.31667,-84.71667,Costa Rica,GABI,AOTW_Ponerinae_Occ_1071,CRI,valid
Neoponera_apicalis,10.31667,-84.71667,Costa Rica,GABI,AOTW_Ponerinae_Occ_1072,CRI,valid
Neoponera_apicalis,10.31667,-84.71667,Costa Rica,GABI,AOTW_Ponerinae_Occ_1073,CRI,valid
Neoponera_apicalis,10.31667,-84.71667,Costa Rica,GABI,AOTW_Ponerinae_Occ_1074,CRI,valid
Neoponera_apicalis,10.31667,-84.71667,Costa Rica,GABI,AOTW_Ponerinae_Occ_1075,CRI,valid
Neoponera_apicalis,10.31667,-84.71667,Costa Rica,GABI,AOTW_Ponerinae_Occ_1076,CRI,valid
Neoponera_apicalis,10.40126,-84.05023,Costa Rica,GABI,AOTW_Ponerinae_Occ_1077,CRI,valid
Neoponera_apicalis,10.40126,-84.05023,Costa Rica,GABI,AOTW_Ponerinae_Occ_1078,CRI,valid
Neoponera_apicalis,10.40126,-84.05023,Costa Rica,GABI,AOTW_Ponerinae_Occ_1079,CRI,valid
Neoponera_apicalis,10.77678,-85.35191,Costa Rica,GABI,AOTW_Ponerinae_Occ_1080,CRI,valid
Neoponera_apicalis,10.40216,-84.05023,Costa Rica,GABI,AOTW_Ponerinae_Occ_1081,CRI,valid
Neoponera_apicalis,9.51935,-82.95628,Costa Rica,GABI,AOTW_Ponerinae_Occ_1082,CRI,valid
Neoponera_apicalis,9.51935,-82.95628,Costa Rica,GABI,AOTW_Ponerinae_Occ_1083,CRI,valid
Neoponera_apicalis,9.67177,-83.0277,Costa Rica,GABI,AOTW_Ponerinae_Occ_1084,CRI,valid
Neoponera_apicalis,9.67177,-83.0277,Costa Rica,GABI,AOTW_Ponerinae_Occ_1085,CRI,valid
Neoponera_apicalis,9.67177,-83.0277,Costa Rica,GABI,AOTW_Ponerinae_Occ_1086,CRI,valid
Neoponera_apicalis,9.67177,-83.0277,Costa Rica,GABI,AOTW_Ponerinae_Occ_1087,CRI,valid
Neoponera_apicalis,9.67177,-83.0277,Costa Rica,GABI,AOTW_Ponerinae_Occ_1088,CRI,valid
Neoponera_apicalis,9.67177,-83.0277,Costa Rica,GABI,AOTW_Ponerinae_Occ_1089,CRI,valid
Neoponera_apicalis,10.35,-84.05,Costa Rica,GABI,AOTW_Ponerinae_Occ_1090,CRI,valid
Neoponera_apicalis,10.35,-84.05,Costa Rica,GABI,AOTW_Ponerinae_Occ_1091,CRI,valid
Neoponera_apicalis,10.35,-84.05,Costa Rica,GABI,AOTW_Ponerinae_Occ_1092,CRI,valid
Neoponera_apicalis,10.35,-84.05,Costa Rica,GABI,AOTW_Ponerinae_Occ_1093,CRI,valid
Neoponera_apicalis,10.33333,-84.06667,Costa Rica,GABI,AOTW_Ponerinae_Occ_1094,CRI,valid
Neoponera_apicalis,10.33333,-84.06667,Costa Rica,GABI,AOTW_Ponerinae_Occ_1095,CRI,valid
Neoponera_apicalis,10.33333,-84.06667,Costa Rica,GABI,AOTW_Ponerinae_Occ_1096,CRI,valid
Neoponera_apicalis,10.33333,-84.06667,Costa Rica,GABI,AOTW_Ponerinae_Occ_1097,CRI,valid
Neoponera_apicalis,10.33333,-84.06667,Costa Rica,GABI,AOTW_Ponerinae_Occ_1098,CRI,valid
Neoponera_apicalis,10.33333,-84.06667,Costa Rica,GABI,AOTW_Ponerinae_Occ_1099,CRI,valid
Neoponera_apicalis,10.33333,-84.06667,Costa Rica,GABI,AOTW_Ponerinae_Occ_1100,CRI,valid
Neoponera_bugabensis,10.64405,-83.74201,Costa Rica,GABI,AOTW_Ponerinae_Occ_1101,CRI,valid
Neoponera_bugabensis,10.14889,-83.95191,Costa Rica,GABI,AOTW_Ponerinae_Occ_1102,CRI,valid
Neoponera_bugabensis,9.38773,-84.13281,Costa Rica,GABI,AOTW_Ponerinae_Occ_1103,CRI,valid
Neoponera_bugabensis,10.99261,-85.42948,Costa Rica,GABI,AOTW_Ponerinae_Occ_1104,CRI,valid
Neoponera_bugabensis,10.99261,-85.42948,Costa Rica,GABI,AOTW_Ponerinae_Occ_1105,CRI,valid
Neoponera_bugabensis,10.99261,-85.42948,Costa Rica,GABI,AOTW_Ponerinae_Occ_1106,CRI,valid
Neoponera_bugabensis,10.99261,-85.42948,Costa Rica,GABI,AOTW_Ponerinae_Occ_1107,CRI,valid
Neoponera_bugabensis,10.99261,-85.42948,Costa Rica,GABI,AOTW_Ponerinae_Occ_1108,CRI,valid
Neoponera_bugabensis,11.02246,-85.42592,Costa Rica,GABI,AOTW_Ponerinae_Occ_1109,CRI,valid
Neoponera_bugabensis,10.99036,-85.42718,Costa Rica,GABI,AOTW_Ponerinae_Occ_1110,CRI,valid
Neoponera_bugabensis,10.99036,-85.42718,Costa Rica,GABI,AOTW_Ponerinae_Occ_1111,CRI,valid
Neoponera_bugabensis,8.6791,-83.56671,Costa Rica,GABI,AOTW_Ponerinae_Occ_1112,CRI,valid
Neoponera_bugabensis,8.6791,-83.56671,Costa Rica,GABI,AOTW_Ponerinae_Occ_1113,CRI,valid
Neoponera_bugabensis,10.59427,-83.71651,Costa Rica,GABI,AOTW_Ponerinae_Occ_1114,CRI,valid
Neoponera_bugabensis,10.59427,-83.71651,Costa Rica,GABI,AOTW_Ponerinae_Occ_1115,CRI,valid
Neoponera_bugabensis,9.76258,-83.78651,Costa Rica,GABI,AOTW_Ponerinae_Occ_1116,CRI,valid
Neoponera_bugabensis,10.31667,-84.71667,Costa Rica,GABI,AOTW_Ponerinae_Occ_1117,CRI,valid
Neoponera_bugabensis,10.31667,-84.71667,Costa Rica,GABI,AOTW_Ponerinae_Occ_1118,CRI,valid
Neoponera_bugabensis,10.21953,-84.60076,Costa Rica,GABI,AOTW_Ponerinae_Occ_1119,CRI,valid
Neoponera_bugabensis,10.61046,-84.99497,Costa Rica,GABI,AOTW_Ponerinae_Occ_1120,CRI,valid
Neoponera_bugabensis,10.61046,-84.99497,Costa Rica,GABI,AOTW_Ponerinae_Occ_1121,CRI,valid
Neoponera_bugabensis,10.40216,-84.05023,Costa Rica,GABI,AOTW_Ponerinae_Occ_1122,CRI,valid
Neoponera_bugabensis,10.57559,-85.02322,Costa Rica,GABI,AOTW_Ponerinae_Occ_1123,CRI,valid
Neoponera_bugabensis,10.88327,-85.41354,Costa Rica,GABI,AOTW_Ponerinae_Occ_1124,CRI,valid
Neoponera_bugabensis,8.9791,-83.2638,Costa Rica,GABI,AOTW_Ponerinae_Occ_1125,CRI,valid
Neoponera_bugabensis,10.35,-84.05,Costa Rica,GABI,AOTW_Ponerinae_Occ_1126,CRI,valid
Neoponera_bugabensis,10.35,-84.05,Costa Rica,GABI,AOTW_Ponerinae_Occ_1127,CRI,valid
Neoponera_bugabensis,10.35,-84.05,Costa Rica,GABI,AOTW_Ponerinae_Occ_1128,CRI,valid
Neoponera_bugabensis,10.35,-84.05,Costa Rica,GABI,AOTW_Ponerinae_Occ_1129,CRI,valid
Neoponera_bugabensis,10.35,-84.05,Costa Rica,GABI,AOTW_Ponerinae_Occ_1130,CRI,valid
Neoponera_bugabensis,10.35,-84.05,Costa Rica,GABI,AOTW_Ponerinae_Occ_1131,CRI,valid
Neoponera_bugabensis,10.35,-84.05,Costa Rica,GABI,AOTW_Ponerinae_Occ_1132,CRI,valid
Neoponera_bugabensis,10.35,-84.05,Costa Rica,GABI,AOTW_Ponerinae_Occ_1133,CRI,valid
Neoponera_bugabensis,10.35,-84.05,Costa Rica,GABI,AOTW_Ponerinae_Occ_1134,CRI,valid
Neoponera_bugabensis,10.35,-84.05,Costa Rica,GABI,AOTW_Ponerinae_Occ_1135,CRI,valid
Neoponera_bugabensis,10.35,-84.05,Costa Rica,GABI,AOTW_Ponerinae_Occ_1136,CRI,valid
Neoponera_bugabensis,10.35,-84.05,Costa Rica,GABI,AOTW_Ponerinae_Occ_1137,CRI,valid
Neoponera_bugabensis,10.35,-84.05,Costa Rica,GABI,AOTW_Ponerinae_Occ_1138,CRI,valid
Neoponera_bugabensis,10.33333,-84.06667,Costa Rica,GABI,AOTW_Ponerinae_Occ_1139,CRI,valid
Neoponera_bugabensis,10.33333,-84.06667,Costa Rica,GABI,AOTW_Ponerinae_Occ_1140,CRI,valid
Neoponera_bugabensis,10.33333,-84.06667,Costa Rica,GABI,AOTW_Ponerinae_Occ_1141,CRI,valid
Neoponera_bugabensis,10.33333,-84.06667,Costa Rica,GABI,AOTW_Ponerinae_Occ_1142,CRI,valid
Neoponera_bugabensis,10.33333,-84.06667,Costa Rica,GABI,AOTW_Ponerinae_Occ_1143,CRI,valid
Neoponera_bugabensis,10.33333,-84.06667,Costa Rica,GABI,AOTW_Ponerinae_Occ_1144,CRI,valid
Neoponera_bugabensis,10.33333,-84.06667,Costa Rica,GABI,AOTW_Ponerinae_Occ_1145,CRI,valid
Neoponera_bugabensis,10.33333,-84.06667,Costa Rica,GABI,AOTW_Ponerinae_Occ_1146,CRI,valid
Neoponera_carinulata,8.48017,-83.59129,Costa Rica,GABI,AOTW_Ponerinae_Occ_1147,CRI,valid
Neoponera_carinulata,8.48017,-83.59129,Costa Rica,GABI,AOTW_Ponerinae_Occ_1148,CRI,valid
Neoponera_carinulata,9.76745,-84.60812,Costa Rica,GABI,AOTW_Ponerinae_Occ_1149,CRI,valid
Neoponera_carinulata,9.58121,-85.1367,Costa Rica,GABI,AOTW_Ponerinae_Occ_1150,CRI,valid
Neoponera_carinulata,9.77423,-84.60812,Costa Rica,GABI,AOTW_Ponerinae_Occ_1151,CRI,valid
Neoponera_carinulata,8.6791,-83.56671,Costa Rica,GABI,AOTW_Ponerinae_Occ_1152,CRI,valid
Neoponera_carinulata,8.6791,-83.56671,Costa Rica,GABI,AOTW_Ponerinae_Occ_1153,CRI,valid
Neoponera_carinulata,10.59427,-83.71651,Costa Rica,GABI,AOTW_Ponerinae_Occ_1154,CRI,valid
Neoponera_carinulata,10.59427,-83.71651,Costa Rica,GABI,AOTW_Ponerinae_Occ_1155,CRI,valid
Neoponera_carinulata,10.33333,-84.08333,Costa Rica,GABI,AOTW_Ponerinae_Occ_1156,CRI,valid
Neoponera_carinulata,10.33333,-84.08333,Costa Rica,GABI,AOTW_Ponerinae_Occ_1157,CRI,valid
Neoponera_carinulata,10.35,-84.05,Costa Rica,GABI,AOTW_Ponerinae_Occ_1158,CRI,valid
Neoponera_carinulata,10.35,-84.05,Costa Rica,GABI,AOTW_Ponerinae_Occ_1159,CRI,valid
Neoponera_carinulata,10.35,-84.05,Costa Rica,GABI,AOTW_Ponerinae_Occ_1160,CRI,valid
Neoponera_carinulata,10.35,-84.05,Costa Rica,GABI,AOTW_Ponerinae_Occ_1161,CRI,valid
Neoponera_carinulata,10.35,-84.05,Costa Rica,GABI,AOTW_Ponerinae_Occ_1162,CRI,valid
Neoponera_carinulata,10.35,-84.05,Costa Rica,GABI,AOTW_Ponerinae_Occ_1163,CRI,valid
Neoponera_carinulata,10.35,-84.05,Costa Rica,GABI,AOTW_Ponerinae_Occ_1164,CRI,valid
Neoponera_carinulata,10.35,-84.05,Costa Rica,GABI,AOTW_Ponerinae_Occ_1165,CRI,valid
Neoponera_carinulata,10.35,-84.05,Costa Rica,GABI,AOTW_Ponerinae_Occ_1166,CRI,valid
Neoponera_carinulata,10.35,-84.05,Costa Rica,GABI,AOTW_Ponerinae_Occ_1167,CRI,valid
Neoponera_villosa,10.26706,-83.76828,Costa Rica,GABI,AOTW_Ponerinae_Occ_1168,CRI,valid
Neoponera_carinulata,10.35,-84.05,Costa Rica,GABI,AOTW_Ponerinae_Occ_1169,CRI,valid
Neoponera_carinulata,10.33333,-84.06667,Costa Rica,GABI,AOTW_Ponerinae_Occ_1170,CRI,valid
Neoponera_carinulata,10.33333,-84.06667,Costa Rica,GABI,AOTW_Ponerinae_Occ_1171,CRI,valid
Neoponera_carinulata,10.33333,-84.06667,Costa Rica,GABI,AOTW_Ponerinae_Occ_1172,CRI,valid
Neoponera_carinulata,10.33333,-84.06667,Costa Rica,GABI,AOTW_Ponerinae_Occ_1173,CRI,valid
Neoponera_carinulata,10.33333,-84.06667,Costa Rica,GABI,AOTW_Ponerinae_Occ_1174,CRI,valid
Neoponera_carinulata,10.33333,-84.06667,Costa Rica,GABI,AOTW_Ponerinae_Occ_1175,CRI,valid
Neoponera_carinulata,10.33333,-84.06667,Costa Rica,GABI,AOTW_Ponerinae_Occ_1176,CRI,valid
Neoponera_crenata,10.64405,-83.74201,Costa Rica,GABI,AOTW_Ponerinae_Occ_1177,CRI,valid
Neoponera_crenata,10.64405,-83.74201,Costa Rica,GABI,AOTW_Ponerinae_Occ_1178,CRI,valid
Neoponera_crenata,10.64405,-83.74201,Costa Rica,GABI,AOTW_Ponerinae_Occ_1179,CRI,valid
Neoponera_crenata,8.48017,-83.59129,Costa Rica,GABI,AOTW_Ponerinae_Occ_1180,CRI,valid
Neoponera_crenata,8.48017,-83.59129,Costa Rica,GABI,AOTW_Ponerinae_Occ_1181,CRI,valid
Neoponera_crenata,8.48017,-83.59129,Costa Rica,GABI,AOTW_Ponerinae_Occ_1182,CRI,valid
Neoponera_crenata,8.48017,-83.59129,Costa Rica,GABI,AOTW_Ponerinae_Occ_1183,CRI,valid
Neoponera_crenata,8.48017,-83.59129,Costa Rica,GABI,AOTW_Ponerinae_Occ_1184,CRI,valid
Neoponera_crenata,9.76745,-84.60812,Costa Rica,GABI,AOTW_Ponerinae_Occ_1185,CRI,valid
Neoponera_crenata,9.76745,-84.60812,Costa Rica,GABI,AOTW_Ponerinae_Occ_1186,CRI,valid
Neoponera_crenata,9.76745,-84.60812,Costa Rica,GABI,AOTW_Ponerinae_Occ_1187,CRI,valid
Neoponera_crenata,9.76745,-84.60812,Costa Rica,GABI,AOTW_Ponerinae_Occ_1188,CRI,valid
Neoponera_crenata,9.38773,-84.13281,Costa Rica,GABI,AOTW_Ponerinae_Occ_1189,CRI,valid
Neoponera_crenata,9.38773,-84.13281,Costa Rica,GABI,AOTW_Ponerinae_Occ_1190,CRI,valid
Neoponera_crenata,9.38773,-84.13281,Costa Rica,GABI,AOTW_Ponerinae_Occ_1191,CRI,valid
Neoponera_crenata,9.38773,-84.13281,Costa Rica,GABI,AOTW_Ponerinae_Occ_1192,CRI,valid
Neoponera_crenata,10.99261,-85.42948,Costa Rica,GABI,AOTW_Ponerinae_Occ_1193,CRI,valid
Neoponera_crenata,10.99261,-85.42948,Costa Rica,GABI,AOTW_Ponerinae_Occ_1194,CRI,valid
Neoponera_crenata,10.99261,-85.42948,Costa Rica,GABI,AOTW_Ponerinae_Occ_1195,CRI,valid
Neoponera_crenata,10.99261,-85.42948,Costa Rica,GABI,AOTW_Ponerinae_Occ_1196,CRI,valid
Neoponera_crenata,10.99261,-85.42948,Costa Rica,GABI,AOTW_Ponerinae_Occ_1197,CRI,valid
Neoponera_crenata,10.99261,-85.42948,Costa Rica,GABI,AOTW_Ponerinae_Occ_1198,CRI,valid
Neoponera_crenata,10.99261,-85.42948,Costa Rica,GABI,AOTW_Ponerinae_Occ_1199,CRI,valid
Neoponera_crenata,10.93008,-85.47042,Costa Rica,GABI,AOTW_Ponerinae_Occ_1200,CRI,valid
Neoponera_crenata,10.93008,-85.47042,Costa Rica,GABI,AOTW_Ponerinae_Occ_1201,CRI,valid
Neoponera_crenata,10.93008,-85.47042,Costa Rica,GABI,AOTW_Ponerinae_Occ_1202,CRI,valid
Neoponera_crenata,10.93008,-85.47042,Costa Rica,GABI,AOTW_Ponerinae_Occ_1203,CRI,valid
Neoponera_crenata,10.93008,-85.47042,Costa Rica,GABI,AOTW_Ponerinae_Occ_1204,CRI,valid
Neoponera_crenata,10.93008,-85.47042,Costa Rica,GABI,AOTW_Ponerinae_Occ_1205,CRI,valid
Neoponera_crenata,10.93008,-85.47042,Costa Rica,GABI,AOTW_Ponerinae_Occ_1206,CRI,valid
Neoponera_crenata,10.93008,-85.47042,Costa Rica,GABI,AOTW_Ponerinae_Occ_1207,CRI,valid
Neoponera_crenata,10.93008,-85.47042,Costa Rica,GABI,AOTW_Ponerinae_Occ_1208,CRI,valid
Neoponera_crenata,10.93008,-85.47042,Costa Rica,GABI,AOTW_Ponerinae_Occ_1209,CRI,valid
Neoponera_crenata,10.93008,-85.47042,Costa Rica,GABI,AOTW_Ponerinae_Occ_1210,CRI,valid
Neoponera_crenata,10.93008,-85.47042,Costa Rica,GABI,AOTW_Ponerinae_Occ_1211,CRI,valid
Neoponera_crenata,10.93008,-85.47042,Costa Rica,GABI,AOTW_Ponerinae_Occ_1212,CRI,valid
Neoponera_crenata,10.93008,-85.47042,Costa Rica,GABI,AOTW_Ponerinae_Occ_1213,CRI,valid
Neoponera_crenata,10.93008,-85.47042,Costa Rica,GABI,AOTW_Ponerinae_Occ_1214,CRI,valid
Neoponera_crenata,10.93008,-85.47042,Costa Rica,GABI,AOTW_Ponerinae_Occ_1215,CRI,valid
Neoponera_crenata,8.76885,-83.25676,Costa Rica,GABI,AOTW_Ponerinae_Occ_1216,CRI,valid
Neoponera_crenata,8.6791,-83.56671,Costa Rica,GABI,AOTW_Ponerinae_Occ_1217,CRI,valid
Neoponera_crenata,8.6791,-83.56671,Costa Rica,GABI,AOTW_Ponerinae_Occ_1218,CRI,valid
Neoponera_crenata,8.6791,-83.56671,Costa Rica,GABI,AOTW_Ponerinae_Occ_1219,CRI,valid
Neoponera_crenata,8.6791,-83.56671,Costa Rica,GABI,AOTW_Ponerinae_Occ_1220,CRI,valid
Neoponera_crenata,10.53955,-83.50648,Costa Rica,GABI,AOTW_Ponerinae_Occ_1221,CRI,valid
Neoponera_crenata,10.53955,-83.50648,Costa Rica,GABI,AOTW_Ponerinae_Occ_1222,CRI,valid
Neoponera_crenata,10.35,-84.05,Costa Rica,GABI,AOTW_Ponerinae_Occ_1223,CRI,valid
Neoponera_crenata,10.35,-84.05,Costa Rica,GABI,AOTW_Ponerinae_Occ_1224,CRI,valid
Neoponera_crenata,10.35,-84.05,Costa Rica,GABI,AOTW_Ponerinae_Occ_1225,CRI,valid
Neoponera_crenata,10.35,-84.05,Costa Rica,GABI,AOTW_Ponerinae_Occ_1226,CRI,valid
Neoponera_crenata,10.35,-84.05,Costa Rica,GABI,AOTW_Ponerinae_Occ_1227,CRI,valid
Neoponera_crenata,10.35,-84.05,Costa Rica,GABI,AOTW_Ponerinae_Occ_1228,CRI,valid
Neoponera_crenata,10.35,-84.05,Costa Rica,GABI,AOTW_Ponerinae_Occ_1229,CRI,valid
Neoponera_crenata,10.35,-84.05,Costa Rica,GABI,AOTW_Ponerinae_Occ_1230,CRI,valid
Neoponera_crenata,10.35,-84.05,Costa Rica,GABI,AOTW_Ponerinae_Occ_1231,CRI,valid
Neoponera_crenata,10.35,-84.05,Costa Rica,GABI,AOTW_Ponerinae_Occ_1232,CRI,valid
Neoponera_crenata,10.35,-84.05,Costa Rica,GABI,AOTW_Ponerinae_Occ_1233,CRI,valid
Neoponera_crenata,10.35,-84.05,Costa Rica,GABI,AOTW_Ponerinae_Occ_1234,CRI,valid
Neoponera_crenata,10.35,-84.05,Costa Rica,GABI,AOTW_Ponerinae_Occ_1235,CRI,valid
Neoponera_crenata,10.35,-84.05,Costa Rica,GABI,AOTW_Ponerinae_Occ_1236,CRI,valid
Neoponera_crenata,10.35,-84.05,Costa Rica,GABI,AOTW_Ponerinae_Occ_1237,CRI,valid
Neoponera_crenata,10.35,-84.05,Costa Rica,GABI,AOTW_Ponerinae_Occ_1238,CRI,valid
Neoponera_crenata,10.35,-84.05,Costa Rica,GABI,AOTW_Ponerinae_Occ_1239,CRI,valid
Neoponera_crenata,10.35,-84.05,Costa Rica,GABI,AOTW_Ponerinae_Occ_1240,CRI,valid
Neoponera_crenata,10.35,-84.05,Costa Rica,GABI,AOTW_Ponerinae_Occ_1241,CRI,valid
Neoponera_crenata,10.35,-84.05,Costa Rica,GABI,AOTW_Ponerinae_Occ_1242,CRI,valid
Neoponera_crenata,10.35,-84.05,Costa Rica,GABI,AOTW_Ponerinae_Occ_1243,CRI,valid
Neoponera_crenata,10.35,-84.05,Costa Rica,GABI,AOTW_Ponerinae_Occ_1244,CRI,valid
Neoponera_crenata,10.35,-84.05,Costa Rica,GABI,AOTW_Ponerinae_Occ_1245,CRI,valid
Neoponera_crenata,10.33333,-84.06667,Costa Rica,GABI,AOTW_Ponerinae_Occ_1246,CRI,valid
Neoponera_crenata,10.33333,-84.06667,Costa Rica,GABI,AOTW_Ponerinae_Occ_1247,CRI,valid
Neoponera_crenata,10.33333,-84.06667,Costa Rica,GABI,AOTW_Ponerinae_Occ_1248,CRI,valid
Neoponera_crenata,10.33333,-84.06667,Costa Rica,GABI,AOTW_Ponerinae_Occ_1249,CRI,valid
Neoponera_crenata,10.33333,-84.06667,Costa Rica,GABI,AOTW_Ponerinae_Occ_1250,CRI,valid
Neoponera_crenata,10.33333,-84.06667,Costa Rica,GABI,AOTW_Ponerinae_Occ_1251,CRI,valid
Neoponera_crenata,10.33333,-84.06667,Costa Rica,GABI,AOTW_Ponerinae_Occ_1252,CRI,valid
Neoponera_crenata,10.33333,-84.06667,Costa Rica,GABI,AOTW_Ponerinae_Occ_1253,CRI,valid
Neoponera_crenata,10.33333,-84.06667,Costa Rica,GABI,AOTW_Ponerinae_Occ_1254,CRI,valid
Neoponera_crenata,10.33333,-84.06667,Costa Rica,GABI,AOTW_Ponerinae_Occ_1255,CRI,valid
Neoponera_crenata,10.33333,-84.06667,Costa Rica,GABI,AOTW_Ponerinae_Occ_1256,CRI,valid
Neoponera_crenata,10.33333,-84.06667,Costa Rica,GABI,AOTW_Ponerinae_Occ_1257,CRI,valid
Neoponera_crenata,10.33333,-84.06667,Costa Rica,GABI,AOTW_Ponerinae_Occ_1258,CRI,valid
Neoponera_crenata,10.33333,-84.06667,Costa Rica,GABI,AOTW_Ponerinae_Occ_1259,CRI,valid
Neoponera_crenata,10.33333,-84.06667,Costa Rica,GABI,AOTW_Ponerinae_Occ_1260,CRI,valid
Neoponera_crenata,10.33333,-84.06667,Costa Rica,GABI,AOTW_Ponerinae_Occ_1261,CRI,valid
Neoponera_crenata,10.33333,-84.06667,Costa Rica,GABI,AOTW_Ponerinae_Occ_1262,CRI,valid
Neoponera_crenata,10.33333,-84.06667,Costa Rica,GABI,AOTW_Ponerinae_Occ_1263,CRI,valid
Neoponera_crenata,10.33333,-84.06667,Costa Rica,GABI,AOTW_Ponerinae_Occ_1264,CRI,valid
Neoponera_crenata,10.33333,-84.06667,Costa Rica,GABI,AOTW_Ponerinae_Occ_1265,CRI,valid
Neoponera_crenata,10.33333,-84.06667,Costa Rica,GABI,AOTW_Ponerinae_Occ_1266,CRI,valid
Neoponera_crenata,10.33333,-84.06667,Costa Rica,GABI,AOTW_Ponerinae_Occ_1267,CRI,valid
Neoponera_crenata,10.33333,-84.06667,Costa Rica,GABI,AOTW_Ponerinae_Occ_1268,CRI,valid
Neoponera_crenata,10.33333,-84.06667,Costa Rica,GABI,AOTW_Ponerinae_Occ_1269,CRI,valid
Neoponera_crenata,10.33333,-84.06667,Costa Rica,GABI,AOTW_Ponerinae_Occ_1270,CRI,valid
Neoponera_crenata,10.33333,-84.06667,Costa Rica,GABI,AOTW_Ponerinae_Occ_1271,CRI,valid
Neoponera_curvinodis,10.35,-84.05,Costa Rica,GABI,AOTW_Ponerinae_Occ_1272,CRI,valid
Neoponera_dismarginata,10.31209,-84.71998,Costa Rica,GABI,AOTW_Ponerinae_Occ_1273,CRI,valid
Neoponera_dismarginata,10.31209,-84.71998,Costa Rica,GABI,AOTW_Ponerinae_Occ_1274,CRI,valid
Neoponera_dismarginata,10.31209,-84.71998,Costa Rica,GABI,AOTW_Ponerinae_Occ_1275,CRI,valid
Neoponera_dismarginata,10.61046,-84.99497,Costa Rica,GABI,AOTW_Ponerinae_Occ_1276,CRI,valid
Neoponera_dismarginata,10.61046,-84.99497,Costa Rica,GABI,AOTW_Ponerinae_Occ_1277,CRI,valid
Neoponera_dismarginata,10.61046,-84.99497,Costa Rica,GABI,AOTW_Ponerinae_Occ_1278,CRI,valid
Neoponera_dismarginata,10.61046,-84.99497,Costa Rica,GABI,AOTW_Ponerinae_Occ_1279,CRI,valid
Neoponera_dismarginata,10.61046,-84.99497,Costa Rica,GABI,AOTW_Ponerinae_Occ_1280,CRI,valid
Neoponera_foetida,10.83641,-85.61549,Costa Rica,GABI,AOTW_Ponerinae_Occ_1281,CRI,valid
Neoponera_foetida,10.83641,-85.61549,Costa Rica,GABI,AOTW_Ponerinae_Occ_1282,CRI,valid
Neoponera_foetida,10.34912,-85.35234,Costa Rica,GABI,AOTW_Ponerinae_Occ_1283,CRI,valid
Neoponera_foetida,10.34912,-85.35234,Costa Rica,GABI,AOTW_Ponerinae_Occ_1284,CRI,valid
Neoponera_foetida,10.34912,-85.35234,Costa Rica,GABI,AOTW_Ponerinae_Occ_1285,CRI,valid
Neoponera_foetida,10.32804,-84.08042,Costa Rica,GABI,AOTW_Ponerinae_Occ_1286,CRI,valid
Neoponera_foetida,10.53955,-83.50648,Costa Rica,GABI,AOTW_Ponerinae_Occ_1287,CRI,valid
Neoponera_foetida,10.40216,-84.05023,Costa Rica,GABI,AOTW_Ponerinae_Occ_1288,CRI,valid
Neoponera_foetida,10.35,-84.05,Costa Rica,GABI,AOTW_Ponerinae_Occ_1289,CRI,valid
Neoponera_foetida,10.35,-84.05,Costa Rica,GABI,AOTW_Ponerinae_Occ_1290,CRI,valid
Neoponera_foetida,10.35,-84.05,Costa Rica,GABI,AOTW_Ponerinae_Occ_1291,CRI,valid
Neoponera_foetida,10.33333,-84.06667,Costa Rica,GABI,AOTW_Ponerinae_Occ_1292,CRI,valid
Neoponera_foetida,10.33333,-84.06667,Costa Rica,GABI,AOTW_Ponerinae_Occ_1293,CRI,valid
Neoponera_insignis,10.99261,-85.42948,Costa Rica,GABI,AOTW_Ponerinae_Occ_1294,CRI,valid
Neoponera_insignis,10.99261,-85.42948,Costa Rica,GABI,AOTW_Ponerinae_Occ_1295,CRI,valid
Neoponera_insignis,10.99261,-85.42948,Costa Rica,GABI,AOTW_Ponerinae_Occ_1296,CRI,valid
Neoponera_insignis,10.99261,-85.42948,Costa Rica,GABI,AOTW_Ponerinae_Occ_1297,CRI,valid
Neoponera_insignis,10.99261,-85.42948,Costa Rica,GABI,AOTW_Ponerinae_Occ_1298,CRI,valid
Neoponera_insignis,10.99261,-85.42948,Costa Rica,GABI,AOTW_Ponerinae_Occ_1299,CRI,valid
Neoponera_insignis,11.01251,-85.42772,Costa Rica,GABI,AOTW_Ponerinae_Occ_1300,CRI,valid
Neoponera_laevigata,10.99261,-85.42948,Costa Rica,GABI,AOTW_Ponerinae_Occ_1301,CRI,valid
Neoponera_laevigata,10.99261,-85.42948,Costa Rica,GABI,AOTW_Ponerinae_Occ_1302,CRI,valid
Neoponera_laevigata,10.99261,-85.42948,Costa Rica,GABI,AOTW_Ponerinae_Occ_1303,CRI,valid
Neoponera_laevigata,10.99261,-85.42948,Costa Rica,GABI,AOTW_Ponerinae_Occ_1304,CRI,valid
Neoponera_laevigata,10.99261,-85.42948,Costa Rica,GABI,AOTW_Ponerinae_Occ_1305,CRI,valid
Neoponera_laevigata,10.99261,-85.42948,Costa Rica,GABI,AOTW_Ponerinae_Occ_1306,CRI,valid
Neoponera_laevigata,10.99261,-85.42948,Costa Rica,GABI,AOTW_Ponerinae_Occ_1307,CRI,valid
Neoponera_laevigata,10.99261,-85.42948,Costa Rica,GABI,AOTW_Ponerinae_Occ_1308,CRI,valid
Neoponera_laevigata,10.99261,-85.42948,Costa Rica,GABI,AOTW_Ponerinae_Occ_1309,CRI,valid
Neoponera_laevigata,10.99261,-85.42948,Costa Rica,GABI,AOTW_Ponerinae_Occ_1310,CRI,valid
Neoponera_laevigata,10.99261,-85.42948,Costa Rica,GABI,AOTW_Ponerinae_Occ_1311,CRI,valid
Neoponera_laevigata,10.99261,-85.42948,Costa Rica,GABI,AOTW_Ponerinae_Occ_1312,CRI,valid
Neoponera_laevigata,10.99261,-85.42948,Costa Rica,GABI,AOTW_Ponerinae_Occ_1313,CRI,valid
Neoponera_laevigata,10.99261,-85.42948,Costa Rica,GABI,AOTW_Ponerinae_Occ_1314,CRI,valid
Neoponera_laevigata,10.99261,-85.42948,Costa Rica,GABI,AOTW_Ponerinae_Occ_1315,CRI,valid
Neoponera_laevigata,10.99261,-85.42948,Costa Rica,GABI,AOTW_Ponerinae_Occ_1316,CRI,valid
Neoponera_laevigata,10.99261,-85.42948,Costa Rica,GABI,AOTW_Ponerinae_Occ_1317,CRI,valid
Neoponera_laevigata,10.99261,-85.42948,Costa Rica,GABI,AOTW_Ponerinae_Occ_1318,CRI,valid
Neoponera_laevigata,10.99261,-85.42948,Costa Rica,GABI,AOTW_Ponerinae_Occ_1319,CRI,valid
Neoponera_laevigata,10.99261,-85.42948,Costa Rica,GABI,AOTW_Ponerinae_Occ_1320,CRI,valid
Neoponera_laevigata,10.99261,-85.42948,Costa Rica,GABI,AOTW_Ponerinae_Occ_1321,CRI,valid
Neoponera_laevigata,10.99261,-85.42948,Costa Rica,GABI,AOTW_Ponerinae_Occ_1322,CRI,valid
Neoponera_laevigata,10.99261,-85.42948,Costa Rica,GABI,AOTW_Ponerinae_Occ_1323,CRI,valid
Neoponera_laevigata,10.99261,-85.42948,Costa Rica,GABI,AOTW_Ponerinae_Occ_1324,CRI,valid
Neoponera_laevigata,10.99261,-85.42948,Costa Rica,GABI,AOTW_Ponerinae_Occ_1325,CRI,valid
Neoponera_laevigata,10.99261,-85.42948,Costa Rica,GABI,AOTW_Ponerinae_Occ_1326,CRI,valid
Neoponera_laevigata,10.99261,-85.42948,Costa Rica,GABI,AOTW_Ponerinae_Occ_1327,CRI,valid
Neoponera_laevigata,10.99261,-85.42948,Costa Rica,GABI,AOTW_Ponerinae_Occ_1328,CRI,valid
Neoponera_laevigata,10.99261,-85.42948,Costa Rica,GABI,AOTW_Ponerinae_Occ_1329,CRI,valid
Neoponera_laevigata,10.99261,-85.42948,Costa Rica,GABI,AOTW_Ponerinae_Occ_1330,CRI,valid
Neoponera_laevigata,10.99261,-85.42948,Costa Rica,GABI,AOTW_Ponerinae_Occ_1331,CRI,valid
Neoponera_laevigata,10.99261,-85.42948,Costa Rica,GABI,AOTW_Ponerinae_Occ_1332,CRI,valid
Neoponera_laevigata,10.99261,-85.42948,Costa Rica,GABI,AOTW_Ponerinae_Occ_1333,CRI,valid
Neoponera_laevigata,10.99261,-85.42948,Costa Rica,GABI,AOTW_Ponerinae_Occ_1334,CRI,valid
Neoponera_laevigata,10.99261,-85.42948,Costa Rica,GABI,AOTW_Ponerinae_Occ_1335,CRI,valid
Neoponera_laevigata,10.99261,-85.42948,Costa Rica,GABI,AOTW_Ponerinae_Occ_1336,CRI,valid
Neoponera_laevigata,10.99261,-85.42948,Costa Rica,GABI,AOTW_Ponerinae_Occ_1337,CRI,valid
Neoponera_laevigata,10.99261,-85.42948,Costa Rica,GABI,AOTW_Ponerinae_Occ_1338,CRI,valid
Neoponera_laevigata,10.99261,-85.42948,Costa Rica,GABI,AOTW_Ponerinae_Occ_1339,CRI,valid
Neoponera_laevigata,10.99261,-85.42948,Costa Rica,GABI,AOTW_Ponerinae_Occ_1340,CRI,valid
Neoponera_laevigata,10.99261,-85.42948,Costa Rica,GABI,AOTW_Ponerinae_Occ_1341,CRI,valid
Neoponera_laevigata,10.99261,-85.42948,Costa Rica,GABI,AOTW_Ponerinae_Occ_1342,CRI,valid
Neoponera_laevigata,10.99261,-85.42948,Costa Rica,GABI,AOTW_Ponerinae_Occ_1343,CRI,valid
Neoponera_laevigata,10.99261,-85.42948,Costa Rica,GABI,AOTW_Ponerinae_Occ_1344,CRI,valid
Neoponera_laevigata,10.99261,-85.42948,Costa Rica,GABI,AOTW_Ponerinae_Occ_1345,CRI,valid
Neoponera_laevigata,10.99261,-85.42948,Costa Rica,GABI,AOTW_Ponerinae_Occ_1346,CRI,valid
Neoponera_laevigata,10.99261,-85.42948,Costa Rica,GABI,AOTW_Ponerinae_Occ_1347,CRI,valid
Neoponera_laevigata,10.99261,-85.42948,Costa Rica,GABI,AOTW_Ponerinae_Occ_1348,CRI,valid
Neoponera_laevigata,10.99261,-85.42948,Costa Rica,GABI,AOTW_Ponerinae_Occ_1349,CRI,valid
Neoponera_laevigata,10.99261,-85.42948,Costa Rica,GABI,AOTW_Ponerinae_Occ_1350,CRI,valid
Neoponera_laevigata,10.99261,-85.42948,Costa Rica,GABI,AOTW_Ponerinae_Occ_1351,CRI,valid
Neoponera_laevigata,10.99261,-85.42948,Costa Rica,GABI,AOTW_Ponerinae_Occ_1352,CRI,valid
Neoponera_laevigata,10.99261,-85.42948,Costa Rica,GABI,AOTW_Ponerinae_Occ_1353,CRI,valid
Neoponera_laevigata,10.99261,-85.42948,Costa Rica,GABI,AOTW_Ponerinae_Occ_1354,CRI,valid
Neoponera_laevigata,10.99261,-85.42948,Costa Rica,GABI,AOTW_Ponerinae_Occ_1355,CRI,valid
Neoponera_laevigata,10.99261,-85.42948,Costa Rica,GABI,AOTW_Ponerinae_Occ_1356,CRI,valid
Neoponera_laevigata,10.99261,-85.42948,Costa Rica,GABI,AOTW_Ponerinae_Occ_1357,CRI,valid
Neoponera_laevigata,10.99261,-85.42948,Costa Rica,GABI,AOTW_Ponerinae_Occ_1358,CRI,valid
Neoponera_laevigata,10.99261,-85.42948,Costa Rica,GABI,AOTW_Ponerinae_Occ_1359,CRI,valid
Neoponera_laevigata,10.99261,-85.42948,Costa Rica,GABI,AOTW_Ponerinae_Occ_1360,CRI,valid
Neoponera_laevigata,10.99261,-85.42948,Costa Rica,GABI,AOTW_Ponerinae_Occ_1361,CRI,valid
Neoponera_laevigata,10.99261,-85.42948,Costa Rica,GABI,AOTW_Ponerinae_Occ_1362,CRI,valid
Neoponera_laevigata,10.99261,-85.42948,Costa Rica,GABI,AOTW_Ponerinae_Occ_1363,CRI,valid
Neoponera_laevigata,10.99261,-85.42948,Costa Rica,GABI,AOTW_Ponerinae_Occ_1364,CRI,valid
Neoponera_laevigata,10.99261,-85.42948,Costa Rica,GABI,AOTW_Ponerinae_Occ_1365,CRI,valid
Neoponera_laevigata,10.99261,-85.42948,Costa Rica,GABI,AOTW_Ponerinae_Occ_1366,CRI,valid
Neoponera_villosa,10.26706,-83.76828,Costa Rica,GABI,AOTW_Ponerinae_Occ_1367,CRI,valid
Neoponera_laevigata,10.99261,-85.42948,Costa Rica,GABI,AOTW_Ponerinae_Occ_1368,CRI,valid
Neoponera_laevigata,10.99261,-85.42948,Costa Rica,GABI,AOTW_Ponerinae_Occ_1369,CRI,valid
Neoponera_laevigata,10.99261,-85.42948,Costa Rica,GABI,AOTW_Ponerinae_Occ_1370,CRI,valid
Neoponera_laevigata,10.99261,-85.42948,Costa Rica,GABI,AOTW_Ponerinae_Occ_1371,CRI,valid
Neoponera_laevigata,10.99261,-85.42948,Costa Rica,GABI,AOTW_Ponerinae_Occ_1372,CRI,valid
Neoponera_laevigata,10.99261,-85.42948,Costa Rica,GABI,AOTW_Ponerinae_Occ_1373,CRI,valid
Neoponera_laevigata,10.99261,-85.42948,Costa Rica,GABI,AOTW_Ponerinae_Occ_1374,CRI,valid
Neoponera_laevigata,10.99261,-85.42948,Costa Rica,GABI,AOTW_Ponerinae_Occ_1375,CRI,valid
Neoponera_laevigata,10.99261,-85.42948,Costa Rica,GABI,AOTW_Ponerinae_Occ_1376,CRI,valid
Neoponera_laevigata,10.99261,-85.42948,Costa Rica,GABI,AOTW_Ponerinae_Occ_1377,CRI,valid
Neoponera_laevigata,10.99261,-85.42948,Costa Rica,GABI,AOTW_Ponerinae_Occ_1378,CRI,valid
Neoponera_laevigata,10.99261,-85.42948,Costa Rica,GABI,AOTW_Ponerinae_Occ_1379,CRI,valid
Neoponera_laevigata,10.99261,-85.42948,Costa Rica,GABI,AOTW_Ponerinae_Occ_1380,CRI,valid
Neoponera_laevigata,10.99261,-85.42948,Costa Rica,GABI,AOTW_Ponerinae_Occ_1381,CRI,valid
Neoponera_laevigata,10.99261,-85.42948,Costa Rica,GABI,AOTW_Ponerinae_Occ_1382,CRI,valid
Neoponera_laevigata,10.99261,-85.42948,Costa Rica,GABI,AOTW_Ponerinae_Occ_1383,CRI,valid
Neoponera_laevigata,10.99261,-85.42948,Costa Rica,GABI,AOTW_Ponerinae_Occ_1384,CRI,valid
Neoponera_laevigata,10.99261,-85.42948,Costa Rica,GABI,AOTW_Ponerinae_Occ_1385,CRI,valid
Neoponera_laevigata,10.99261,-85.42948,Costa Rica,GABI,AOTW_Ponerinae_Occ_1386,CRI,valid
Neoponera_laevigata,10.99261,-85.42948,Costa Rica,GABI,AOTW_Ponerinae_Occ_1387,CRI,valid
Neoponera_laevigata,10.99261,-85.42948,Costa Rica,GABI,AOTW_Ponerinae_Occ_1388,CRI,valid
Neoponera_laevigata,8.6791,-83.56671,Costa Rica,GABI,AOTW_Ponerinae_Occ_1389,CRI,valid
Neoponera_laevigata,8.6791,-83.56671,Costa Rica,GABI,AOTW_Ponerinae_Occ_1390,CRI,valid
Neoponera_laevigata,8.6791,-83.56671,Costa Rica,GABI,AOTW_Ponerinae_Occ_1391,CRI,valid
Neoponera_laevigata,8.6791,-83.56671,Costa Rica,GABI,AOTW_Ponerinae_Occ_1392,CRI,valid
Neoponera_laevigata,8.6791,-83.56671,Costa Rica,GABI,AOTW_Ponerinae_Occ_1393,CRI,valid
Neoponera_laevigata,8.6791,-83.56671,Costa Rica,GABI,AOTW_Ponerinae_Occ_1394,CRI,valid
Neoponera_laevigata,8.6791,-83.56671,Costa Rica,GABI,AOTW_Ponerinae_Occ_1395,CRI,valid
Neoponera_laevigata,8.6791,-83.56671,Costa Rica,GABI,AOTW_Ponerinae_Occ_1396,CRI,valid
Neoponera_laevigata,8.6791,-83.56671,Costa Rica,GABI,AOTW_Ponerinae_Occ_1397,CRI,valid
Neoponera_laevigata,8.6791,-83.56671,Costa Rica,GABI,AOTW_Ponerinae_Occ_1398,CRI,valid
Neoponera_laevigata,8.6791,-83.56671,Costa Rica,GABI,AOTW_Ponerinae_Occ_1399,CRI,valid
Neoponera_laevigata,8.6791,-83.56671,Costa Rica,GABI,AOTW_Ponerinae_Occ_1400,CRI,valid
Neoponera_laevigata,8.6791,-83.56671,Costa Rica,GABI,AOTW_Ponerinae_Occ_1401,CRI,valid
Neoponera_laevigata,8.6791,-83.56671,Costa Rica,GABI,AOTW_Ponerinae_Occ_1402,CRI,valid
Neoponera_laevigata,8.6791,-83.56671,Costa Rica,GABI,AOTW_Ponerinae_Occ_1403,CRI,valid
Neoponera_laevigata,8.6791,-83.56671,Costa Rica,GABI,AOTW_Ponerinae_Occ_1404,CRI,valid
Neoponera_laevigata,9.67538,-83.02678,Costa Rica,GABI,AOTW_Ponerinae_Occ_1405,CRI,valid
Neoponera_laevigata,9.67538,-83.02678,Costa Rica,GABI,AOTW_Ponerinae_Occ_1406,CRI,valid
Neoponera_laevigata,9.67538,-83.02678,Costa Rica,GABI,AOTW_Ponerinae_Occ_1407,CRI,valid
Neoponera_laevigata,9.67538,-83.02678,Costa Rica,GABI,AOTW_Ponerinae_Occ_1408,CRI,valid
Neoponera_laevigata,9.67538,-83.02678,Costa Rica,GABI,AOTW_Ponerinae_Occ_1409,CRI,valid
Neoponera_laevigata,9.67538,-83.02678,Costa Rica,GABI,AOTW_Ponerinae_Occ_1410,CRI,valid
Neoponera_laevigata,9.67538,-83.02678,Costa Rica,GABI,AOTW_Ponerinae_Occ_1411,CRI,valid
Neoponera_laevigata,9.67538,-83.02678,Costa Rica,GABI,AOTW_Ponerinae_Occ_1412,CRI,valid
Neoponera_laevigata,9.67538,-83.02678,Costa Rica,GABI,AOTW_Ponerinae_Occ_1413,CRI,valid
Neoponera_laevigata,9.67538,-83.02678,Costa Rica,GABI,AOTW_Ponerinae_Occ_1414,CRI,valid
Neoponera_laevigata,9.67538,-83.02678,Costa Rica,GABI,AOTW_Ponerinae_Occ_1415,CRI,valid
Neoponera_laevigata,9.67538,-83.02678,Costa Rica,GABI,AOTW_Ponerinae_Occ_1416,CRI,valid
Neoponera_laevigata,9.67538,-83.02678,Costa Rica,GABI,AOTW_Ponerinae_Occ_1417,CRI,valid
Neoponera_laevigata,9.67538,-83.02678,Costa Rica,GABI,AOTW_Ponerinae_Occ_1418,CRI,valid
Neoponera_laevigata,9.67538,-83.02678,Costa Rica,GABI,AOTW_Ponerinae_Occ_1419,CRI,valid
Neoponera_laevigata,9.67538,-83.02678,Costa Rica,GABI,AOTW_Ponerinae_Occ_1420,CRI,valid
Neoponera_laevigata,9.67538,-83.02678,Costa Rica,GABI,AOTW_Ponerinae_Occ_1421,CRI,valid
Neoponera_laevigata,9.67538,-83.02678,Costa Rica,GABI,AOTW_Ponerinae_Occ_1422,CRI,valid
Neoponera_laevigata,9.67538,-83.02678,Costa Rica,GABI,AOTW_Ponerinae_Occ_1423,CRI,valid
Neoponera_laevigata,9.67538,-83.02678,Costa Rica,GABI,AOTW_Ponerinae_Occ_1424,CRI,valid
Neoponera_laevigata,9.67538,-83.02678,Costa Rica,GABI,AOTW_Ponerinae_Occ_1425,CRI,valid
Neoponera_laevigata,9.67538,-83.02678,Costa Rica,GABI,AOTW_Ponerinae_Occ_1426,CRI,valid
Neoponera_laevigata,9.67538,-83.02678,Costa Rica,GABI,AOTW_Ponerinae_Occ_1427,CRI,valid
Neoponera_laevigata,9.67538,-83.02678,Costa Rica,GABI,AOTW_Ponerinae_Occ_1428,CRI,valid
Neoponera_laevigata,9.67538,-83.02678,Costa Rica,GABI,AOTW_Ponerinae_Occ_1429,CRI,valid
Neoponera_laevigata,9.67538,-83.02678,Costa Rica,GABI,AOTW_Ponerinae_Occ_1430,CRI,valid
Neoponera_laevigata,9.67538,-83.02678,Costa Rica,GABI,AOTW_Ponerinae_Occ_1431,CRI,valid
Neoponera_laevigata,9.67538,-83.02678,Costa Rica,GABI,AOTW_Ponerinae_Occ_1432,CRI,valid
Neoponera_laevigata,9.67538,-83.02678,Costa Rica,GABI,AOTW_Ponerinae_Occ_1433,CRI,valid
Neoponera_laevigata,9.67538,-83.02678,Costa Rica,GABI,AOTW_Ponerinae_Occ_1434,CRI,valid
Neoponera_laevigata,9.67538,-83.02678,Costa Rica,GABI,AOTW_Ponerinae_Occ_1435,CRI,valid
Neoponera_laevigata,9.67538,-83.02678,Costa Rica,GABI,AOTW_Ponerinae_Occ_1436,CRI,valid
Neoponera_laevigata,9.67538,-83.02678,Costa Rica,GABI,AOTW_Ponerinae_Occ_1437,CRI,valid
Neoponera_laevigata,9.67538,-83.02678,Costa Rica,GABI,AOTW_Ponerinae_Occ_1438,CRI,valid
Neoponera_laevigata,9.67538,-83.02678,Costa Rica,GABI,AOTW_Ponerinae_Occ_1439,CRI,valid
Neoponera_laevigata,9.67538,-83.02678,Costa Rica,GABI,AOTW_Ponerinae_Occ_1440,CRI,valid
Neoponera_laevigata,9.67538,-83.02678,Costa Rica,GABI,AOTW_Ponerinae_Occ_1441,CRI,valid
Neoponera_laevigata,9.67538,-83.02678,Costa Rica,GABI,AOTW_Ponerinae_Occ_1442,CRI,valid
Neoponera_laevigata,9.67538,-83.02678,Costa Rica,GABI,AOTW_Ponerinae_Occ_1443,CRI,valid
Neoponera_laevigata,9.67538,-83.02678,Costa Rica,GABI,AOTW_Ponerinae_Occ_1444,CRI,valid
Neoponera_laevigata,9.67538,-83.02678,Costa Rica,GABI,AOTW_Ponerinae_Occ_1445,CRI,valid
Neoponera_laevigata,9.67538,-83.02678,Costa Rica,GABI,AOTW_Ponerinae_Occ_1446,CRI,valid
Neoponera_laevigata,9.67538,-83.02678,Costa Rica,GABI,AOTW_Ponerinae_Occ_1447,CRI,valid
Neoponera_laevigata,8.62304,-83.73662,Costa Rica,GABI,AOTW_Ponerinae_Occ_1448,CRI,valid
Neoponera_laevigata,10.33333,-84.06667,Costa Rica,GABI,AOTW_Ponerinae_Occ_1449,CRI,valid
Neoponera_laevigata,10.33333,-84.06667,Costa Rica,GABI,AOTW_Ponerinae_Occ_1450,CRI,valid
Neoponera_laevigata,10.33333,-84.06667,Costa Rica,GABI,AOTW_Ponerinae_Occ_1451,CRI,valid
Neoponera_laevigata,10.33333,-84.06667,Costa Rica,GABI,AOTW_Ponerinae_Occ_1452,CRI,valid
Neoponera_laevigata,10.33333,-84.06667,Costa Rica,GABI,AOTW_Ponerinae_Occ_1453,CRI,valid
Neoponera_laevigata,10.33333,-84.06667,Costa Rica,GABI,AOTW_Ponerinae_Occ_1454,CRI,valid
Neoponera_laevigata,10.33333,-84.06667,Costa Rica,GABI,AOTW_Ponerinae_Occ_1455,CRI,valid
Neoponera_laevigata,10.33333,-84.06667,Costa Rica,GABI,AOTW_Ponerinae_Occ_1456,CRI,valid
Neoponera_lineaticeps,10.14889,-83.95191,Costa Rica,GABI,AOTW_Ponerinae_Occ_1457,CRI,valid
Neoponera_lineaticeps,10.88965,-85.39893,Costa Rica,GABI,AOTW_Ponerinae_Occ_1458,CRI,valid
Neoponera_lineaticeps,10.99261,-85.42948,Costa Rica,GABI,AOTW_Ponerinae_Occ_1459,CRI,valid
Neoponera_lineaticeps,10.99261,-85.42948,Costa Rica,GABI,AOTW_Ponerinae_Occ_1460,CRI,valid
Neoponera_lineaticeps,10.97855,-85.44407,Costa Rica,GABI,AOTW_Ponerinae_Occ_1461,CRI,valid
Neoponera_lineaticeps,9.84027,-83.88639,Costa Rica,GABI,AOTW_Ponerinae_Occ_1462,CRI,valid
Neoponera_lineaticeps,10.99036,-85.42718,Costa Rica,GABI,AOTW_Ponerinae_Occ_1463,CRI,valid
Neoponera_lineaticeps,10.99036,-85.42718,Costa Rica,GABI,AOTW_Ponerinae_Occ_1464,CRI,valid
Neoponera_lineaticeps,10.93008,-85.47042,Costa Rica,GABI,AOTW_Ponerinae_Occ_1465,CRI,valid
Neoponera_lineaticeps,10.93008,-85.47042,Costa Rica,GABI,AOTW_Ponerinae_Occ_1466,CRI,valid
Neoponera_lineaticeps,10.93008,-85.47042,Costa Rica,GABI,AOTW_Ponerinae_Occ_1467,CRI,valid
Neoponera_obscuricornis,10.32804,-84.08042,Costa Rica,GABI,AOTW_Ponerinae_Occ_1468,CRI,valid
Neoponera_lineaticeps,10.93008,-85.47042,Costa Rica,GABI,AOTW_Ponerinae_Occ_1469,CRI,valid
Neoponera_lineaticeps,10.93008,-85.47042,Costa Rica,GABI,AOTW_Ponerinae_Occ_1470,CRI,valid
Neoponera_lineaticeps,10.93008,-85.47042,Costa Rica,GABI,AOTW_Ponerinae_Occ_1471,CRI,valid
Neoponera_lineaticeps,10.93008,-85.47042,Costa Rica,GABI,AOTW_Ponerinae_Occ_1472,CRI,valid
Neoponera_lineaticeps,10.93008,-85.47042,Costa Rica,GABI,AOTW_Ponerinae_Occ_1473,CRI,valid
Neoponera_lineaticeps,10.93008,-85.47042,Costa Rica,GABI,AOTW_Ponerinae_Occ_1474,CRI,valid
Neoponera_lineaticeps,10.93008,-85.47042,Costa Rica,GABI,AOTW_Ponerinae_Occ_1475,CRI,valid
Neoponera_lineaticeps,10.93008,-85.47042,Costa Rica,GABI,AOTW_Ponerinae_Occ_1476,CRI,valid
Neoponera_lineaticeps,10.93008,-85.47042,Costa Rica,GABI,AOTW_Ponerinae_Occ_1477,CRI,valid
Neoponera_lineaticeps,10.93008,-85.47042,Costa Rica,GABI,AOTW_Ponerinae_Occ_1478,CRI,valid
Neoponera_lineaticeps,10.93008,-85.47042,Costa Rica,GABI,AOTW_Ponerinae_Occ_1479,CRI,valid
Neoponera_lineaticeps,10.93008,-85.47042,Costa Rica,GABI,AOTW_Ponerinae_Occ_1480,CRI,valid
Neoponera_lineaticeps,10.93008,-85.47042,Costa Rica,GABI,AOTW_Ponerinae_Occ_1481,CRI,valid
Neoponera_lineaticeps,10.93008,-85.47042,Costa Rica,GABI,AOTW_Ponerinae_Occ_1482,CRI,valid
Neoponera_lineaticeps,10.93008,-85.47042,Costa Rica,GABI,AOTW_Ponerinae_Occ_1483,CRI,valid
Neoponera_lineaticeps,10.93008,-85.47042,Costa Rica,GABI,AOTW_Ponerinae_Occ_1484,CRI,valid
Neoponera_lineaticeps,10.93008,-85.47042,Costa Rica,GABI,AOTW_Ponerinae_Occ_1485,CRI,valid
Neoponera_lineaticeps,10.93008,-85.47042,Costa Rica,GABI,AOTW_Ponerinae_Occ_1486,CRI,valid
Neoponera_lineaticeps,10.93008,-85.47042,Costa Rica,GABI,AOTW_Ponerinae_Occ_1487,CRI,valid
Neoponera_lineaticeps,10.93008,-85.47042,Costa Rica,GABI,AOTW_Ponerinae_Occ_1488,CRI,valid
Neoponera_lineaticeps,10.93008,-85.47042,Costa Rica,GABI,AOTW_Ponerinae_Occ_1489,CRI,valid
Neoponera_lineaticeps,10.93008,-85.47042,Costa Rica,GABI,AOTW_Ponerinae_Occ_1490,CRI,valid
Neoponera_lineaticeps,10.93008,-85.47042,Costa Rica,GABI,AOTW_Ponerinae_Occ_1491,CRI,valid
Neoponera_lineaticeps,10.93008,-85.47042,Costa Rica,GABI,AOTW_Ponerinae_Occ_1492,CRI,valid
Neoponera_lineaticeps,10.93008,-85.47042,Costa Rica,GABI,AOTW_Ponerinae_Occ_1493,CRI,valid
Neoponera_lineaticeps,10.93008,-85.47042,Costa Rica,GABI,AOTW_Ponerinae_Occ_1494,CRI,valid
Neoponera_lineaticeps,10.93008,-85.47042,Costa Rica,GABI,AOTW_Ponerinae_Occ_1495,CRI,valid
Neoponera_lineaticeps,10.93008,-85.47042,Costa Rica,GABI,AOTW_Ponerinae_Occ_1496,CRI,valid
Neoponera_lineaticeps,10.93008,-85.47042,Costa Rica,GABI,AOTW_Ponerinae_Occ_1497,CRI,valid
Neoponera_lineaticeps,10.93008,-85.47042,Costa Rica,GABI,AOTW_Ponerinae_Occ_1498,CRI,valid
Neoponera_lineaticeps,10.93008,-85.47042,Costa Rica,GABI,AOTW_Ponerinae_Occ_1499,CRI,valid
Neoponera_lineaticeps,10.93008,-85.47042,Costa Rica,GABI,AOTW_Ponerinae_Occ_1500,CRI,valid
Neoponera_lineaticeps,10.93008,-85.47042,Costa Rica,GABI,AOTW_Ponerinae_Occ_1501,CRI,valid
Neoponera_lineaticeps,10.93008,-85.47042,Costa Rica,GABI,AOTW_Ponerinae_Occ_1502,CRI,valid
Neoponera_lineaticeps,10.93008,-85.47042,Costa Rica,GABI,AOTW_Ponerinae_Occ_1503,CRI,valid
Neoponera_lineaticeps,10.93008,-85.47042,Costa Rica,GABI,AOTW_Ponerinae_Occ_1504,CRI,valid
Neoponera_lineaticeps,10.93008,-85.47042,Costa Rica,GABI,AOTW_Ponerinae_Occ_1505,CRI,valid
Neoponera_lineaticeps,10.93008,-85.47042,Costa Rica,GABI,AOTW_Ponerinae_Occ_1506,CRI,valid
Neoponera_lineaticeps,10.93008,-85.47042,Costa Rica,GABI,AOTW_Ponerinae_Occ_1507,CRI,valid
Neoponera_lineaticeps,10.93008,-85.47042,Costa Rica,GABI,AOTW_Ponerinae_Occ_1508,CRI,valid
Neoponera_lineaticeps,10.93008,-85.47042,Costa Rica,GABI,AOTW_Ponerinae_Occ_1509,CRI,valid
Neoponera_lineaticeps,10.93008,-85.47042,Costa Rica,GABI,AOTW_Ponerinae_Occ_1510,CRI,valid
Neoponera_lineaticeps,10.93008,-85.47042,Costa Rica,GABI,AOTW_Ponerinae_Occ_1511,CRI,valid
Neoponera_lineaticeps,10.93008,-85.47042,Costa Rica,GABI,AOTW_Ponerinae_Occ_1512,CRI,valid
Neoponera_lineaticeps,10.93008,-85.47042,Costa Rica,GABI,AOTW_Ponerinae_Occ_1513,CRI,valid
Neoponera_lineaticeps,10.93008,-85.47042,Costa Rica,GABI,AOTW_Ponerinae_Occ_1514,CRI,valid
Neoponera_lineaticeps,10.93008,-85.47042,Costa Rica,GABI,AOTW_Ponerinae_Occ_1515,CRI,valid
Neoponera_lineaticeps,10.93008,-85.47042,Costa Rica,GABI,AOTW_Ponerinae_Occ_1516,CRI,valid
Neoponera_lineaticeps,10.93008,-85.47042,Costa Rica,GABI,AOTW_Ponerinae_Occ_1517,CRI,valid
Neoponera_lineaticeps,10.93008,-85.47042,Costa Rica,GABI,AOTW_Ponerinae_Occ_1518,CRI,valid
Neoponera_lineaticeps,10.93008,-85.47042,Costa Rica,GABI,AOTW_Ponerinae_Occ_1519,CRI,valid
Neoponera_lineaticeps,10.93008,-85.47042,Costa Rica,GABI,AOTW_Ponerinae_Occ_1520,CRI,valid
Neoponera_lineaticeps,10.93008,-85.47042,Costa Rica,GABI,AOTW_Ponerinae_Occ_1521,CRI,valid
Neoponera_lineaticeps,10.93008,-85.47042,Costa Rica,GABI,AOTW_Ponerinae_Occ_1522,CRI,valid
Neoponera_lineaticeps,10.93008,-85.47042,Costa Rica,GABI,AOTW_Ponerinae_Occ_1523,CRI,valid
Neoponera_lineaticeps,10.96254,-85.49524,Costa Rica,GABI,AOTW_Ponerinae_Occ_1524,CRI,valid
Neoponera_lineaticeps,9.76258,-83.78651,Costa Rica,GABI,AOTW_Ponerinae_Occ_1525,CRI,valid
Neoponera_lineaticeps,9.76258,-83.78651,Costa Rica,GABI,AOTW_Ponerinae_Occ_1526,CRI,valid
Neoponera_lineaticeps,10.61046,-84.99497,Costa Rica,GABI,AOTW_Ponerinae_Occ_1527,CRI,valid
Neoponera_lineaticeps,10.61046,-84.99497,Costa Rica,GABI,AOTW_Ponerinae_Occ_1528,CRI,valid
Neoponera_lineaticeps,10.61046,-84.99497,Costa Rica,GABI,AOTW_Ponerinae_Occ_1529,CRI,valid
Neoponera_lineaticeps,10.61046,-84.99497,Costa Rica,GABI,AOTW_Ponerinae_Occ_1530,CRI,valid
Neoponera_lineaticeps,10.88327,-85.41354,Costa Rica,GABI,AOTW_Ponerinae_Occ_1531,CRI,valid
Neoponera_lineaticeps,10.23617,-84.11767,Costa Rica,GABI,AOTW_Ponerinae_Occ_1532,CRI,valid
Neoponera_lineaticeps,10.23617,-84.11767,Costa Rica,GABI,AOTW_Ponerinae_Occ_1533,CRI,valid
Neoponera_lineaticeps,10.23617,-84.11767,Costa Rica,GABI,AOTW_Ponerinae_Occ_1534,CRI,valid
Neoponera_lineaticeps,10.23617,-84.11767,Costa Rica,GABI,AOTW_Ponerinae_Occ_1535,CRI,valid
Neoponera_lineaticeps,10.23617,-84.11767,Costa Rica,GABI,AOTW_Ponerinae_Occ_1536,CRI,valid
Neoponera_lineaticeps,10.23617,-84.11767,Costa Rica,GABI,AOTW_Ponerinae_Occ_1537,CRI,valid
Neoponera_lineaticeps,10.23617,-84.11767,Costa Rica,GABI,AOTW_Ponerinae_Occ_1538,CRI,valid
Neoponera_lineaticeps,10.23617,-84.11767,Costa Rica,GABI,AOTW_Ponerinae_Occ_1539,CRI,valid
Neoponera_lineaticeps,10.35,-84.05,Costa Rica,GABI,AOTW_Ponerinae_Occ_1540,CRI,valid
Neoponera_lineaticeps,10.33333,-84.06667,Costa Rica,GABI,AOTW_Ponerinae_Occ_1541,CRI,valid
Neoponera_lineaticeps,10.33333,-84.06667,Costa Rica,GABI,AOTW_Ponerinae_Occ_1542,CRI,valid
Neoponera_lineaticeps,10.33333,-84.06667,Costa Rica,GABI,AOTW_Ponerinae_Occ_1543,CRI,valid
Neoponera_obscuricornis,11.03386,-85.52479,Costa Rica,GABI,AOTW_Ponerinae_Occ_1544,CRI,valid
Neoponera_obscuricornis,10.14889,-83.95191,Costa Rica,GABI,AOTW_Ponerinae_Occ_1545,CRI,valid
Neoponera_obscuricornis,9.60924,-83.19387,Costa Rica,GABI,AOTW_Ponerinae_Occ_1546,CRI,valid
Neoponera_obscuricornis,8.48017,-83.59129,Costa Rica,GABI,AOTW_Ponerinae_Occ_1547,CRI,valid
Neoponera_obscuricornis,8.48017,-83.59129,Costa Rica,GABI,AOTW_Ponerinae_Occ_1548,CRI,valid
Neoponera_obscuricornis,8.48017,-83.59129,Costa Rica,GABI,AOTW_Ponerinae_Occ_1549,CRI,valid
Neoponera_obscuricornis,8.48017,-83.59129,Costa Rica,GABI,AOTW_Ponerinae_Occ_1550,CRI,valid
Neoponera_obscuricornis,9.76745,-84.60812,Costa Rica,GABI,AOTW_Ponerinae_Occ_1551,CRI,valid
Neoponera_obscuricornis,10.32804,-84.08042,Costa Rica,GABI,AOTW_Ponerinae_Occ_1552,CRI,valid
Neoponera_obscuricornis,10.32804,-84.08042,Costa Rica,GABI,AOTW_Ponerinae_Occ_1553,CRI,valid
Neoponera_obscuricornis,10.32804,-84.08042,Costa Rica,GABI,AOTW_Ponerinae_Occ_1554,CRI,valid
Neoponera_obscuricornis,10.32804,-84.08042,Costa Rica,GABI,AOTW_Ponerinae_Occ_1555,CRI,valid
Neoponera_obscuricornis,10.32804,-84.08042,Costa Rica,GABI,AOTW_Ponerinae_Occ_1556,CRI,valid
Neoponera_obscuricornis,10.32804,-84.08042,Costa Rica,GABI,AOTW_Ponerinae_Occ_1557,CRI,valid
Neoponera_obscuricornis,10.32804,-84.08042,Costa Rica,GABI,AOTW_Ponerinae_Occ_1558,CRI,valid
Neoponera_obscuricornis,10.32804,-84.08042,Costa Rica,GABI,AOTW_Ponerinae_Occ_1559,CRI,valid
Neoponera_obscuricornis,10.32804,-84.08042,Costa Rica,GABI,AOTW_Ponerinae_Occ_1560,CRI,valid
Neoponera_obscuricornis,10.32804,-84.08042,Costa Rica,GABI,AOTW_Ponerinae_Occ_1561,CRI,valid
Neoponera_obscuricornis,10.32804,-84.08042,Costa Rica,GABI,AOTW_Ponerinae_Occ_1562,CRI,valid
Neoponera_obscuricornis,10.32804,-84.08042,Costa Rica,GABI,AOTW_Ponerinae_Occ_1563,CRI,valid
Neoponera_obscuricornis,10.32804,-84.08042,Costa Rica,GABI,AOTW_Ponerinae_Occ_1564,CRI,valid
Neoponera_obscuricornis,10.32804,-84.08042,Costa Rica,GABI,AOTW_Ponerinae_Occ_1565,CRI,valid
Neoponera_obscuricornis,10.32804,-84.08042,Costa Rica,GABI,AOTW_Ponerinae_Occ_1566,CRI,valid
Neoponera_obscuricornis,10.32804,-84.08042,Costa Rica,GABI,AOTW_Ponerinae_Occ_1567,CRI,valid
Neoponera_obscuricornis,10.32804,-84.08042,Costa Rica,GABI,AOTW_Ponerinae_Occ_1568,CRI,valid
Neoponera_obscuricornis,11.0343,-85.52754,Costa Rica,GABI,AOTW_Ponerinae_Occ_1569,CRI,valid
Neoponera_obscuricornis,11.0343,-85.52754,Costa Rica,GABI,AOTW_Ponerinae_Occ_1570,CRI,valid
Neoponera_obscuricornis,10.99261,-85.42948,Costa Rica,GABI,AOTW_Ponerinae_Occ_1571,CRI,valid
Neoponera_obscuricornis,9.77423,-84.60812,Costa Rica,GABI,AOTW_Ponerinae_Occ_1572,CRI,valid
Neoponera_obscuricornis,9.77423,-84.60812,Costa Rica,GABI,AOTW_Ponerinae_Occ_1573,CRI,valid
Neoponera_obscuricornis,8.6791,-83.56671,Costa Rica,GABI,AOTW_Ponerinae_Occ_1574,CRI,valid
Neoponera_obscuricornis,8.6791,-83.56671,Costa Rica,GABI,AOTW_Ponerinae_Occ_1575,CRI,valid
Neoponera_obscuricornis,8.6791,-83.56671,Costa Rica,GABI,AOTW_Ponerinae_Occ_1576,CRI,valid
Neoponera_obscuricornis,8.6791,-83.56671,Costa Rica,GABI,AOTW_Ponerinae_Occ_1577,CRI,valid
Neoponera_obscuricornis,8.6791,-83.56671,Costa Rica,GABI,AOTW_Ponerinae_Occ_1578,CRI,valid
Neoponera_obscuricornis,10.83998,-85.62648,Costa Rica,GABI,AOTW_Ponerinae_Occ_1579,CRI,valid
Neoponera_obscuricornis,10.59427,-83.71651,Costa Rica,GABI,AOTW_Ponerinae_Occ_1580,CRI,valid
Neoponera_obscuricornis,10.59427,-83.71651,Costa Rica,GABI,AOTW_Ponerinae_Occ_1581,CRI,valid
Neoponera_obscuricornis,10.59427,-83.71651,Costa Rica,GABI,AOTW_Ponerinae_Occ_1582,CRI,valid
Neoponera_obscuricornis,10.59427,-83.71651,Costa Rica,GABI,AOTW_Ponerinae_Occ_1583,CRI,valid
Neoponera_obscuricornis,10.59427,-83.71651,Costa Rica,GABI,AOTW_Ponerinae_Occ_1584,CRI,valid
Neoponera_obscuricornis,10.59427,-83.71651,Costa Rica,GABI,AOTW_Ponerinae_Occ_1585,CRI,valid
Neoponera_obscuricornis,10.59427,-83.71651,Costa Rica,GABI,AOTW_Ponerinae_Occ_1586,CRI,valid
Neoponera_obscuricornis,9.67538,-83.02678,Costa Rica,GABI,AOTW_Ponerinae_Occ_1587,CRI,valid
Neoponera_obscuricornis,10.40126,-84.05023,Costa Rica,GABI,AOTW_Ponerinae_Occ_1588,CRI,valid
Neoponera_obscuricornis,10.40126,-84.05023,Costa Rica,GABI,AOTW_Ponerinae_Occ_1589,CRI,valid
Neoponera_striatinodis,8.48017,-83.59129,Costa Rica,GABI,AOTW_Ponerinae_Occ_1590,CRI,valid
Neoponera_villosa,10.26706,-83.76828,Costa Rica,GABI,AOTW_Ponerinae_Occ_1591,CRI,valid
Neoponera_obscuricornis,10.43919,-84.01092,Costa Rica,GABI,AOTW_Ponerinae_Occ_1592,CRI,valid
Neoponera_obscuricornis,10.64765,-83.73103,Costa Rica,GABI,AOTW_Ponerinae_Occ_1593,CRI,valid
Neoponera_obscuricornis,9.67177,-83.0277,Costa Rica,GABI,AOTW_Ponerinae_Occ_1594,CRI,valid
Neoponera_obscuricornis,9.67177,-83.0277,Costa Rica,GABI,AOTW_Ponerinae_Occ_1595,CRI,valid
Neoponera_obscuricornis,9.67177,-83.0277,Costa Rica,GABI,AOTW_Ponerinae_Occ_1596,CRI,valid
Neoponera_rugosula,10.33333,-84.06667,Costa Rica,GABI,AOTW_Ponerinae_Occ_1597,CRI,valid
Neoponera_rugosula,10.33333,-84.06667,Costa Rica,GABI,AOTW_Ponerinae_Occ_1598,CRI,valid
Neoponera_rugosula,10.33333,-84.06667,Costa Rica,GABI,AOTW_Ponerinae_Occ_1599,CRI,valid
Neoponera_striatinodis,10.96254,-85.49524,Costa Rica,GABI,AOTW_Ponerinae_Occ_1600,CRI,valid
Neoponera_striatinodis,10.33333,-84.08333,Costa Rica,GABI,AOTW_Ponerinae_Occ_1601,CRI,valid
Neoponera_striatinodis,10.33333,-84.06667,Costa Rica,GABI,AOTW_Ponerinae_Occ_1602,CRI,valid
Neoponera_striatinodis,10.33333,-84.06667,Costa Rica,GABI,AOTW_Ponerinae_Occ_1603,CRI,valid
Neoponera_striatinodis,10.33333,-84.06667,Costa Rica,GABI,AOTW_Ponerinae_Occ_1604,CRI,valid
Neoponera_striatinodis,10.33333,-84.06667,Costa Rica,GABI,AOTW_Ponerinae_Occ_1605,CRI,valid
Neoponera_striatinodis,10.33333,-84.06667,Costa Rica,GABI,AOTW_Ponerinae_Occ_1606,CRI,valid
Neoponera_striatinodis,10.33333,-84.06667,Costa Rica,GABI,AOTW_Ponerinae_Occ_1607,CRI,valid
Neoponera_striatinodis,10.33333,-84.06667,Costa Rica,GABI,AOTW_Ponerinae_Occ_1608,CRI,valid
Neoponera_theresiae,8.6791,-83.56671,Costa Rica,GABI,AOTW_Ponerinae_Occ_1609,CRI,valid
Neoponera_unidentata,10.64405,-83.74201,Costa Rica,GABI,AOTW_Ponerinae_Occ_1610,CRI,valid
Neoponera_unidentata,10.32804,-84.08042,Costa Rica,GABI,AOTW_Ponerinae_Occ_1611,CRI,valid
Neoponera_unidentata,10.64405,-83.74201,Costa Rica,GABI,AOTW_Ponerinae_Occ_1612,CRI,valid
Neoponera_unidentata,10.64405,-83.74201,Costa Rica,GABI,AOTW_Ponerinae_Occ_1613,CRI,valid
Neoponera_unidentata,10.64405,-83.74201,Costa Rica,GABI,AOTW_Ponerinae_Occ_1614,CRI,valid
Neoponera_unidentata,11.03386,-85.52479,Costa Rica,GABI,AOTW_Ponerinae_Occ_1615,CRI,valid
Neoponera_unidentata,11.03386,-85.52479,Costa Rica,GABI,AOTW_Ponerinae_Occ_1616,CRI,valid
Neoponera_unidentata,11.03386,-85.52479,Costa Rica,GABI,AOTW_Ponerinae_Occ_1617,CRI,valid
Neoponera_unidentata,11.03386,-85.52479,Costa Rica,GABI,AOTW_Ponerinae_Occ_1618,CRI,valid
Neoponera_unidentata,10.14889,-83.95191,Costa Rica,GABI,AOTW_Ponerinae_Occ_1619,CRI,valid
Neoponera_unidentata,10.83641,-85.61549,Costa Rica,GABI,AOTW_Ponerinae_Occ_1620,CRI,valid
Neoponera_unidentata,10.83641,-85.61549,Costa Rica,GABI,AOTW_Ponerinae_Occ_1621,CRI,valid
Neoponera_unidentata,10.83641,-85.61549,Costa Rica,GABI,AOTW_Ponerinae_Occ_1622,CRI,valid
Neoponera_unidentata,10.83641,-85.61549,Costa Rica,GABI,AOTW_Ponerinae_Occ_1623,CRI,valid
Neoponera_unidentata,10.83641,-85.61549,Costa Rica,GABI,AOTW_Ponerinae_Occ_1624,CRI,valid
Neoponera_unidentata,9.77649,-84.60813,Costa Rica,GABI,AOTW_Ponerinae_Occ_1625,CRI,valid
Neoponera_unidentata,9.77649,-84.60813,Costa Rica,GABI,AOTW_Ponerinae_Occ_1626,CRI,valid
Neoponera_unidentata,8.48017,-83.59129,Costa Rica,GABI,AOTW_Ponerinae_Occ_1627,CRI,valid
Neoponera_unidentata,8.48017,-83.59129,Costa Rica,GABI,AOTW_Ponerinae_Occ_1628,CRI,valid
Neoponera_unidentata,8.48017,-83.59129,Costa Rica,GABI,AOTW_Ponerinae_Occ_1629,CRI,valid
Neoponera_unidentata,8.48017,-83.59129,Costa Rica,GABI,AOTW_Ponerinae_Occ_1630,CRI,valid
Neoponera_unidentata,8.48017,-83.59129,Costa Rica,GABI,AOTW_Ponerinae_Occ_1631,CRI,valid
Neoponera_unidentata,8.48017,-83.59129,Costa Rica,GABI,AOTW_Ponerinae_Occ_1632,CRI,valid
Neoponera_unidentata,8.48017,-83.59129,Costa Rica,GABI,AOTW_Ponerinae_Occ_1633,CRI,valid
Neoponera_unidentata,8.48017,-83.59129,Costa Rica,GABI,AOTW_Ponerinae_Occ_1634,CRI,valid
Neoponera_unidentata,8.48017,-83.59129,Costa Rica,GABI,AOTW_Ponerinae_Occ_1635,CRI,valid
Neoponera_unidentata,8.48017,-83.59129,Costa Rica,GABI,AOTW_Ponerinae_Occ_1636,CRI,valid
Neoponera_unidentata,8.48017,-83.59129,Costa Rica,GABI,AOTW_Ponerinae_Occ_1637,CRI,valid
Neoponera_unidentata,8.48017,-83.59129,Costa Rica,GABI,AOTW_Ponerinae_Occ_1638,CRI,valid
Neoponera_unidentata,8.48017,-83.59129,Costa Rica,GABI,AOTW_Ponerinae_Occ_1639,CRI,valid
Neoponera_unidentata,8.48017,-83.59129,Costa Rica,GABI,AOTW_Ponerinae_Occ_1640,CRI,valid
Neoponera_unidentata,8.48017,-83.59129,Costa Rica,GABI,AOTW_Ponerinae_Occ_1641,CRI,valid
Neoponera_unidentata,8.48017,-83.59129,Costa Rica,GABI,AOTW_Ponerinae_Occ_1642,CRI,valid
Neoponera_unidentata,8.48017,-83.59129,Costa Rica,GABI,AOTW_Ponerinae_Occ_1643,CRI,valid
Neoponera_unidentata,8.48017,-83.59129,Costa Rica,GABI,AOTW_Ponerinae_Occ_1644,CRI,valid
Neoponera_unidentata,8.48017,-83.59129,Costa Rica,GABI,AOTW_Ponerinae_Occ_1645,CRI,valid
Neoponera_unidentata,9.76745,-84.60812,Costa Rica,GABI,AOTW_Ponerinae_Occ_1646,CRI,valid
Neoponera_unidentata,9.76745,-84.60812,Costa Rica,GABI,AOTW_Ponerinae_Occ_1647,CRI,valid
Neoponera_unidentata,9.38773,-84.13281,Costa Rica,GABI,AOTW_Ponerinae_Occ_1648,CRI,valid
Neoponera_unidentata,9.38773,-84.13281,Costa Rica,GABI,AOTW_Ponerinae_Occ_1649,CRI,valid
Neoponera_unidentata,9.38773,-84.13281,Costa Rica,GABI,AOTW_Ponerinae_Occ_1650,CRI,valid
Neoponera_unidentata,9.38773,-84.13281,Costa Rica,GABI,AOTW_Ponerinae_Occ_1651,CRI,valid
Neoponera_unidentata,9.38773,-84.13281,Costa Rica,GABI,AOTW_Ponerinae_Occ_1652,CRI,valid
Neoponera_unidentata,9.38773,-84.13281,Costa Rica,GABI,AOTW_Ponerinae_Occ_1653,CRI,valid
Neoponera_unidentata,9.38773,-84.13281,Costa Rica,GABI,AOTW_Ponerinae_Occ_1654,CRI,valid
Neoponera_unidentata,9.38773,-84.13281,Costa Rica,GABI,AOTW_Ponerinae_Occ_1655,CRI,valid
Neoponera_unidentata,9.38773,-84.13281,Costa Rica,GABI,AOTW_Ponerinae_Occ_1656,CRI,valid
Neoponera_unidentata,9.38773,-84.13281,Costa Rica,GABI,AOTW_Ponerinae_Occ_1657,CRI,valid
Neoponera_unidentata,9.38773,-84.13281,Costa Rica,GABI,AOTW_Ponerinae_Occ_1658,CRI,valid
Neoponera_unidentata,9.38773,-84.13281,Costa Rica,GABI,AOTW_Ponerinae_Occ_1659,CRI,valid
Neoponera_unidentata,9.38773,-84.13281,Costa Rica,GABI,AOTW_Ponerinae_Occ_1660,CRI,valid
Neoponera_unidentata,9.38773,-84.13281,Costa Rica,GABI,AOTW_Ponerinae_Occ_1661,CRI,valid
Neoponera_unidentata,9.38773,-84.13281,Costa Rica,GABI,AOTW_Ponerinae_Occ_1662,CRI,valid
Neoponera_unidentata,9.38773,-84.13281,Costa Rica,GABI,AOTW_Ponerinae_Occ_1663,CRI,valid
Neoponera_unidentata,9.38773,-84.13281,Costa Rica,GABI,AOTW_Ponerinae_Occ_1664,CRI,valid
Neoponera_unidentata,9.38773,-84.13281,Costa Rica,GABI,AOTW_Ponerinae_Occ_1665,CRI,valid
Neoponera_unidentata,9.38773,-84.13281,Costa Rica,GABI,AOTW_Ponerinae_Occ_1666,CRI,valid
Neoponera_unidentata,9.38773,-84.13281,Costa Rica,GABI,AOTW_Ponerinae_Occ_1667,CRI,valid
Neoponera_unidentata,9.38773,-84.13281,Costa Rica,GABI,AOTW_Ponerinae_Occ_1668,CRI,valid
Neoponera_unidentata,9.38773,-84.13281,Costa Rica,GABI,AOTW_Ponerinae_Occ_1669,CRI,valid
Neoponera_unidentata,9.38773,-84.13281,Costa Rica,GABI,AOTW_Ponerinae_Occ_1670,CRI,valid
Neoponera_unidentata,9.38773,-84.13281,Costa Rica,GABI,AOTW_Ponerinae_Occ_1671,CRI,valid
Neoponera_unidentata,9.38773,-84.13281,Costa Rica,GABI,AOTW_Ponerinae_Occ_1672,CRI,valid
Neoponera_unidentata,9.38773,-84.13281,Costa Rica,GABI,AOTW_Ponerinae_Occ_1673,CRI,valid
Neoponera_unidentata,9.38773,-84.13281,Costa Rica,GABI,AOTW_Ponerinae_Occ_1674,CRI,valid
Neoponera_unidentata,9.38773,-84.13281,Costa Rica,GABI,AOTW_Ponerinae_Occ_1675,CRI,valid
Neoponera_unidentata,9.38773,-84.13281,Costa Rica,GABI,AOTW_Ponerinae_Occ_1676,CRI,valid
Neoponera_unidentata,9.38773,-84.13281,Costa Rica,GABI,AOTW_Ponerinae_Occ_1677,CRI,valid
Neoponera_unidentata,9.38773,-84.13281,Costa Rica,GABI,AOTW_Ponerinae_Occ_1678,CRI,valid
Neoponera_unidentata,9.38773,-84.13281,Costa Rica,GABI,AOTW_Ponerinae_Occ_1679,CRI,valid
Neoponera_unidentata,9.38773,-84.13281,Costa Rica,GABI,AOTW_Ponerinae_Occ_1680,CRI,valid
Neoponera_unidentata,9.38773,-84.13281,Costa Rica,GABI,AOTW_Ponerinae_Occ_1681,CRI,valid
Neoponera_unidentata,9.38773,-84.13281,Costa Rica,GABI,AOTW_Ponerinae_Occ_1682,CRI,valid
Neoponera_unidentata,9.38773,-84.13281,Costa Rica,GABI,AOTW_Ponerinae_Occ_1683,CRI,valid
Neoponera_unidentata,9.38773,-84.13281,Costa Rica,GABI,AOTW_Ponerinae_Occ_1684,CRI,valid
Neoponera_unidentata,9.38773,-84.13281,Costa Rica,GABI,AOTW_Ponerinae_Occ_1685,CRI,valid
Neoponera_unidentata,9.38773,-84.13281,Costa Rica,GABI,AOTW_Ponerinae_Occ_1686,CRI,valid
Neoponera_unidentata,9.38773,-84.13281,Costa Rica,GABI,AOTW_Ponerinae_Occ_1687,CRI,valid
Neoponera_unidentata,9.38773,-84.13281,Costa Rica,GABI,AOTW_Ponerinae_Occ_1688,CRI,valid
Neoponera_unidentata,9.38773,-84.13281,Costa Rica,GABI,AOTW_Ponerinae_Occ_1689,CRI,valid
Neoponera_unidentata,10.58481,-83.5292,Costa Rica,GABI,AOTW_Ponerinae_Occ_1690,CRI,valid
Neoponera_unidentata,10.58481,-83.5292,Costa Rica,GABI,AOTW_Ponerinae_Occ_1691,CRI,valid
Neoponera_unidentata,10.58481,-83.5292,Costa Rica,GABI,AOTW_Ponerinae_Occ_1692,CRI,valid
Neoponera_unidentata,9.58121,-85.1367,Costa Rica,GABI,AOTW_Ponerinae_Occ_1693,CRI,valid
Neoponera_unidentata,9.58121,-85.1367,Costa Rica,GABI,AOTW_Ponerinae_Occ_1694,CRI,valid
Neoponera_unidentata,9.58121,-85.1367,Costa Rica,GABI,AOTW_Ponerinae_Occ_1695,CRI,valid
Neoponera_unidentata,9.58121,-85.1367,Costa Rica,GABI,AOTW_Ponerinae_Occ_1696,CRI,valid
Neoponera_unidentata,9.74715,-84.56335,Costa Rica,GABI,AOTW_Ponerinae_Occ_1697,CRI,valid
Neoponera_unidentata,9.74715,-84.56335,Costa Rica,GABI,AOTW_Ponerinae_Occ_1698,CRI,valid
Neoponera_unidentata,9.74715,-84.56335,Costa Rica,GABI,AOTW_Ponerinae_Occ_1699,CRI,valid
Neoponera_unidentata,9.74715,-84.56335,Costa Rica,GABI,AOTW_Ponerinae_Occ_1700,CRI,valid
Neoponera_unidentata,9.74715,-84.56335,Costa Rica,GABI,AOTW_Ponerinae_Occ_1701,CRI,valid
Neoponera_unidentata,9.74715,-84.56335,Costa Rica,GABI,AOTW_Ponerinae_Occ_1702,CRI,valid
Neoponera_unidentata,9.74715,-84.56335,Costa Rica,GABI,AOTW_Ponerinae_Occ_1703,CRI,valid
Neoponera_unidentata,9.74715,-84.56335,Costa Rica,GABI,AOTW_Ponerinae_Occ_1704,CRI,valid
Neoponera_unidentata,10.32804,-84.08042,Costa Rica,GABI,AOTW_Ponerinae_Occ_1705,CRI,valid
Neoponera_unidentata,10.32804,-84.08042,Costa Rica,GABI,AOTW_Ponerinae_Occ_1706,CRI,valid
Neoponera_unidentata,10.32804,-84.08042,Costa Rica,GABI,AOTW_Ponerinae_Occ_1707,CRI,valid
Neoponera_unidentata,8.75939,-83.28313,Costa Rica,GABI,AOTW_Ponerinae_Occ_1708,CRI,valid
Neoponera_unidentata,8.75939,-83.28313,Costa Rica,GABI,AOTW_Ponerinae_Occ_1709,CRI,valid
Neoponera_unidentata,8.75939,-83.28313,Costa Rica,GABI,AOTW_Ponerinae_Occ_1710,CRI,valid
Neoponera_unidentata,10.99261,-85.42948,Costa Rica,GABI,AOTW_Ponerinae_Occ_1711,CRI,valid
Neoponera_unidentata,10.99261,-85.42948,Costa Rica,GABI,AOTW_Ponerinae_Occ_1712,CRI,valid
Neoponera_unidentata,10.99261,-85.42948,Costa Rica,GABI,AOTW_Ponerinae_Occ_1713,CRI,valid
Neoponera_unidentata,10.99261,-85.42948,Costa Rica,GABI,AOTW_Ponerinae_Occ_1714,CRI,valid
Neoponera_unidentata,10.99261,-85.42948,Costa Rica,GABI,AOTW_Ponerinae_Occ_1715,CRI,valid
Neoponera_unidentata,10.99261,-85.42948,Costa Rica,GABI,AOTW_Ponerinae_Occ_1716,CRI,valid
Neoponera_unidentata,10.99261,-85.42948,Costa Rica,GABI,AOTW_Ponerinae_Occ_1717,CRI,valid
Neoponera_unidentata,10.99261,-85.42948,Costa Rica,GABI,AOTW_Ponerinae_Occ_1718,CRI,valid
Neoponera_unidentata,10.99261,-85.42948,Costa Rica,GABI,AOTW_Ponerinae_Occ_1719,CRI,valid
Neoponera_unidentata,10.99261,-85.42948,Costa Rica,GABI,AOTW_Ponerinae_Occ_1720,CRI,valid
Neoponera_unidentata,10.99261,-85.42948,Costa Rica,GABI,AOTW_Ponerinae_Occ_1721,CRI,valid
Neoponera_unidentata,10.99261,-85.42948,Costa Rica,GABI,AOTW_Ponerinae_Occ_1722,CRI,valid
Neoponera_unidentata,10.99261,-85.42948,Costa Rica,GABI,AOTW_Ponerinae_Occ_1723,CRI,valid
Neoponera_unidentata,10.99261,-85.42948,Costa Rica,GABI,AOTW_Ponerinae_Occ_1724,CRI,valid
Neoponera_unidentata,9.77423,-84.60812,Costa Rica,GABI,AOTW_Ponerinae_Occ_1725,CRI,valid
Neoponera_unidentata,9.77423,-84.60812,Costa Rica,GABI,AOTW_Ponerinae_Occ_1726,CRI,valid
Neoponera_unidentata,8.70972,-83.87361,Costa Rica,GABI,AOTW_Ponerinae_Occ_1727,CRI,valid
Neoponera_unidentata,8.70972,-83.87361,Costa Rica,GABI,AOTW_Ponerinae_Occ_1728,CRI,valid
Neoponera_unidentata,8.70972,-83.87361,Costa Rica,GABI,AOTW_Ponerinae_Occ_1729,CRI,valid
Neoponera_unidentata,8.70972,-83.87361,Costa Rica,GABI,AOTW_Ponerinae_Occ_1730,CRI,valid
Neoponera_unidentata,8.70972,-83.87361,Costa Rica,GABI,AOTW_Ponerinae_Occ_1731,CRI,valid
Neoponera_unidentata,8.70972,-83.87361,Costa Rica,GABI,AOTW_Ponerinae_Occ_1732,CRI,valid
Neoponera_unidentata,8.70972,-83.87361,Costa Rica,GABI,AOTW_Ponerinae_Occ_1733,CRI,valid
Neoponera_unidentata,8.6791,-83.56671,Costa Rica,GABI,AOTW_Ponerinae_Occ_1734,CRI,valid
Neoponera_unidentata,8.6791,-83.56671,Costa Rica,GABI,AOTW_Ponerinae_Occ_1735,CRI,valid
Neoponera_unidentata,8.6791,-83.56671,Costa Rica,GABI,AOTW_Ponerinae_Occ_1736,CRI,valid
Neoponera_unidentata,8.6791,-83.56671,Costa Rica,GABI,AOTW_Ponerinae_Occ_1737,CRI,valid
Neoponera_unidentata,8.6791,-83.56671,Costa Rica,GABI,AOTW_Ponerinae_Occ_1738,CRI,valid
Neoponera_unidentata,8.6791,-83.56671,Costa Rica,GABI,AOTW_Ponerinae_Occ_1739,CRI,valid
Neoponera_unidentata,8.6791,-83.56671,Costa Rica,GABI,AOTW_Ponerinae_Occ_1740,CRI,valid
Neoponera_unidentata,8.6791,-83.56671,Costa Rica,GABI,AOTW_Ponerinae_Occ_1741,CRI,valid
Neoponera_unidentata,8.6791,-83.56671,Costa Rica,GABI,AOTW_Ponerinae_Occ_1742,CRI,valid
Neoponera_unidentata,8.6791,-83.56671,Costa Rica,GABI,AOTW_Ponerinae_Occ_1743,CRI,valid
Neoponera_unidentata,8.6791,-83.56671,Costa Rica,GABI,AOTW_Ponerinae_Occ_1744,CRI,valid
Neoponera_unidentata,8.6791,-83.56671,Costa Rica,GABI,AOTW_Ponerinae_Occ_1745,CRI,valid
Neoponera_unidentata,8.6791,-83.56671,Costa Rica,GABI,AOTW_Ponerinae_Occ_1746,CRI,valid
Neoponera_unidentata,10.96254,-85.49524,Costa Rica,GABI,AOTW_Ponerinae_Occ_1747,CRI,valid
Neoponera_unidentata,10.96254,-85.49524,Costa Rica,GABI,AOTW_Ponerinae_Occ_1748,CRI,valid
Neoponera_unidentata,10.96254,-85.49524,Costa Rica,GABI,AOTW_Ponerinae_Occ_1749,CRI,valid
Neoponera_unidentata,10.96254,-85.49524,Costa Rica,GABI,AOTW_Ponerinae_Occ_1750,CRI,valid
Neoponera_unidentata,10.53955,-83.50648,Costa Rica,GABI,AOTW_Ponerinae_Occ_1751,CRI,valid
Neoponera_unidentata,10.53955,-83.50648,Costa Rica,GABI,AOTW_Ponerinae_Occ_1752,CRI,valid
Neoponera_unidentata,10.53955,-83.50648,Costa Rica,GABI,AOTW_Ponerinae_Occ_1753,CRI,valid
Neoponera_unidentata,10.53955,-83.50648,Costa Rica,GABI,AOTW_Ponerinae_Occ_1754,CRI,valid
Neoponera_unidentata,10.53955,-83.50648,Costa Rica,GABI,AOTW_Ponerinae_Occ_1755,CRI,valid
Neoponera_unidentata,10.53955,-83.50648,Costa Rica,GABI,AOTW_Ponerinae_Occ_1756,CRI,valid
Neoponera_unidentata,10.53955,-83.50648,Costa Rica,GABI,AOTW_Ponerinae_Occ_1757,CRI,valid
Neoponera_unidentata,10.53955,-83.50648,Costa Rica,GABI,AOTW_Ponerinae_Occ_1758,CRI,valid
Neoponera_unidentata,10.53955,-83.50648,Costa Rica,GABI,AOTW_Ponerinae_Occ_1759,CRI,valid
Neoponera_unidentata,10.53955,-83.50648,Costa Rica,GABI,AOTW_Ponerinae_Occ_1760,CRI,valid
Neoponera_unidentata,10.53955,-83.50648,Costa Rica,GABI,AOTW_Ponerinae_Occ_1761,CRI,valid
Neoponera_unidentata,10.53955,-83.50648,Costa Rica,GABI,AOTW_Ponerinae_Occ_1762,CRI,valid
Neoponera_unidentata,10.53955,-83.50648,Costa Rica,GABI,AOTW_Ponerinae_Occ_1763,CRI,valid
Neoponera_unidentata,10.53955,-83.50648,Costa Rica,GABI,AOTW_Ponerinae_Occ_1764,CRI,valid
Neoponera_unidentata,10.53955,-83.50648,Costa Rica,GABI,AOTW_Ponerinae_Occ_1765,CRI,valid
Neoponera_unidentata,10.59427,-83.71651,Costa Rica,GABI,AOTW_Ponerinae_Occ_1766,CRI,valid
Neoponera_unidentata,10.59427,-83.71651,Costa Rica,GABI,AOTW_Ponerinae_Occ_1767,CRI,valid
Neoponera_unidentata,9.67538,-83.02678,Costa Rica,GABI,AOTW_Ponerinae_Occ_1768,CRI,valid
Neoponera_unidentata,10.31667,-84.71667,Costa Rica,GABI,AOTW_Ponerinae_Occ_1769,CRI,valid
Neoponera_unidentata,10.40126,-84.05023,Costa Rica,GABI,AOTW_Ponerinae_Occ_1770,CRI,valid
Neoponera_unidentata,10.40126,-84.05023,Costa Rica,GABI,AOTW_Ponerinae_Occ_1771,CRI,valid
Neoponera_unidentata,9.79821,-84.58126,Costa Rica,GABI,AOTW_Ponerinae_Occ_1772,CRI,valid
Neoponera_unidentata,9.79821,-84.58126,Costa Rica,GABI,AOTW_Ponerinae_Occ_1773,CRI,valid
Neoponera_unidentata,8.46667,-83.58333,Costa Rica,GABI,AOTW_Ponerinae_Occ_1774,CRI,valid
Neoponera_unidentata,9.51935,-82.95628,Costa Rica,GABI,AOTW_Ponerinae_Occ_1775,CRI,valid
Neoponera_unidentata,10.35,-84.05,Costa Rica,GABI,AOTW_Ponerinae_Occ_1776,CRI,valid
Neoponera_unidentata,10.35,-84.05,Costa Rica,GABI,AOTW_Ponerinae_Occ_1777,CRI,valid
Neoponera_unidentata,10.35,-84.05,Costa Rica,GABI,AOTW_Ponerinae_Occ_1778,CRI,valid
Neoponera_unidentata,10.35,-84.05,Costa Rica,GABI,AOTW_Ponerinae_Occ_1779,CRI,valid
Neoponera_unidentata,10.35,-84.05,Costa Rica,GABI,AOTW_Ponerinae_Occ_1780,CRI,valid
Neoponera_unidentata,10.35,-84.05,Costa Rica,GABI,AOTW_Ponerinae_Occ_1781,CRI,valid
Neoponera_unidentata,10.35,-84.05,Costa Rica,GABI,AOTW_Ponerinae_Occ_1782,CRI,valid
Neoponera_unidentata,10.35,-84.05,Costa Rica,GABI,AOTW_Ponerinae_Occ_1783,CRI,valid
Neoponera_unidentata,10.35,-84.05,Costa Rica,GABI,AOTW_Ponerinae_Occ_1784,CRI,valid
Neoponera_unidentata,10.35,-84.05,Costa Rica,GABI,AOTW_Ponerinae_Occ_1785,CRI,valid
Neoponera_unidentata,10.35,-84.05,Costa Rica,GABI,AOTW_Ponerinae_Occ_1786,CRI,valid
Neoponera_unidentata,10.35,-84.05,Costa Rica,GABI,AOTW_Ponerinae_Occ_1787,CRI,valid
Neoponera_unidentata,10.35,-84.05,Costa Rica,GABI,AOTW_Ponerinae_Occ_1788,CRI,valid
Neoponera_unidentata,10.33333,-84.06667,Costa Rica,GABI,AOTW_Ponerinae_Occ_1789,CRI,valid
Neoponera_unidentata,10.33333,-84.06667,Costa Rica,GABI,AOTW_Ponerinae_Occ_1790,CRI,valid
Neoponera_unidentata,10.33333,-84.06667,Costa Rica,GABI,AOTW_Ponerinae_Occ_1791,CRI,valid
Neoponera_unidentata,10.33333,-84.06667,Costa Rica,GABI,AOTW_Ponerinae_Occ_1792,CRI,valid
Neoponera_unidentata,10.33333,-84.06667,Costa Rica,GABI,AOTW_Ponerinae_Occ_1793,CRI,valid
Neoponera_unidentata,10.33333,-84.06667,Costa Rica,GABI,AOTW_Ponerinae_Occ_1794,CRI,valid
Neoponera_unidentata,10.33333,-84.06667,Costa Rica,GABI,AOTW_Ponerinae_Occ_1795,CRI,valid
Neoponera_unidentata,10.33333,-84.06667,Costa Rica,GABI,AOTW_Ponerinae_Occ_1796,CRI,valid
Neoponera_unidentata,10.33333,-84.06667,Costa Rica,GABI,AOTW_Ponerinae_Occ_1797,CRI,valid
Neoponera_unidentata,10.33333,-84.06667,Costa Rica,GABI,AOTW_Ponerinae_Occ_1798,CRI,valid
Neoponera_unidentata,10.33333,-84.06667,Costa Rica,GABI,AOTW_Ponerinae_Occ_1799,CRI,valid
Neoponera_unidentata,10.33333,-84.06667,Costa Rica,GABI,AOTW_Ponerinae_Occ_1800,CRI,valid
Neoponera_unidentata,10.33333,-84.06667,Costa Rica,GABI,AOTW_Ponerinae_Occ_1801,CRI,valid
Neoponera_unidentata,10.33333,-84.06667,Costa Rica,GABI,AOTW_Ponerinae_Occ_1802,CRI,valid
Neoponera_unidentata,10.33333,-84.06667,Costa Rica,GABI,AOTW_Ponerinae_Occ_1803,CRI,valid
Neoponera_unidentata,10.33333,-84.06667,Costa Rica,GABI,AOTW_Ponerinae_Occ_1804,CRI,valid
Neoponera_unidentata,10.33333,-84.06667,Costa Rica,GABI,AOTW_Ponerinae_Occ_1805,CRI,valid
Neoponera_unidentata,10.33333,-84.06667,Costa Rica,GABI,AOTW_Ponerinae_Occ_1806,CRI,valid
Neoponera_unidentata,10.33333,-84.06667,Costa Rica,GABI,AOTW_Ponerinae_Occ_1807,CRI,valid
Neoponera_unidentata,10.33333,-84.06667,Costa Rica,GABI,AOTW_Ponerinae_Occ_1808,CRI,valid
Neoponera_unidentata,10.33333,-84.06667,Costa Rica,GABI,AOTW_Ponerinae_Occ_1809,CRI,valid
Neoponera_verenae,8.48017,-83.59129,Costa Rica,GABI,AOTW_Ponerinae_Occ_1810,CRI,valid
Neoponera_verenae,8.48017,-83.59129,Costa Rica,GABI,AOTW_Ponerinae_Occ_1811,CRI,valid
Neoponera_verenae,8.48017,-83.59129,Costa Rica,GABI,AOTW_Ponerinae_Occ_1812,CRI,valid
Neoponera_verenae,8.48017,-83.59129,Costa Rica,GABI,AOTW_Ponerinae_Occ_1813,CRI,valid
Neoponera_verenae,8.48017,-83.59129,Costa Rica,GABI,AOTW_Ponerinae_Occ_1814,CRI,valid
Neoponera_verenae,8.89147,-82.79294,Costa Rica,GABI,AOTW_Ponerinae_Occ_1815,CRI,valid
Neoponera_verenae,8.89147,-82.79294,Costa Rica,GABI,AOTW_Ponerinae_Occ_1816,CRI,valid
Neoponera_verenae,8.6791,-83.56671,Costa Rica,GABI,AOTW_Ponerinae_Occ_1817,CRI,valid
Neoponera_verenae,8.6791,-83.56671,Costa Rica,GABI,AOTW_Ponerinae_Occ_1818,CRI,valid
Neoponera_verenae,8.6791,-83.56671,Costa Rica,GABI,AOTW_Ponerinae_Occ_1819,CRI,valid
Neoponera_verenae,8.6791,-83.56671,Costa Rica,GABI,AOTW_Ponerinae_Occ_1820,CRI,valid
Neoponera_verenae,8.6791,-83.56671,Costa Rica,GABI,AOTW_Ponerinae_Occ_1821,CRI,valid
Neoponera_verenae,8.6791,-83.56671,Costa Rica,GABI,AOTW_Ponerinae_Occ_1822,CRI,valid
Neoponera_verenae,8.6791,-83.56671,Costa Rica,GABI,AOTW_Ponerinae_Occ_1823,CRI,valid
Neoponera_verenae,10.01439,-83.0678,Costa Rica,GABI,AOTW_Ponerinae_Occ_1824,CRI,valid
Neoponera_verenae,10.59427,-83.71651,Costa Rica,GABI,AOTW_Ponerinae_Occ_1825,CRI,valid
Neoponera_verenae,10.59427,-83.71651,Costa Rica,GABI,AOTW_Ponerinae_Occ_1826,CRI,valid
Neoponera_verenae,10.59427,-83.71651,Costa Rica,GABI,AOTW_Ponerinae_Occ_1827,CRI,valid
Neoponera_verenae,10.59427,-83.71651,Costa Rica,GABI,AOTW_Ponerinae_Occ_1828,CRI,valid
Neoponera_verenae,10.59427,-83.71651,Costa Rica,GABI,AOTW_Ponerinae_Occ_1829,CRI,valid
Neoponera_verenae,10.59427,-83.71651,Costa Rica,GABI,AOTW_Ponerinae_Occ_1830,CRI,valid
Neoponera_verenae,10.31667,-84.71667,Costa Rica,GABI,AOTW_Ponerinae_Occ_1831,CRI,valid
Neoponera_verenae,10.31667,-84.71667,Costa Rica,GABI,AOTW_Ponerinae_Occ_1832,CRI,valid
Neoponera_verenae,9.67177,-83.0277,Costa Rica,GABI,AOTW_Ponerinae_Occ_1833,CRI,valid
Neoponera_verenae,9.67177,-83.0277,Costa Rica,GABI,AOTW_Ponerinae_Occ_1834,CRI,valid
Neoponera_verenae,9.67177,-83.0277,Costa Rica,GABI,AOTW_Ponerinae_Occ_1835,CRI,valid
Neoponera_verenae,9.67177,-83.0277,Costa Rica,GABI,AOTW_Ponerinae_Occ_1836,CRI,valid
Neoponera_verenae,9.67177,-83.0277,Costa Rica,GABI,AOTW_Ponerinae_Occ_1837,CRI,valid
Neoponera_verenae,9.67177,-83.0277,Costa Rica,GABI,AOTW_Ponerinae_Occ_1838,CRI,valid
Neoponera_verenae,9.67177,-83.0277,Costa Rica,GABI,AOTW_Ponerinae_Occ_1839,CRI,valid
Neoponera_verenae,10.35,-84.05,Costa Rica,GABI,AOTW_Ponerinae_Occ_1840,CRI,valid
Neoponera_verenae,10.35,-84.05,Costa Rica,GABI,AOTW_Ponerinae_Occ_1841,CRI,valid
Neoponera_verenae,10.35,-84.05,Costa Rica,GABI,AOTW_Ponerinae_Occ_1842,CRI,valid
Neoponera_verenae,10.35,-84.05,Costa Rica,GABI,AOTW_Ponerinae_Occ_1843,CRI,valid
Neoponera_verenae,10.35,-84.05,Costa Rica,GABI,AOTW_Ponerinae_Occ_1844,CRI,valid
Neoponera_verenae,10.35,-84.05,Costa Rica,GABI,AOTW_Ponerinae_Occ_1845,CRI,valid
Neoponera_verenae,10.35,-84.05,Costa Rica,GABI,AOTW_Ponerinae_Occ_1846,CRI,valid
Neoponera_verenae,10.35,-84.05,Costa Rica,GABI,AOTW_Ponerinae_Occ_1847,CRI,valid
Neoponera_verenae,10.35,-84.05,Costa Rica,GABI,AOTW_Ponerinae_Occ_1848,CRI,valid
Neoponera_verenae,10.35,-84.05,Costa Rica,GABI,AOTW_Ponerinae_Occ_1849,CRI,valid
Neoponera_verenae,10.35,-84.05,Costa Rica,GABI,AOTW_Ponerinae_Occ_1850,CRI,valid
Neoponera_verenae,10.35,-84.05,Costa Rica,GABI,AOTW_Ponerinae_Occ_1851,CRI,valid
Neoponera_verenae,10.35,-84.05,Costa Rica,GABI,AOTW_Ponerinae_Occ_1852,CRI,valid
Neoponera_verenae,10.33333,-84.06667,Costa Rica,GABI,AOTW_Ponerinae_Occ_1853,CRI,valid
Neoponera_verenae,10.33333,-84.06667,Costa Rica,GABI,AOTW_Ponerinae_Occ_1854,CRI,valid
Neoponera_verenae,10.33333,-84.06667,Costa Rica,GABI,AOTW_Ponerinae_Occ_1855,CRI,valid
Neoponera_verenae,10.33333,-84.06667,Costa Rica,GABI,AOTW_Ponerinae_Occ_1856,CRI,valid
Neoponera_verenae,10.33333,-84.06667,Costa Rica,GABI,AOTW_Ponerinae_Occ_1857,CRI,valid
Neoponera_verenae,10.33333,-84.06667,Costa Rica,GABI,AOTW_Ponerinae_Occ_1858,CRI,valid
Neoponera_verenae,10.33333,-84.06667,Costa Rica,GABI,AOTW_Ponerinae_Occ_1859,CRI,valid
Neoponera_verenae,10.33333,-84.06667,Costa Rica,GABI,AOTW_Ponerinae_Occ_1860,CRI,valid
Neoponera_villosa,10.58481,-83.5292,Costa Rica,GABI,AOTW_Ponerinae_Occ_1861,CRI,valid
Neoponera_villosa,10.16822,-85.37366,Costa Rica,GABI,AOTW_Ponerinae_Occ_1862,CRI,valid
Neoponera_villosa,10.64405,-83.74201,Costa Rica,GABI,AOTW_Ponerinae_Occ_1863,CRI,valid
Neoponera_villosa,10.64405,-83.74201,Costa Rica,GABI,AOTW_Ponerinae_Occ_1864,CRI,valid
Neoponera_villosa,10.64405,-83.74201,Costa Rica,GABI,AOTW_Ponerinae_Occ_1865,CRI,valid
Neoponera_villosa,10.64405,-83.74201,Costa Rica,GABI,AOTW_Ponerinae_Occ_1866,CRI,valid
Neoponera_villosa,10.64405,-83.74201,Costa Rica,GABI,AOTW_Ponerinae_Occ_1867,CRI,valid
Neoponera_villosa,10.64405,-83.74201,Costa Rica,GABI,AOTW_Ponerinae_Occ_1868,CRI,valid
Neoponera_villosa,10.64405,-83.74201,Costa Rica,GABI,AOTW_Ponerinae_Occ_1869,CRI,valid
Neoponera_villosa,10.64405,-83.74201,Costa Rica,GABI,AOTW_Ponerinae_Occ_1870,CRI,valid
Neoponera_villosa,10.64405,-83.74201,Costa Rica,GABI,AOTW_Ponerinae_Occ_1871,CRI,valid
Neoponera_villosa,10.64405,-83.74201,Costa Rica,GABI,AOTW_Ponerinae_Occ_1872,CRI,valid
Neoponera_villosa,10.64405,-83.74201,Costa Rica,GABI,AOTW_Ponerinae_Occ_1873,CRI,valid
Neoponera_villosa,10.64405,-83.74201,Costa Rica,GABI,AOTW_Ponerinae_Occ_1874,CRI,valid
Neoponera_villosa,11.03386,-85.52479,Costa Rica,GABI,AOTW_Ponerinae_Occ_1875,CRI,valid
Neoponera_villosa,11.03386,-85.52479,Costa Rica,GABI,AOTW_Ponerinae_Occ_1876,CRI,valid
Neoponera_villosa,11.03386,-85.52479,Costa Rica,GABI,AOTW_Ponerinae_Occ_1877,CRI,valid
Neoponera_villosa,11.03386,-85.52479,Costa Rica,GABI,AOTW_Ponerinae_Occ_1878,CRI,valid
Neoponera_villosa,11.03386,-85.52479,Costa Rica,GABI,AOTW_Ponerinae_Occ_1879,CRI,valid
Neoponera_villosa,11.03386,-85.52479,Costa Rica,GABI,AOTW_Ponerinae_Occ_1880,CRI,valid
Neoponera_villosa,11.03386,-85.52479,Costa Rica,GABI,AOTW_Ponerinae_Occ_1881,CRI,valid
Neoponera_villosa,11.03386,-85.52479,Costa Rica,GABI,AOTW_Ponerinae_Occ_1882,CRI,valid
Neoponera_villosa,11.03386,-85.52479,Costa Rica,GABI,AOTW_Ponerinae_Occ_1883,CRI,valid
Neoponera_villosa,11.03386,-85.52479,Costa Rica,GABI,AOTW_Ponerinae_Occ_1884,CRI,valid
Neoponera_villosa,11.03386,-85.52479,Costa Rica,GABI,AOTW_Ponerinae_Occ_1885,CRI,valid
Neoponera_villosa,11.03386,-85.52479,Costa Rica,GABI,AOTW_Ponerinae_Occ_1886,CRI,valid
Neoponera_villosa,11.03386,-85.52479,Costa Rica,GABI,AOTW_Ponerinae_Occ_1887,CRI,valid
Neoponera_villosa,11.03386,-85.52479,Costa Rica,GABI,AOTW_Ponerinae_Occ_1888,CRI,valid
Neoponera_villosa,11.03386,-85.52479,Costa Rica,GABI,AOTW_Ponerinae_Occ_1889,CRI,valid
Neoponera_villosa,10.40126,-84.04931,Costa Rica,GABI,AOTW_Ponerinae_Occ_1890,CRI,valid
Neoponera_villosa,10.40126,-84.04931,Costa Rica,GABI,AOTW_Ponerinae_Occ_1891,CRI,valid
Neoponera_villosa,10.40126,-84.04931,Costa Rica,GABI,AOTW_Ponerinae_Occ_1892,CRI,valid
Neoponera_villosa,10.40126,-84.04931,Costa Rica,GABI,AOTW_Ponerinae_Occ_1893,CRI,valid
Neoponera_villosa,10.40126,-84.04931,Costa Rica,GABI,AOTW_Ponerinae_Occ_1894,CRI,valid
Neoponera_villosa,10.40126,-84.04931,Costa Rica,GABI,AOTW_Ponerinae_Occ_1895,CRI,valid
Neoponera_villosa,10.98317,-85.54107,Costa Rica,GABI,AOTW_Ponerinae_Occ_1896,CRI,valid
Neoponera_villosa,10.83641,-85.61549,Costa Rica,GABI,AOTW_Ponerinae_Occ_1897,CRI,valid
Neoponera_villosa,10.83641,-85.61549,Costa Rica,GABI,AOTW_Ponerinae_Occ_1898,CRI,valid
Neoponera_villosa,10.83641,-85.61549,Costa Rica,GABI,AOTW_Ponerinae_Occ_1899,CRI,valid
Neoponera_villosa,10.83641,-85.61549,Costa Rica,GABI,AOTW_Ponerinae_Occ_1900,CRI,valid
Neoponera_villosa,10.83641,-85.61549,Costa Rica,GABI,AOTW_Ponerinae_Occ_1901,CRI,valid
Neoponera_villosa,10.83641,-85.61549,Costa Rica,GABI,AOTW_Ponerinae_Occ_1902,CRI,valid
Neoponera_villosa,10.83641,-85.61549,Costa Rica,GABI,AOTW_Ponerinae_Occ_1903,CRI,valid
Neoponera_villosa,10.83641,-85.61549,Costa Rica,GABI,AOTW_Ponerinae_Occ_1904,CRI,valid
Neoponera_villosa,10.83641,-85.61549,Costa Rica,GABI,AOTW_Ponerinae_Occ_1905,CRI,valid
Neoponera_villosa,10.88965,-85.39893,Costa Rica,GABI,AOTW_Ponerinae_Occ_1906,CRI,valid
Neoponera_villosa,10.88965,-85.39893,Costa Rica,GABI,AOTW_Ponerinae_Occ_1907,CRI,valid
Neoponera_villosa,10.88965,-85.39893,Costa Rica,GABI,AOTW_Ponerinae_Occ_1908,CRI,valid
Neoponera_villosa,9.77649,-84.60813,Costa Rica,GABI,AOTW_Ponerinae_Occ_1909,CRI,valid
Neoponera_villosa,9.77649,-84.60813,Costa Rica,GABI,AOTW_Ponerinae_Occ_1910,CRI,valid
Neoponera_villosa,8.48017,-83.59129,Costa Rica,GABI,AOTW_Ponerinae_Occ_1911,CRI,valid
Neoponera_villosa,8.48017,-83.59129,Costa Rica,GABI,AOTW_Ponerinae_Occ_1912,CRI,valid
Neoponera_villosa,8.48017,-83.59129,Costa Rica,GABI,AOTW_Ponerinae_Occ_1913,CRI,valid
Neoponera_villosa,8.48017,-83.59129,Costa Rica,GABI,AOTW_Ponerinae_Occ_1914,CRI,valid
Neoponera_villosa,8.48017,-83.59129,Costa Rica,GABI,AOTW_Ponerinae_Occ_1915,CRI,valid
Neoponera_villosa,8.48017,-83.59129,Costa Rica,GABI,AOTW_Ponerinae_Occ_1916,CRI,valid
Neoponera_villosa,8.48017,-83.59129,Costa Rica,GABI,AOTW_Ponerinae_Occ_1917,CRI,valid
Neoponera_villosa,8.48017,-83.59129,Costa Rica,GABI,AOTW_Ponerinae_Occ_1918,CRI,valid
Neoponera_villosa,9.76745,-84.60812,Costa Rica,GABI,AOTW_Ponerinae_Occ_1919,CRI,valid
Neoponera_villosa,9.76745,-84.60812,Costa Rica,GABI,AOTW_Ponerinae_Occ_1920,CRI,valid
Neoponera_villosa,10.34912,-85.35234,Costa Rica,GABI,AOTW_Ponerinae_Occ_1921,CRI,valid
Neoponera_villosa,10.34912,-85.35234,Costa Rica,GABI,AOTW_Ponerinae_Occ_1922,CRI,valid
Neoponera_villosa,10.32804,-84.08042,Costa Rica,GABI,AOTW_Ponerinae_Occ_1923,CRI,valid
Neoponera_villosa,10.34912,-85.35234,Costa Rica,GABI,AOTW_Ponerinae_Occ_1924,CRI,valid
Neoponera_villosa,10.34912,-85.35234,Costa Rica,GABI,AOTW_Ponerinae_Occ_1925,CRI,valid
Neoponera_villosa,10.34912,-85.35234,Costa Rica,GABI,AOTW_Ponerinae_Occ_1926,CRI,valid
Neoponera_villosa,10.34912,-85.35234,Costa Rica,GABI,AOTW_Ponerinae_Occ_1927,CRI,valid
Neoponera_villosa,10.34912,-85.35234,Costa Rica,GABI,AOTW_Ponerinae_Occ_1928,CRI,valid
Neoponera_villosa,10.34912,-85.35234,Costa Rica,GABI,AOTW_Ponerinae_Occ_1929,CRI,valid
Neoponera_villosa,10.34912,-85.35234,Costa Rica,GABI,AOTW_Ponerinae_Occ_1930,CRI,valid
Neoponera_villosa,10.89381,-84.78885,Costa Rica,GABI,AOTW_Ponerinae_Occ_1931,CRI,valid
Neoponera_villosa,10.34912,-85.35234,Costa Rica,GABI,AOTW_Ponerinae_Occ_1932,CRI,valid
Neoponera_villosa,10.34912,-85.35234,Costa Rica,GABI,AOTW_Ponerinae_Occ_1933,CRI,valid
Neoponera_villosa,10.34912,-85.35234,Costa Rica,GABI,AOTW_Ponerinae_Occ_1934,CRI,valid
Neoponera_villosa,10.34912,-85.35234,Costa Rica,GABI,AOTW_Ponerinae_Occ_1935,CRI,valid
Neoponera_villosa,10.34912,-85.35234,Costa Rica,GABI,AOTW_Ponerinae_Occ_1936,CRI,valid
Neoponera_villosa,10.34912,-85.35234,Costa Rica,GABI,AOTW_Ponerinae_Occ_1937,CRI,valid
Neoponera_villosa,10.34912,-85.35234,Costa Rica,GABI,AOTW_Ponerinae_Occ_1938,CRI,valid
Neoponera_villosa,10.34912,-85.35234,Costa Rica,GABI,AOTW_Ponerinae_Occ_1939,CRI,valid
Neoponera_villosa,10.34912,-85.35234,Costa Rica,GABI,AOTW_Ponerinae_Occ_1940,CRI,valid
Neoponera_villosa,10.34912,-85.35234,Costa Rica,GABI,AOTW_Ponerinae_Occ_1941,CRI,valid
Neoponera_villosa,10.34912,-85.35234,Costa Rica,GABI,AOTW_Ponerinae_Occ_1942,CRI,valid
Neoponera_villosa,10.34912,-85.35234,Costa Rica,GABI,AOTW_Ponerinae_Occ_1943,CRI,valid
Neoponera_villosa,9.38773,-84.13281,Costa Rica,GABI,AOTW_Ponerinae_Occ_1944,CRI,valid
Neoponera_villosa,9.38773,-84.13281,Costa Rica,GABI,AOTW_Ponerinae_Occ_1945,CRI,valid
Neoponera_villosa,9.38773,-84.13281,Costa Rica,GABI,AOTW_Ponerinae_Occ_1946,CRI,valid
Neoponera_villosa,9.38773,-84.13281,Costa Rica,GABI,AOTW_Ponerinae_Occ_1947,CRI,valid
Neoponera_villosa,9.51483,-82.95537,Costa Rica,GABI,AOTW_Ponerinae_Occ_1948,CRI,valid
Neoponera_villosa,10.89381,-84.78885,Costa Rica,GABI,AOTW_Ponerinae_Occ_1949,CRI,valid
Neoponera_villosa,10.89381,-84.78885,Costa Rica,GABI,AOTW_Ponerinae_Occ_1950,CRI,valid
Neoponera_villosa,10.89381,-84.78885,Costa Rica,GABI,AOTW_Ponerinae_Occ_1951,CRI,valid
Neoponera_villosa,10.89381,-84.78885,Costa Rica,GABI,AOTW_Ponerinae_Occ_1952,CRI,valid
Neoponera_villosa,11.00257,-85.42585,Costa Rica,GABI,AOTW_Ponerinae_Occ_1953,CRI,valid
Neoponera_villosa,10.58481,-83.5292,Costa Rica,GABI,AOTW_Ponerinae_Occ_1954,CRI,valid
Neoponera_villosa,9.59171,-85.09574,Costa Rica,GABI,AOTW_Ponerinae_Occ_1955,CRI,valid
Neoponera_villosa,8.47116,-83.58789,Costa Rica,GABI,AOTW_Ponerinae_Occ_1956,CRI,valid
Neoponera_villosa,10.32804,-84.08042,Costa Rica,GABI,AOTW_Ponerinae_Occ_1957,CRI,valid
Neoponera_villosa,10.32804,-84.08042,Costa Rica,GABI,AOTW_Ponerinae_Occ_1958,CRI,valid
Neoponera_villosa,10.32804,-84.08042,Costa Rica,GABI,AOTW_Ponerinae_Occ_1959,CRI,valid
Neoponera_villosa,10.32804,-84.08042,Costa Rica,GABI,AOTW_Ponerinae_Occ_1960,CRI,valid
Neoponera_villosa,10.32804,-84.08042,Costa Rica,GABI,AOTW_Ponerinae_Occ_1961,CRI,valid
Neoponera_villosa,10.32804,-84.08042,Costa Rica,GABI,AOTW_Ponerinae_Occ_1962,CRI,valid
Neoponera_villosa,10.32804,-84.08042,Costa Rica,GABI,AOTW_Ponerinae_Occ_1963,CRI,valid
Neoponera_villosa,10.49506,-85.37794,Costa Rica,GABI,AOTW_Ponerinae_Occ_1964,CRI,valid
Neoponera_villosa,10.90192,-85.73106,Costa Rica,GABI,AOTW_Ponerinae_Occ_1965,CRI,valid
Neoponera_villosa,10.90192,-85.73106,Costa Rica,GABI,AOTW_Ponerinae_Occ_1966,CRI,valid
Neoponera_villosa,10.99261,-85.42948,Costa Rica,GABI,AOTW_Ponerinae_Occ_1967,CRI,valid
Neoponera_villosa,10.99261,-85.42948,Costa Rica,GABI,AOTW_Ponerinae_Occ_1968,CRI,valid
Neoponera_villosa,10.99261,-85.42948,Costa Rica,GABI,AOTW_Ponerinae_Occ_1969,CRI,valid
Neoponera_villosa,10.99261,-85.42948,Costa Rica,GABI,AOTW_Ponerinae_Occ_1970,CRI,valid
Neoponera_villosa,10.99261,-85.42948,Costa Rica,GABI,AOTW_Ponerinae_Occ_1971,CRI,valid
Neoponera_villosa,10.99261,-85.42948,Costa Rica,GABI,AOTW_Ponerinae_Occ_1972,CRI,valid
Neoponera_villosa,10.99261,-85.42948,Costa Rica,GABI,AOTW_Ponerinae_Occ_1973,CRI,valid
Neoponera_villosa,10.99261,-85.42948,Costa Rica,GABI,AOTW_Ponerinae_Occ_1974,CRI,valid
Neoponera_villosa,10.99261,-85.42948,Costa Rica,GABI,AOTW_Ponerinae_Occ_1975,CRI,valid
Neoponera_villosa,10.99261,-85.42948,Costa Rica,GABI,AOTW_Ponerinae_Occ_1976,CRI,valid
Neoponera_villosa,10.99261,-85.42948,Costa Rica,GABI,AOTW_Ponerinae_Occ_1977,CRI,valid
Neoponera_villosa,10.99261,-85.42948,Costa Rica,GABI,AOTW_Ponerinae_Occ_1978,CRI,valid
Neoponera_villosa,10.99261,-85.42948,Costa Rica,GABI,AOTW_Ponerinae_Occ_1979,CRI,valid
Neoponera_villosa,10.99261,-85.42948,Costa Rica,GABI,AOTW_Ponerinae_Occ_1980,CRI,valid
Neoponera_villosa,10.99261,-85.42948,Costa Rica,GABI,AOTW_Ponerinae_Occ_1981,CRI,valid
Neoponera_villosa,10.99261,-85.42948,Costa Rica,GABI,AOTW_Ponerinae_Occ_1982,CRI,valid
Neoponera_villosa,10.99261,-85.42948,Costa Rica,GABI,AOTW_Ponerinae_Occ_1983,CRI,valid
Neoponera_villosa,10.99261,-85.42948,Costa Rica,GABI,AOTW_Ponerinae_Occ_1984,CRI,valid
Neoponera_villosa,10.99261,-85.42948,Costa Rica,GABI,AOTW_Ponerinae_Occ_1985,CRI,valid
Neoponera_villosa,10.99261,-85.42948,Costa Rica,GABI,AOTW_Ponerinae_Occ_1986,CRI,valid
Neoponera_villosa,10.99261,-85.42948,Costa Rica,GABI,AOTW_Ponerinae_Occ_1987,CRI,valid
Neoponera_villosa,10.99261,-85.42948,Costa Rica,GABI,AOTW_Ponerinae_Occ_1988,CRI,valid
Neoponera_villosa,10.99261,-85.42948,Costa Rica,GABI,AOTW_Ponerinae_Occ_1989,CRI,valid
Neoponera_villosa,10.99261,-85.42948,Costa Rica,GABI,AOTW_Ponerinae_Occ_1990,CRI,valid
Neoponera_villosa,10.99261,-85.42948,Costa Rica,GABI,AOTW_Ponerinae_Occ_1991,CRI,valid
Neoponera_villosa,10.99261,-85.42948,Costa Rica,GABI,AOTW_Ponerinae_Occ_1992,CRI,valid
Neoponera_villosa,10.99261,-85.42948,Costa Rica,GABI,AOTW_Ponerinae_Occ_1993,CRI,valid
Neoponera_villosa,10.99261,-85.42948,Costa Rica,GABI,AOTW_Ponerinae_Occ_1994,CRI,valid
Neoponera_villosa,10.99261,-85.42948,Costa Rica,GABI,AOTW_Ponerinae_Occ_1995,CRI,valid
Neoponera_villosa,10.99261,-85.42948,Costa Rica,GABI,AOTW_Ponerinae_Occ_1996,CRI,valid
Neoponera_villosa,10.99261,-85.42948,Costa Rica,GABI,AOTW_Ponerinae_Occ_1997,CRI,valid
Neoponera_villosa,10.99261,-85.42948,Costa Rica,GABI,AOTW_Ponerinae_Occ_1998,CRI,valid
Neoponera_villosa,10.99261,-85.42948,Costa Rica,GABI,AOTW_Ponerinae_Occ_1999,CRI,valid
Neoponera_villosa,10.99261,-85.42948,Costa Rica,GABI,AOTW_Ponerinae_Occ_2000,CRI,valid
Neoponera_villosa,10.99261,-85.42948,Costa Rica,GABI,AOTW_Ponerinae_Occ_2001,CRI,valid
Neoponera_villosa,10.99261,-85.42948,Costa Rica,GABI,AOTW_Ponerinae_Occ_2002,CRI,valid
Neoponera_villosa,10.99261,-85.42948,Costa Rica,GABI,AOTW_Ponerinae_Occ_2003,CRI,valid
Neoponera_villosa,10.99261,-85.42948,Costa Rica,GABI,AOTW_Ponerinae_Occ_2004,CRI,valid
Neoponera_villosa,10.99261,-85.42948,Costa Rica,GABI,AOTW_Ponerinae_Occ_2005,CRI,valid
Neoponera_villosa,10.99261,-85.42948,Costa Rica,GABI,AOTW_Ponerinae_Occ_2006,CRI,valid
Neoponera_villosa,10.99261,-85.42948,Costa Rica,GABI,AOTW_Ponerinae_Occ_2007,CRI,valid
Neoponera_villosa,10.99261,-85.42948,Costa Rica,GABI,AOTW_Ponerinae_Occ_2008,CRI,valid
Neoponera_villosa,10.99261,-85.42948,Costa Rica,GABI,AOTW_Ponerinae_Occ_2009,CRI,valid
Neoponera_villosa,10.46641,-84.11639,Costa Rica,GABI,AOTW_Ponerinae_Occ_2010,CRI,valid
Neoponera_villosa,10.46641,-84.11639,Costa Rica,GABI,AOTW_Ponerinae_Occ_2011,CRI,valid
Neoponera_villosa,10.46641,-84.11639,Costa Rica,GABI,AOTW_Ponerinae_Occ_2012,CRI,valid
Neoponera_villosa,10.46641,-84.11639,Costa Rica,GABI,AOTW_Ponerinae_Occ_2013,CRI,valid
Neoponera_villosa,11.02246,-85.42592,Costa Rica,GABI,AOTW_Ponerinae_Occ_2014,CRI,valid
Neoponera_villosa,11.02246,-85.42592,Costa Rica,GABI,AOTW_Ponerinae_Occ_2015,CRI,valid
Neoponera_villosa,9.77423,-84.60812,Costa Rica,GABI,AOTW_Ponerinae_Occ_2016,CRI,valid
Neoponera_villosa,9.77423,-84.60812,Costa Rica,GABI,AOTW_Ponerinae_Occ_2017,CRI,valid
Neoponera_villosa,10.26706,-83.76828,Costa Rica,GABI,AOTW_Ponerinae_Occ_2018,CRI,valid
Neoponera_villosa,10.26706,-83.76828,Costa Rica,GABI,AOTW_Ponerinae_Occ_2019,CRI,valid
Neoponera_villosa,10.99036,-85.42718,Costa Rica,GABI,AOTW_Ponerinae_Occ_2020,CRI,valid
Neoponera_villosa,10.99036,-85.42718,Costa Rica,GABI,AOTW_Ponerinae_Occ_2021,CRI,valid
Neoponera_villosa,10.99036,-85.42718,Costa Rica,GABI,AOTW_Ponerinae_Occ_2022,CRI,valid
Neoponera_villosa,11.03366,-85.57695,Costa Rica,GABI,AOTW_Ponerinae_Occ_2023,CRI,valid
Neoponera_villosa,11.03366,-85.57695,Costa Rica,GABI,AOTW_Ponerinae_Occ_2024,CRI,valid
Neoponera_villosa,11.03366,-85.57695,Costa Rica,GABI,AOTW_Ponerinae_Occ_2025,CRI,valid
Neoponera_villosa,11.03366,-85.57695,Costa Rica,GABI,AOTW_Ponerinae_Occ_2026,CRI,valid
Neoponera_villosa,11.03366,-85.57695,Costa Rica,GABI,AOTW_Ponerinae_Occ_2027,CRI,valid
Neoponera_villosa,10.93008,-85.47042,Costa Rica,GABI,AOTW_Ponerinae_Occ_2028,CRI,valid
Neoponera_villosa,10.93008,-85.47042,Costa Rica,GABI,AOTW_Ponerinae_Occ_2029,CRI,valid
Neoponera_villosa,9.02385,-83.50885,Costa Rica,GABI,AOTW_Ponerinae_Occ_2030,CRI,valid
Neoponera_villosa,8.6791,-83.56671,Costa Rica,GABI,AOTW_Ponerinae_Occ_2031,CRI,valid
Neoponera_villosa,8.6791,-83.56671,Costa Rica,GABI,AOTW_Ponerinae_Occ_2032,CRI,valid
Neoponera_villosa,8.6791,-83.56671,Costa Rica,GABI,AOTW_Ponerinae_Occ_2033,CRI,valid
Neoponera_villosa,8.6791,-83.56671,Costa Rica,GABI,AOTW_Ponerinae_Occ_2034,CRI,valid
Neoponera_villosa,8.6791,-83.56671,Costa Rica,GABI,AOTW_Ponerinae_Occ_2035,CRI,valid
Neoponera_villosa,8.6791,-83.56671,Costa Rica,GABI,AOTW_Ponerinae_Occ_2036,CRI,valid
Neoponera_villosa,8.6791,-83.56671,Costa Rica,GABI,AOTW_Ponerinae_Occ_2037,CRI,valid
Neoponera_villosa,8.6791,-83.56671,Costa Rica,GABI,AOTW_Ponerinae_Occ_2038,CRI,valid
Neoponera_villosa,8.6791,-83.56671,Costa Rica,GABI,AOTW_Ponerinae_Occ_2039,CRI,valid
Neoponera_villosa,8.6791,-83.56671,Costa Rica,GABI,AOTW_Ponerinae_Occ_2040,CRI,valid
Neoponera_villosa,8.6791,-83.56671,Costa Rica,GABI,AOTW_Ponerinae_Occ_2041,CRI,valid
Neoponera_villosa,10.96254,-85.49524,Costa Rica,GABI,AOTW_Ponerinae_Occ_2042,CRI,valid
Neoponera_villosa,10.96254,-85.49524,Costa Rica,GABI,AOTW_Ponerinae_Occ_2043,CRI,valid
Neoponera_villosa,10.96254,-85.49524,Costa Rica,GABI,AOTW_Ponerinae_Occ_2044,CRI,valid
Neoponera_villosa,10.96254,-85.49524,Costa Rica,GABI,AOTW_Ponerinae_Occ_2045,CRI,valid
Neoponera_villosa,10.96254,-85.49524,Costa Rica,GABI,AOTW_Ponerinae_Occ_2046,CRI,valid
Neoponera_villosa,10.96254,-85.49524,Costa Rica,GABI,AOTW_Ponerinae_Occ_2047,CRI,valid
Neoponera_villosa,10.96254,-85.49524,Costa Rica,GABI,AOTW_Ponerinae_Occ_2048,CRI,valid
Neoponera_villosa,10.96254,-85.49524,Costa Rica,GABI,AOTW_Ponerinae_Occ_2049,CRI,valid
Neoponera_villosa,10.96254,-85.49524,Costa Rica,GABI,AOTW_Ponerinae_Occ_2050,CRI,valid
Neoponera_villosa,10.96254,-85.49524,Costa Rica,GABI,AOTW_Ponerinae_Occ_2051,CRI,valid
Neoponera_villosa,10.96254,-85.49524,Costa Rica,GABI,AOTW_Ponerinae_Occ_2052,CRI,valid
Neoponera_villosa,10.96254,-85.49524,Costa Rica,GABI,AOTW_Ponerinae_Occ_2053,CRI,valid
Neoponera_villosa,10.96254,-85.49524,Costa Rica,GABI,AOTW_Ponerinae_Occ_2054,CRI,valid
Neoponera_villosa,10.96254,-85.49524,Costa Rica,GABI,AOTW_Ponerinae_Occ_2055,CRI,valid
Neoponera_villosa,10.96254,-85.49524,Costa Rica,GABI,AOTW_Ponerinae_Occ_2056,CRI,valid
Neoponera_villosa,10.96254,-85.49524,Costa Rica,GABI,AOTW_Ponerinae_Occ_2057,CRI,valid
Neoponera_villosa,10.96254,-85.49524,Costa Rica,GABI,AOTW_Ponerinae_Occ_2058,CRI,valid
Neoponera_villosa,10.96254,-85.49524,Costa Rica,GABI,AOTW_Ponerinae_Occ_2059,CRI,valid
Neoponera_villosa,10.96254,-85.49524,Costa Rica,GABI,AOTW_Ponerinae_Occ_2060,CRI,valid
Neoponera_villosa,10.96254,-85.49524,Costa Rica,GABI,AOTW_Ponerinae_Occ_2061,CRI,valid
Neoponera_villosa,10.96254,-85.49524,Costa Rica,GABI,AOTW_Ponerinae_Occ_2062,CRI,valid
Neoponera_villosa,10.96254,-85.49524,Costa Rica,GABI,AOTW_Ponerinae_Occ_2063,CRI,valid
Neoponera_villosa,10.96254,-85.49524,Costa Rica,GABI,AOTW_Ponerinae_Occ_2064,CRI,valid
Neoponera_villosa,10.96254,-85.49524,Costa Rica,GABI,AOTW_Ponerinae_Occ_2065,CRI,valid
Neoponera_villosa,10.96254,-85.49524,Costa Rica,GABI,AOTW_Ponerinae_Occ_2066,CRI,valid
Neoponera_villosa,10.96254,-85.49524,Costa Rica,GABI,AOTW_Ponerinae_Occ_2067,CRI,valid
Neoponera_villosa,10.96254,-85.49524,Costa Rica,GABI,AOTW_Ponerinae_Occ_2068,CRI,valid
Neoponera_villosa,10.96254,-85.49524,Costa Rica,GABI,AOTW_Ponerinae_Occ_2069,CRI,valid
Neoponera_villosa,10.96254,-85.49524,Costa Rica,GABI,AOTW_Ponerinae_Occ_2070,CRI,valid
Neoponera_villosa,10.96254,-85.49524,Costa Rica,GABI,AOTW_Ponerinae_Occ_2071,CRI,valid
Neoponera_villosa,10.96254,-85.49524,Costa Rica,GABI,AOTW_Ponerinae_Occ_2072,CRI,valid
Neoponera_villosa,10.96254,-85.49524,Costa Rica,GABI,AOTW_Ponerinae_Occ_2073,CRI,valid
Neoponera_villosa,10.96254,-85.49524,Costa Rica,GABI,AOTW_Ponerinae_Occ_2074,CRI,valid
Neoponera_villosa,10.96254,-85.49524,Costa Rica,GABI,AOTW_Ponerinae_Occ_2075,CRI,valid
Neoponera_villosa,10.53955,-83.50648,Costa Rica,GABI,AOTW_Ponerinae_Occ_2076,CRI,valid
Neoponera_villosa,10.96254,-85.49524,Costa Rica,GABI,AOTW_Ponerinae_Occ_2077,CRI,valid
Neoponera_villosa,10.96254,-85.49524,Costa Rica,GABI,AOTW_Ponerinae_Occ_2078,CRI,valid
Neoponera_villosa,10.96254,-85.49524,Costa Rica,GABI,AOTW_Ponerinae_Occ_2079,CRI,valid
Neoponera_villosa,10.96254,-85.49524,Costa Rica,GABI,AOTW_Ponerinae_Occ_2080,CRI,valid
Neoponera_villosa,10.35048,-85.35144,Costa Rica,GABI,AOTW_Ponerinae_Occ_2081,CRI,valid
Neoponera_villosa,10.35048,-85.35144,Costa Rica,GABI,AOTW_Ponerinae_Occ_2082,CRI,valid
Neoponera_villosa,10.95534,-84.7496,Costa Rica,GABI,AOTW_Ponerinae_Occ_2083,CRI,valid
Neoponera_villosa,10.95534,-84.7496,Costa Rica,GABI,AOTW_Ponerinae_Occ_2084,CRI,valid
Neoponera_villosa,10.53955,-83.50648,Costa Rica,GABI,AOTW_Ponerinae_Occ_2085,CRI,valid
Neoponera_villosa,10.53955,-83.50648,Costa Rica,GABI,AOTW_Ponerinae_Occ_2086,CRI,valid
Neoponera_villosa,10.53955,-83.50648,Costa Rica,GABI,AOTW_Ponerinae_Occ_2087,CRI,valid
Neoponera_villosa,10.53955,-83.50648,Costa Rica,GABI,AOTW_Ponerinae_Occ_2088,CRI,valid
Neoponera_villosa,10.53955,-83.50648,Costa Rica,GABI,AOTW_Ponerinae_Occ_2089,CRI,valid
Neoponera_villosa,10.53955,-83.50648,Costa Rica,GABI,AOTW_Ponerinae_Occ_2090,CRI,valid
Neoponera_villosa,10.53955,-83.50648,Costa Rica,GABI,AOTW_Ponerinae_Occ_2091,CRI,valid
Neoponera_villosa,10.53955,-83.50648,Costa Rica,GABI,AOTW_Ponerinae_Occ_2092,CRI,valid
Neoponera_villosa,10.53955,-83.50648,Costa Rica,GABI,AOTW_Ponerinae_Occ_2093,CRI,valid
Neoponera_villosa,10.53955,-83.50648,Costa Rica,GABI,AOTW_Ponerinae_Occ_2094,CRI,valid
Neoponera_villosa,10.59427,-83.71651,Costa Rica,GABI,AOTW_Ponerinae_Occ_2095,CRI,valid
Neoponera_villosa,10.59427,-83.71651,Costa Rica,GABI,AOTW_Ponerinae_Occ_2096,CRI,valid
Neoponera_villosa,10.59427,-83.71651,Costa Rica,GABI,AOTW_Ponerinae_Occ_2097,CRI,valid
Neoponera_villosa,9.93885,-84.89871,Costa Rica,GABI,AOTW_Ponerinae_Occ_2098,CRI,valid
Neoponera_villosa,9.93885,-84.89871,Costa Rica,GABI,AOTW_Ponerinae_Occ_2099,CRI,valid
Neoponera_villosa,9.93883,-84.91057,Costa Rica,GABI,AOTW_Ponerinae_Occ_2100,CRI,valid
Neoponera_villosa,9.63258,-82.65905,Costa Rica,GABI,AOTW_Ponerinae_Occ_2101,CRI,valid
Neoponera_villosa,10.89755,-85.46527,Costa Rica,GABI,AOTW_Ponerinae_Occ_2102,CRI,valid
Neoponera_villosa,10.77678,-85.35191,Costa Rica,GABI,AOTW_Ponerinae_Occ_2103,CRI,valid
Neoponera_villosa,10.77678,-85.35191,Costa Rica,GABI,AOTW_Ponerinae_Occ_2104,CRI,valid
Neoponera_villosa,10.77678,-85.35191,Costa Rica,GABI,AOTW_Ponerinae_Occ_2105,CRI,valid
Neoponera_villosa,10.77678,-85.35191,Costa Rica,GABI,AOTW_Ponerinae_Occ_2106,CRI,valid
Neoponera_villosa,10.77678,-85.35191,Costa Rica,GABI,AOTW_Ponerinae_Occ_2107,CRI,valid
Neoponera_villosa,10.77678,-85.35191,Costa Rica,GABI,AOTW_Ponerinae_Occ_2108,CRI,valid
Neoponera_villosa,9.67177,-83.0277,Costa Rica,GABI,AOTW_Ponerinae_Occ_2109,CRI,valid
Neoponera_villosa,10.35,-84.05,Costa Rica,GABI,AOTW_Ponerinae_Occ_2110,CRI,valid
Neoponera_villosa,10.35,-84.05,Costa Rica,GABI,AOTW_Ponerinae_Occ_2111,CRI,valid
Neoponera_villosa,10.35,-84.05,Costa Rica,GABI,AOTW_Ponerinae_Occ_2112,CRI,valid
Neoponera_villosa,10.35,-84.05,Costa Rica,GABI,AOTW_Ponerinae_Occ_2113,CRI,valid
Neoponera_villosa,10.35,-84.05,Costa Rica,GABI,AOTW_Ponerinae_Occ_2114,CRI,valid
Neoponera_villosa,10.35,-84.05,Costa Rica,GABI,AOTW_Ponerinae_Occ_2115,CRI,valid
Neoponera_villosa,10.35,-84.05,Costa Rica,GABI,AOTW_Ponerinae_Occ_2116,CRI,valid
Odontomachus_bauri,10.16822,-85.37366,Costa Rica,GABI,AOTW_Ponerinae_Occ_2117,CRI,valid
Odontomachus_bauri,10.16822,-85.37366,Costa Rica,GABI,AOTW_Ponerinae_Occ_2118,CRI,valid
Odontomachus_bauri,10.16822,-85.37366,Costa Rica,GABI,AOTW_Ponerinae_Occ_2119,CRI,valid
Odontomachus_bauri,10.16822,-85.37366,Costa Rica,GABI,AOTW_Ponerinae_Occ_2120,CRI,valid
Odontomachus_bauri,10.16822,-85.37366,Costa Rica,GABI,AOTW_Ponerinae_Occ_2121,CRI,valid
Odontomachus_bauri,10.16822,-85.37366,Costa Rica,GABI,AOTW_Ponerinae_Occ_2122,CRI,valid
Odontomachus_bauri,10.16822,-85.37366,Costa Rica,GABI,AOTW_Ponerinae_Occ_2123,CRI,valid
Odontomachus_bauri,10.16822,-85.37366,Costa Rica,GABI,AOTW_Ponerinae_Occ_2124,CRI,valid
Odontomachus_bauri,10.16822,-85.37366,Costa Rica,GABI,AOTW_Ponerinae_Occ_2125,CRI,valid
Odontomachus_bauri,10.16822,-85.37366,Costa Rica,GABI,AOTW_Ponerinae_Occ_2126,CRI,valid
Odontomachus_bauri,10.16822,-85.37366,Costa Rica,GABI,AOTW_Ponerinae_Occ_2127,CRI,valid
Odontomachus_bauri,10.16822,-85.37366,Costa Rica,GABI,AOTW_Ponerinae_Occ_2128,CRI,valid
Odontomachus_bauri,10.16822,-85.37366,Costa Rica,GABI,AOTW_Ponerinae_Occ_2129,CRI,valid
Odontomachus_bauri,10.16822,-85.37366,Costa Rica,GABI,AOTW_Ponerinae_Occ_2130,CRI,valid
Odontomachus_bauri,10.16822,-85.37366,Costa Rica,GABI,AOTW_Ponerinae_Occ_2131,CRI,valid
Odontomachus_bauri,10.16822,-85.37366,Costa Rica,GABI,AOTW_Ponerinae_Occ_2132,CRI,valid
Odontomachus_bauri,10.16822,-85.37366,Costa Rica,GABI,AOTW_Ponerinae_Occ_2133,CRI,valid
Odontomachus_bauri,10.16822,-85.37366,Costa Rica,GABI,AOTW_Ponerinae_Occ_2134,CRI,valid
Odontomachus_bauri,10.16822,-85.37366,Costa Rica,GABI,AOTW_Ponerinae_Occ_2135,CRI,valid
Odontomachus_bauri,10.16822,-85.37366,Costa Rica,GABI,AOTW_Ponerinae_Occ_2136,CRI,valid
Odontomachus_bauri,10.16822,-85.37366,Costa Rica,GABI,AOTW_Ponerinae_Occ_2137,CRI,valid
Odontomachus_bauri,10.16822,-85.37366,Costa Rica,GABI,AOTW_Ponerinae_Occ_2138,CRI,valid
Odontomachus_bauri,10.16822,-85.37366,Costa Rica,GABI,AOTW_Ponerinae_Occ_2139,CRI,valid
Odontomachus_bauri,10.16822,-85.37366,Costa Rica,GABI,AOTW_Ponerinae_Occ_2140,CRI,valid
Odontomachus_bauri,10.16822,-85.37366,Costa Rica,GABI,AOTW_Ponerinae_Occ_2141,CRI,valid
Odontomachus_bauri,10.16822,-85.37366,Costa Rica,GABI,AOTW_Ponerinae_Occ_2142,CRI,valid
Odontomachus_bauri,10.16822,-85.37366,Costa Rica,GABI,AOTW_Ponerinae_Occ_2143,CRI,valid
Odontomachus_bauri,9.38773,-84.13281,Costa Rica,GABI,AOTW_Ponerinae_Occ_2144,CRI,valid
Odontomachus_bauri,10.64405,-83.74201,Costa Rica,GABI,AOTW_Ponerinae_Occ_2145,CRI,valid
Odontomachus_bauri,10.64405,-83.74201,Costa Rica,GABI,AOTW_Ponerinae_Occ_2146,CRI,valid
Odontomachus_bauri,11.03386,-85.52479,Costa Rica,GABI,AOTW_Ponerinae_Occ_2147,CRI,valid
Odontomachus_bauri,8.48017,-83.59129,Costa Rica,GABI,AOTW_Ponerinae_Occ_2148,CRI,valid
Odontomachus_bauri,8.48017,-83.59129,Costa Rica,GABI,AOTW_Ponerinae_Occ_2149,CRI,valid
Odontomachus_bauri,8.48017,-83.59129,Costa Rica,GABI,AOTW_Ponerinae_Occ_2150,CRI,valid
Odontomachus_bauri,8.48017,-83.59129,Costa Rica,GABI,AOTW_Ponerinae_Occ_2151,CRI,valid
Odontomachus_bauri,9.76745,-84.60812,Costa Rica,GABI,AOTW_Ponerinae_Occ_2152,CRI,valid
Odontomachus_bauri,10.34912,-85.35234,Costa Rica,GABI,AOTW_Ponerinae_Occ_2153,CRI,valid
Odontomachus_bauri,10.34912,-85.35234,Costa Rica,GABI,AOTW_Ponerinae_Occ_2154,CRI,valid
Odontomachus_bauri,10.34912,-85.35234,Costa Rica,GABI,AOTW_Ponerinae_Occ_2155,CRI,valid
Odontomachus_bauri,10.34912,-85.35234,Costa Rica,GABI,AOTW_Ponerinae_Occ_2156,CRI,valid
Odontomachus_bauri,10.34912,-85.35234,Costa Rica,GABI,AOTW_Ponerinae_Occ_2157,CRI,valid
Odontomachus_bauri,9.38773,-84.13281,Costa Rica,GABI,AOTW_Ponerinae_Occ_2158,CRI,valid
Odontomachus_bauri,9.38773,-84.13281,Costa Rica,GABI,AOTW_Ponerinae_Occ_2159,CRI,valid
Odontomachus_bauri,9.38773,-84.13281,Costa Rica,GABI,AOTW_Ponerinae_Occ_2160,CRI,valid
Odontomachus_bauri,9.38773,-84.13281,Costa Rica,GABI,AOTW_Ponerinae_Occ_2161,CRI,valid
Odontomachus_bauri,10.89381,-84.78885,Costa Rica,GABI,AOTW_Ponerinae_Occ_2162,CRI,valid
Odontomachus_bauri,10.89381,-84.78885,Costa Rica,GABI,AOTW_Ponerinae_Occ_2163,CRI,valid
Odontomachus_bauri,9.58121,-85.1367,Costa Rica,GABI,AOTW_Ponerinae_Occ_2164,CRI,valid
Odontomachus_bauri,9.58121,-85.1367,Costa Rica,GABI,AOTW_Ponerinae_Occ_2165,CRI,valid
Odontomachus_bauri,9.58121,-85.1367,Costa Rica,GABI,AOTW_Ponerinae_Occ_2166,CRI,valid
Odontomachus_bauri,9.58121,-85.1367,Costa Rica,GABI,AOTW_Ponerinae_Occ_2167,CRI,valid
Odontomachus_bauri,9.58121,-85.1367,Costa Rica,GABI,AOTW_Ponerinae_Occ_2168,CRI,valid
Odontomachus_bauri,8.75939,-83.28313,Costa Rica,GABI,AOTW_Ponerinae_Occ_2169,CRI,valid
Odontomachus_bauri,10.99261,-85.42948,Costa Rica,GABI,AOTW_Ponerinae_Occ_2170,CRI,valid
Odontomachus_bauri,10.87407,-85.57997,Costa Rica,GABI,AOTW_Ponerinae_Occ_2171,CRI,valid
Odontomachus_bauri,10.86551,-85.57354,Costa Rica,GABI,AOTW_Ponerinae_Occ_2172,CRI,valid
Odontomachus_bauri,10.86551,-85.57354,Costa Rica,GABI,AOTW_Ponerinae_Occ_2173,CRI,valid
Odontomachus_bauri,9.77423,-84.60812,Costa Rica,GABI,AOTW_Ponerinae_Occ_2174,CRI,valid
Odontomachus_bauri,9.77423,-84.60812,Costa Rica,GABI,AOTW_Ponerinae_Occ_2175,CRI,valid
Odontomachus_bauri,9.77423,-84.60812,Costa Rica,GABI,AOTW_Ponerinae_Occ_2176,CRI,valid
Odontomachus_bauri,9.77423,-84.60812,Costa Rica,GABI,AOTW_Ponerinae_Occ_2177,CRI,valid
Odontomachus_bauri,9.77423,-84.60812,Costa Rica,GABI,AOTW_Ponerinae_Occ_2178,CRI,valid
Odontomachus_bauri,10.85532,-85.93294,Costa Rica,GABI,AOTW_Ponerinae_Occ_2179,CRI,valid
Odontomachus_bauri,10.85532,-85.93294,Costa Rica,GABI,AOTW_Ponerinae_Occ_2180,CRI,valid
Odontomachus_bauri,10.85532,-85.93294,Costa Rica,GABI,AOTW_Ponerinae_Occ_2181,CRI,valid
Odontomachus_bauri,10.85532,-85.93294,Costa Rica,GABI,AOTW_Ponerinae_Occ_2182,CRI,valid
Odontomachus_bauri,10.85532,-85.93294,Costa Rica,GABI,AOTW_Ponerinae_Occ_2183,CRI,valid
Odontomachus_bauri,10.85532,-85.93294,Costa Rica,GABI,AOTW_Ponerinae_Occ_2184,CRI,valid
Odontomachus_bauri,10.85907,-85.90735,Costa Rica,GABI,AOTW_Ponerinae_Occ_2185,CRI,valid
Odontomachus_bauri,10.85907,-85.90735,Costa Rica,GABI,AOTW_Ponerinae_Occ_2186,CRI,valid
Odontomachus_bauri,10.85753,-85.94301,Costa Rica,GABI,AOTW_Ponerinae_Occ_2187,CRI,valid
Odontomachus_bauri,10.85753,-85.94301,Costa Rica,GABI,AOTW_Ponerinae_Occ_2188,CRI,valid
Odontomachus_bauri,10.85753,-85.94301,Costa Rica,GABI,AOTW_Ponerinae_Occ_2189,CRI,valid
Odontomachus_bauri,10.85753,-85.94301,Costa Rica,GABI,AOTW_Ponerinae_Occ_2190,CRI,valid
Odontomachus_bauri,10.85753,-85.94301,Costa Rica,GABI,AOTW_Ponerinae_Occ_2191,CRI,valid
Odontomachus_bauri,10.85753,-85.94301,Costa Rica,GABI,AOTW_Ponerinae_Occ_2192,CRI,valid
Odontomachus_bauri,10.85753,-85.94301,Costa Rica,GABI,AOTW_Ponerinae_Occ_2193,CRI,valid
Odontomachus_bauri,10.85753,-85.94301,Costa Rica,GABI,AOTW_Ponerinae_Occ_2194,CRI,valid
Odontomachus_bauri,10.85753,-85.94301,Costa Rica,GABI,AOTW_Ponerinae_Occ_2195,CRI,valid
Odontomachus_bauri,10.87541,-85.89234,Costa Rica,GABI,AOTW_Ponerinae_Occ_2196,CRI,valid
Odontomachus_bauri,10.87541,-85.89234,Costa Rica,GABI,AOTW_Ponerinae_Occ_2197,CRI,valid
Odontomachus_bauri,10.87541,-85.89234,Costa Rica,GABI,AOTW_Ponerinae_Occ_2198,CRI,valid
Odontomachus_bauri,10.85628,-85.92289,Costa Rica,GABI,AOTW_Ponerinae_Occ_2199,CRI,valid
Odontomachus_bauri,10.85628,-85.92289,Costa Rica,GABI,AOTW_Ponerinae_Occ_2200,CRI,valid
Odontomachus_bauri,10.85628,-85.92289,Costa Rica,GABI,AOTW_Ponerinae_Occ_2201,CRI,valid
Odontomachus_bauri,10.85628,-85.92289,Costa Rica,GABI,AOTW_Ponerinae_Occ_2202,CRI,valid
Odontomachus_bauri,10.85628,-85.92289,Costa Rica,GABI,AOTW_Ponerinae_Occ_2203,CRI,valid
Odontomachus_bauri,10.85628,-85.92289,Costa Rica,GABI,AOTW_Ponerinae_Occ_2204,CRI,valid
Odontomachus_bauri,10.85628,-85.92289,Costa Rica,GABI,AOTW_Ponerinae_Occ_2205,CRI,valid
Odontomachus_bauri,10.85628,-85.92289,Costa Rica,GABI,AOTW_Ponerinae_Occ_2206,CRI,valid
Odontomachus_bauri,10.85628,-85.92289,Costa Rica,GABI,AOTW_Ponerinae_Occ_2207,CRI,valid
Odontomachus_bauri,10.85628,-85.92289,Costa Rica,GABI,AOTW_Ponerinae_Occ_2208,CRI,valid
Odontomachus_bauri,10.85628,-85.92289,Costa Rica,GABI,AOTW_Ponerinae_Occ_2209,CRI,valid
Odontomachus_bauri,10.85628,-85.92289,Costa Rica,GABI,AOTW_Ponerinae_Occ_2210,CRI,valid
Odontomachus_bauri,10.85628,-85.92289,Costa Rica,GABI,AOTW_Ponerinae_Occ_2211,CRI,valid
Odontomachus_bauri,10.85628,-85.92289,Costa Rica,GABI,AOTW_Ponerinae_Occ_2212,CRI,valid
Odontomachus_bauri,10.85628,-85.92289,Costa Rica,GABI,AOTW_Ponerinae_Occ_2213,CRI,valid
Odontomachus_bauri,10.85628,-85.92289,Costa Rica,GABI,AOTW_Ponerinae_Occ_2214,CRI,valid
Odontomachus_bauri,10.85628,-85.92289,Costa Rica,GABI,AOTW_Ponerinae_Occ_2215,CRI,valid
Odontomachus_bauri,10.85628,-85.92289,Costa Rica,GABI,AOTW_Ponerinae_Occ_2216,CRI,valid
Odontomachus_bauri,10.85433,-85.95077,Costa Rica,GABI,AOTW_Ponerinae_Occ_2217,CRI,valid
Odontomachus_bauri,10.85433,-85.95077,Costa Rica,GABI,AOTW_Ponerinae_Occ_2218,CRI,valid
Odontomachus_bauri,10.85433,-85.95077,Costa Rica,GABI,AOTW_Ponerinae_Occ_2219,CRI,valid
Odontomachus_bauri,10.85433,-85.95077,Costa Rica,GABI,AOTW_Ponerinae_Occ_2220,CRI,valid
Odontomachus_bauri,10.85433,-85.95077,Costa Rica,GABI,AOTW_Ponerinae_Occ_2221,CRI,valid
Odontomachus_bauri,10.85433,-85.95077,Costa Rica,GABI,AOTW_Ponerinae_Occ_2222,CRI,valid
Odontomachus_bauri,10.85433,-85.95077,Costa Rica,GABI,AOTW_Ponerinae_Occ_2223,CRI,valid
Odontomachus_bauri,10.85433,-85.95077,Costa Rica,GABI,AOTW_Ponerinae_Occ_2224,CRI,valid
Odontomachus_bauri,10.85433,-85.95077,Costa Rica,GABI,AOTW_Ponerinae_Occ_2225,CRI,valid
Odontomachus_bauri,10.85433,-85.95077,Costa Rica,GABI,AOTW_Ponerinae_Occ_2226,CRI,valid
Odontomachus_bauri,10.85433,-85.95077,Costa Rica,GABI,AOTW_Ponerinae_Occ_2227,CRI,valid
Odontomachus_bauri,10.85433,-85.95077,Costa Rica,GABI,AOTW_Ponerinae_Occ_2228,CRI,valid
Odontomachus_bauri,10.85433,-85.95077,Costa Rica,GABI,AOTW_Ponerinae_Occ_2229,CRI,valid
Odontomachus_bauri,10.85433,-85.95077,Costa Rica,GABI,AOTW_Ponerinae_Occ_2230,CRI,valid
Odontomachus_bauri,10.85433,-85.95077,Costa Rica,GABI,AOTW_Ponerinae_Occ_2231,CRI,valid
Odontomachus_bauri,10.85433,-85.95077,Costa Rica,GABI,AOTW_Ponerinae_Occ_2232,CRI,valid
Odontomachus_bauri,8.70972,-83.87361,Costa Rica,GABI,AOTW_Ponerinae_Occ_2233,CRI,valid
Odontomachus_bauri,8.70972,-83.87361,Costa Rica,GABI,AOTW_Ponerinae_Occ_2234,CRI,valid
Odontomachus_bauri,8.70972,-83.87361,Costa Rica,GABI,AOTW_Ponerinae_Occ_2235,CRI,valid
Odontomachus_bauri,8.70972,-83.87361,Costa Rica,GABI,AOTW_Ponerinae_Occ_2236,CRI,valid
Odontomachus_bauri,8.70972,-83.87361,Costa Rica,GABI,AOTW_Ponerinae_Occ_2237,CRI,valid
Odontomachus_bauri,8.70972,-83.87361,Costa Rica,GABI,AOTW_Ponerinae_Occ_2238,CRI,valid
Odontomachus_bauri,8.70972,-83.87361,Costa Rica,GABI,AOTW_Ponerinae_Occ_2239,CRI,valid
Odontomachus_bauri,8.70972,-83.87361,Costa Rica,GABI,AOTW_Ponerinae_Occ_2240,CRI,valid
Odontomachus_bauri,8.70972,-83.87361,Costa Rica,GABI,AOTW_Ponerinae_Occ_2241,CRI,valid
Odontomachus_bauri,8.6791,-83.56671,Costa Rica,GABI,AOTW_Ponerinae_Occ_2242,CRI,valid
Odontomachus_bauri,8.6791,-83.56671,Costa Rica,GABI,AOTW_Ponerinae_Occ_2243,CRI,valid
Odontomachus_bauri,8.6791,-83.56671,Costa Rica,GABI,AOTW_Ponerinae_Occ_2244,CRI,valid
Odontomachus_bauri,8.6791,-83.56671,Costa Rica,GABI,AOTW_Ponerinae_Occ_2245,CRI,valid
Odontomachus_bauri,8.6791,-83.56671,Costa Rica,GABI,AOTW_Ponerinae_Occ_2246,CRI,valid
Odontomachus_bauri,8.6791,-83.56671,Costa Rica,GABI,AOTW_Ponerinae_Occ_2247,CRI,valid
Odontomachus_bauri,8.6791,-83.56671,Costa Rica,GABI,AOTW_Ponerinae_Occ_2248,CRI,valid
Odontomachus_bauri,8.6791,-83.56671,Costa Rica,GABI,AOTW_Ponerinae_Occ_2249,CRI,valid
Odontomachus_bauri,10.152,-85.35718,Costa Rica,GABI,AOTW_Ponerinae_Occ_2250,CRI,valid
Odontomachus_bauri,10.88674,-85.88645,Costa Rica,GABI,AOTW_Ponerinae_Occ_2251,CRI,valid
Odontomachus_bauri,10.88674,-85.88645,Costa Rica,GABI,AOTW_Ponerinae_Occ_2252,CRI,valid
Odontomachus_bauri,10.88674,-85.88645,Costa Rica,GABI,AOTW_Ponerinae_Occ_2253,CRI,valid
Odontomachus_bauri,10.88674,-85.88645,Costa Rica,GABI,AOTW_Ponerinae_Occ_2254,CRI,valid
Odontomachus_bauri,10.88674,-85.88645,Costa Rica,GABI,AOTW_Ponerinae_Occ_2255,CRI,valid
Odontomachus_bauri,10.88674,-85.88645,Costa Rica,GABI,AOTW_Ponerinae_Occ_2256,CRI,valid
Odontomachus_bauri,10.88674,-85.88645,Costa Rica,GABI,AOTW_Ponerinae_Occ_2257,CRI,valid
Odontomachus_bauri,10.88674,-85.88645,Costa Rica,GABI,AOTW_Ponerinae_Occ_2258,CRI,valid
Odontomachus_bauri,9.97292,-85.62107,Costa Rica,GABI,AOTW_Ponerinae_Occ_2259,CRI,valid
Odontomachus_bauri,9.97292,-85.62107,Costa Rica,GABI,AOTW_Ponerinae_Occ_2260,CRI,valid
Odontomachus_bauri,9.97292,-85.62107,Costa Rica,GABI,AOTW_Ponerinae_Occ_2261,CRI,valid
Odontomachus_bauri,10.53955,-83.50648,Costa Rica,GABI,AOTW_Ponerinae_Occ_2262,CRI,valid
Odontomachus_bauri,10.59427,-83.71651,Costa Rica,GABI,AOTW_Ponerinae_Occ_2263,CRI,valid
Odontomachus_bauri,9.77429,-84.52746,Costa Rica,GABI,AOTW_Ponerinae_Occ_2264,CRI,valid
Odontomachus_bauri,9.67538,-83.02678,Costa Rica,GABI,AOTW_Ponerinae_Occ_2265,CRI,valid
Odontomachus_bauri,8.69625,-83.48583,Costa Rica,GABI,AOTW_Ponerinae_Occ_2266,CRI,valid
Odontomachus_bauri,9.51935,-82.95628,Costa Rica,GABI,AOTW_Ponerinae_Occ_2267,CRI,valid
Odontomachus_bauri,9.51935,-82.95628,Costa Rica,GABI,AOTW_Ponerinae_Occ_2268,CRI,valid
Odontomachus_bauri,9.51935,-82.95628,Costa Rica,GABI,AOTW_Ponerinae_Occ_2269,CRI,valid
Odontomachus_bauri,10.57559,-85.02322,Costa Rica,GABI,AOTW_Ponerinae_Occ_2270,CRI,valid
Odontomachus_bauri,10.57559,-85.02322,Costa Rica,GABI,AOTW_Ponerinae_Occ_2271,CRI,valid
Odontomachus_bauri,9.67177,-83.0277,Costa Rica,GABI,AOTW_Ponerinae_Occ_2272,CRI,valid
Odontomachus_bauri,8.9791,-83.2638,Costa Rica,GABI,AOTW_Ponerinae_Occ_2273,CRI,valid
Odontomachus_bauri,8.9791,-83.2638,Costa Rica,GABI,AOTW_Ponerinae_Occ_2274,CRI,valid
Odontomachus_bauri,8.9791,-83.2638,Costa Rica,GABI,AOTW_Ponerinae_Occ_2275,CRI,valid
Neoponera_villosa,-10.8853,-61.9517,Brazil,GABI,AOTW_Ponerinae_Occ_2276,BRA,valid
Odontomachus_bauri,8.9791,-83.2638,Costa Rica,GABI,AOTW_Ponerinae_Occ_2277,CRI,valid
Odontomachus_bauri,8.9791,-83.2638,Costa Rica,GABI,AOTW_Ponerinae_Occ_2278,CRI,valid
Odontomachus_biumbonatus,-10.7481,-62.2158,Brazil,GABI,AOTW_Ponerinae_Occ_2279,BRA,valid
Odontomachus_mayi,-10.8853,-61.9517,Brazil,GABI,AOTW_Ponerinae_Occ_2280,BRA,valid
Pachycondyla_crassinoda,-10.7481,-62.2158,Brazil,GABI,AOTW_Ponerinae_Occ_2281,BRA,valid
Odontomachus_bauri,8.9791,-83.2638,Costa Rica,GABI,AOTW_Ponerinae_Occ_2282,CRI,valid
Odontomachus_bauri,8.9791,-83.2638,Costa Rica,GABI,AOTW_Ponerinae_Occ_2283,CRI,valid
Odontomachus_bauri,8.9791,-83.2638,Costa Rica,GABI,AOTW_Ponerinae_Occ_2284,CRI,valid
Odontomachus_bauri,8.9791,-83.2638,Costa Rica,GABI,AOTW_Ponerinae_Occ_2285,CRI,valid
Odontomachus_bauri,10.35,-84.05,Costa Rica,GABI,AOTW_Ponerinae_Occ_2286,CRI,valid
Odontomachus_bauri,10.35,-84.05,Costa Rica,GABI,AOTW_Ponerinae_Occ_2287,CRI,valid
Odontomachus_brunneus,8.62304,-83.73662,Costa Rica,GABI,AOTW_Ponerinae_Occ_2288,CRI,valid
Odontomachus_chelifer,10.14889,-83.95191,Costa Rica,GABI,AOTW_Ponerinae_Occ_2289,CRI,valid
Odontomachus_chelifer,10.83641,-85.61549,Costa Rica,GABI,AOTW_Ponerinae_Occ_2290,CRI,valid
Odontomachus_chelifer,10.32804,-84.08042,Costa Rica,GABI,AOTW_Ponerinae_Occ_2291,CRI,valid
Odontomachus_chelifer,10.32804,-84.08042,Costa Rica,GABI,AOTW_Ponerinae_Occ_2292,CRI,valid
Odontomachus_chelifer,10.99261,-85.42948,Costa Rica,GABI,AOTW_Ponerinae_Occ_2293,CRI,valid
Odontomachus_chelifer,10.99261,-85.42948,Costa Rica,GABI,AOTW_Ponerinae_Occ_2294,CRI,valid
Odontomachus_chelifer,10.99261,-85.42948,Costa Rica,GABI,AOTW_Ponerinae_Occ_2295,CRI,valid
Odontomachus_chelifer,10.99261,-85.42948,Costa Rica,GABI,AOTW_Ponerinae_Occ_2296,CRI,valid
Odontomachus_chelifer,10.99261,-85.42948,Costa Rica,GABI,AOTW_Ponerinae_Occ_2297,CRI,valid
Odontomachus_chelifer,10.99261,-85.42948,Costa Rica,GABI,AOTW_Ponerinae_Occ_2298,CRI,valid
Odontomachus_chelifer,10.99261,-85.42948,Costa Rica,GABI,AOTW_Ponerinae_Occ_2299,CRI,valid
Odontomachus_chelifer,10.99261,-85.42948,Costa Rica,GABI,AOTW_Ponerinae_Occ_2300,CRI,valid
Odontomachus_chelifer,10.99261,-85.42948,Costa Rica,GABI,AOTW_Ponerinae_Occ_2301,CRI,valid
Odontomachus_chelifer,10.99261,-85.42948,Costa Rica,GABI,AOTW_Ponerinae_Occ_2302,CRI,valid
Odontomachus_chelifer,10.99261,-85.42948,Costa Rica,GABI,AOTW_Ponerinae_Occ_2303,CRI,valid
Odontomachus_chelifer,10.99261,-85.42948,Costa Rica,GABI,AOTW_Ponerinae_Occ_2304,CRI,valid
Odontomachus_chelifer,10.99261,-85.42948,Costa Rica,GABI,AOTW_Ponerinae_Occ_2305,CRI,valid
Odontomachus_chelifer,10.99261,-85.42948,Costa Rica,GABI,AOTW_Ponerinae_Occ_2306,CRI,valid
Odontomachus_chelifer,10.97855,-85.44407,Costa Rica,GABI,AOTW_Ponerinae_Occ_2307,CRI,valid
Odontomachus_chelifer,10.97855,-85.44407,Costa Rica,GABI,AOTW_Ponerinae_Occ_2308,CRI,valid
Odontomachus_chelifer,11.02246,-85.42592,Costa Rica,GABI,AOTW_Ponerinae_Occ_2309,CRI,valid
Odontomachus_chelifer,11.02246,-85.42592,Costa Rica,GABI,AOTW_Ponerinae_Occ_2310,CRI,valid
Odontomachus_chelifer,11.02246,-85.42592,Costa Rica,GABI,AOTW_Ponerinae_Occ_2311,CRI,valid
Odontomachus_chelifer,10.99036,-85.42718,Costa Rica,GABI,AOTW_Ponerinae_Occ_2312,CRI,valid
Odontomachus_chelifer,10.99036,-85.42718,Costa Rica,GABI,AOTW_Ponerinae_Occ_2313,CRI,valid
Odontomachus_chelifer,10.96254,-85.49524,Costa Rica,GABI,AOTW_Ponerinae_Occ_2314,CRI,valid
Odontomachus_chelifer,10.96254,-85.49524,Costa Rica,GABI,AOTW_Ponerinae_Occ_2315,CRI,valid
Odontomachus_chelifer,10.96254,-85.49524,Costa Rica,GABI,AOTW_Ponerinae_Occ_2316,CRI,valid
Odontomachus_chelifer,10.96254,-85.49524,Costa Rica,GABI,AOTW_Ponerinae_Occ_2317,CRI,valid
Odontomachus_chelifer,10.96254,-85.49524,Costa Rica,GABI,AOTW_Ponerinae_Occ_2318,CRI,valid
Odontomachus_chelifer,10.96254,-85.49524,Costa Rica,GABI,AOTW_Ponerinae_Occ_2319,CRI,valid
Odontomachus_chelifer,10.96254,-85.49524,Costa Rica,GABI,AOTW_Ponerinae_Occ_2320,CRI,valid
Odontomachus_chelifer,10.95534,-84.7496,Costa Rica,GABI,AOTW_Ponerinae_Occ_2321,CRI,valid
Odontomachus_chelifer,10.59427,-83.71651,Costa Rica,GABI,AOTW_Ponerinae_Occ_2322,CRI,valid
Odontomachus_chelifer,10.40126,-84.05023,Costa Rica,GABI,AOTW_Ponerinae_Occ_2323,CRI,valid
Odontomachus_chelifer,10.40126,-84.05023,Costa Rica,GABI,AOTW_Ponerinae_Occ_2324,CRI,valid
Odontomachus_chelifer,10.43919,-84.01092,Costa Rica,GABI,AOTW_Ponerinae_Occ_2325,CRI,valid
Odontomachus_chelifer,10.35,-84.05,Costa Rica,GABI,AOTW_Ponerinae_Occ_2326,CRI,valid
Odontomachus_chelifer,10.35,-84.05,Costa Rica,GABI,AOTW_Ponerinae_Occ_2327,CRI,valid
Odontomachus_chelifer,10.35,-84.05,Costa Rica,GABI,AOTW_Ponerinae_Occ_2328,CRI,valid
Odontomachus_chelifer,10.35,-84.05,Costa Rica,GABI,AOTW_Ponerinae_Occ_2329,CRI,valid
Odontomachus_chelifer,10.33333,-84.06667,Costa Rica,GABI,AOTW_Ponerinae_Occ_2330,CRI,valid
Odontomachus_chelifer,10.33333,-84.06667,Costa Rica,GABI,AOTW_Ponerinae_Occ_2331,CRI,valid
Odontomachus_chelifer,10.33333,-84.06667,Costa Rica,GABI,AOTW_Ponerinae_Occ_2332,CRI,valid
Odontomachus_chelifer,10.33333,-84.06667,Costa Rica,GABI,AOTW_Ponerinae_Occ_2333,CRI,valid
Odontomachus_chelifer,10.33333,-84.06667,Costa Rica,GABI,AOTW_Ponerinae_Occ_2334,CRI,valid
Odontomachus_chelifer,10.33333,-84.06667,Costa Rica,GABI,AOTW_Ponerinae_Occ_2335,CRI,valid
Odontomachus_chelifer,10.33333,-84.06667,Costa Rica,GABI,AOTW_Ponerinae_Occ_2336,CRI,valid
Odontomachus_chelifer,10.33333,-84.06667,Costa Rica,GABI,AOTW_Ponerinae_Occ_2337,CRI,valid
Odontomachus_chelifer,10.33333,-84.06667,Costa Rica,GABI,AOTW_Ponerinae_Occ_2338,CRI,valid
Odontomachus_chelifer,10.33333,-84.06667,Costa Rica,GABI,AOTW_Ponerinae_Occ_2339,CRI,valid
Odontomachus_erythrocephalus,10.58481,-83.5292,Costa Rica,GABI,AOTW_Ponerinae_Occ_2340,CRI,valid
Odontomachus_erythrocephalus,10.32804,-84.08042,Costa Rica,GABI,AOTW_Ponerinae_Occ_2341,CRI,valid
Odontomachus_erythrocephalus,10.99261,-85.42948,Costa Rica,GABI,AOTW_Ponerinae_Occ_2342,CRI,valid
Odontomachus_erythrocephalus,10.99261,-85.42948,Costa Rica,GABI,AOTW_Ponerinae_Occ_2343,CRI,valid
Odontomachus_erythrocephalus,10.99261,-85.42948,Costa Rica,GABI,AOTW_Ponerinae_Occ_2344,CRI,valid
Odontomachus_erythrocephalus,10.99261,-85.42948,Costa Rica,GABI,AOTW_Ponerinae_Occ_2345,CRI,valid
Odontomachus_erythrocephalus,10.99261,-85.42948,Costa Rica,GABI,AOTW_Ponerinae_Occ_2346,CRI,valid
Odontomachus_erythrocephalus,10.99261,-85.42948,Costa Rica,GABI,AOTW_Ponerinae_Occ_2347,CRI,valid
Odontomachus_erythrocephalus,10.99261,-85.42948,Costa Rica,GABI,AOTW_Ponerinae_Occ_2348,CRI,valid
Odontomachus_erythrocephalus,10.99261,-85.42948,Costa Rica,GABI,AOTW_Ponerinae_Occ_2349,CRI,valid
Odontomachus_erythrocephalus,10.99261,-85.42948,Costa Rica,GABI,AOTW_Ponerinae_Occ_2350,CRI,valid
Odontomachus_erythrocephalus,10.99261,-85.42948,Costa Rica,GABI,AOTW_Ponerinae_Occ_2351,CRI,valid
Odontomachus_erythrocephalus,10.99261,-85.42948,Costa Rica,GABI,AOTW_Ponerinae_Occ_2352,CRI,valid
Odontomachus_erythrocephalus,10.99261,-85.42948,Costa Rica,GABI,AOTW_Ponerinae_Occ_2353,CRI,valid
Odontomachus_erythrocephalus,10.99261,-85.42948,Costa Rica,GABI,AOTW_Ponerinae_Occ_2354,CRI,valid
Odontomachus_erythrocephalus,10.99261,-85.42948,Costa Rica,GABI,AOTW_Ponerinae_Occ_2355,CRI,valid
Odontomachus_erythrocephalus,10.99261,-85.42948,Costa Rica,GABI,AOTW_Ponerinae_Occ_2356,CRI,valid
Odontomachus_erythrocephalus,10.99261,-85.42948,Costa Rica,GABI,AOTW_Ponerinae_Occ_2357,CRI,valid
Odontomachus_erythrocephalus,10.99261,-85.42948,Costa Rica,GABI,AOTW_Ponerinae_Occ_2358,CRI,valid
Odontomachus_erythrocephalus,10.99261,-85.42948,Costa Rica,GABI,AOTW_Ponerinae_Occ_2359,CRI,valid
Odontomachus_erythrocephalus,10.99261,-85.42948,Costa Rica,GABI,AOTW_Ponerinae_Occ_2360,CRI,valid
Odontomachus_erythrocephalus,10.99261,-85.42948,Costa Rica,GABI,AOTW_Ponerinae_Occ_2361,CRI,valid
Odontomachus_erythrocephalus,10.99261,-85.42948,Costa Rica,GABI,AOTW_Ponerinae_Occ_2362,CRI,valid
Odontomachus_erythrocephalus,10.99261,-85.42948,Costa Rica,GABI,AOTW_Ponerinae_Occ_2363,CRI,valid
Odontomachus_erythrocephalus,10.99261,-85.42948,Costa Rica,GABI,AOTW_Ponerinae_Occ_2364,CRI,valid
Odontomachus_erythrocephalus,10.99261,-85.42948,Costa Rica,GABI,AOTW_Ponerinae_Occ_2365,CRI,valid
Odontomachus_erythrocephalus,10.99261,-85.42948,Costa Rica,GABI,AOTW_Ponerinae_Occ_2366,CRI,valid
Odontomachus_erythrocephalus,10.99261,-85.42948,Costa Rica,GABI,AOTW_Ponerinae_Occ_2367,CRI,valid
Odontomachus_erythrocephalus,10.99261,-85.42948,Costa Rica,GABI,AOTW_Ponerinae_Occ_2368,CRI,valid
Odontomachus_erythrocephalus,10.99261,-85.42948,Costa Rica,GABI,AOTW_Ponerinae_Occ_2369,CRI,valid
Odontomachus_erythrocephalus,10.99261,-85.42948,Costa Rica,GABI,AOTW_Ponerinae_Occ_2370,CRI,valid
Odontomachus_erythrocephalus,10.99261,-85.42948,Costa Rica,GABI,AOTW_Ponerinae_Occ_2371,CRI,valid
Odontomachus_erythrocephalus,10.99261,-85.42948,Costa Rica,GABI,AOTW_Ponerinae_Occ_2372,CRI,valid
Odontomachus_erythrocephalus,10.99261,-85.42948,Costa Rica,GABI,AOTW_Ponerinae_Occ_2373,CRI,valid
Odontomachus_erythrocephalus,10.99261,-85.42948,Costa Rica,GABI,AOTW_Ponerinae_Occ_2374,CRI,valid
Odontomachus_erythrocephalus,10.99261,-85.42948,Costa Rica,GABI,AOTW_Ponerinae_Occ_2375,CRI,valid
Odontomachus_erythrocephalus,10.99261,-85.42948,Costa Rica,GABI,AOTW_Ponerinae_Occ_2376,CRI,valid
Odontomachus_erythrocephalus,10.99261,-85.42948,Costa Rica,GABI,AOTW_Ponerinae_Occ_2377,CRI,valid
Odontomachus_erythrocephalus,10.99261,-85.42948,Costa Rica,GABI,AOTW_Ponerinae_Occ_2378,CRI,valid
Odontomachus_erythrocephalus,10.99261,-85.42948,Costa Rica,GABI,AOTW_Ponerinae_Occ_2379,CRI,valid
Odontomachus_erythrocephalus,10.99261,-85.42948,Costa Rica,GABI,AOTW_Ponerinae_Occ_2380,CRI,valid
Odontomachus_erythrocephalus,10.99261,-85.42948,Costa Rica,GABI,AOTW_Ponerinae_Occ_2381,CRI,valid
Odontomachus_erythrocephalus,10.99261,-85.42948,Costa Rica,GABI,AOTW_Ponerinae_Occ_2382,CRI,valid
Odontomachus_erythrocephalus,10.99261,-85.42948,Costa Rica,GABI,AOTW_Ponerinae_Occ_2383,CRI,valid
Odontomachus_erythrocephalus,10.99261,-85.42948,Costa Rica,GABI,AOTW_Ponerinae_Occ_2384,CRI,valid
Odontomachus_erythrocephalus,10.99261,-85.42948,Costa Rica,GABI,AOTW_Ponerinae_Occ_2385,CRI,valid
Odontomachus_erythrocephalus,10.99261,-85.42948,Costa Rica,GABI,AOTW_Ponerinae_Occ_2386,CRI,valid
Odontomachus_erythrocephalus,10.99261,-85.42948,Costa Rica,GABI,AOTW_Ponerinae_Occ_2387,CRI,valid
Odontomachus_erythrocephalus,10.99261,-85.42948,Costa Rica,GABI,AOTW_Ponerinae_Occ_2388,CRI,valid
Odontomachus_erythrocephalus,10.99261,-85.42948,Costa Rica,GABI,AOTW_Ponerinae_Occ_2389,CRI,valid
Odontomachus_erythrocephalus,10.99261,-85.42948,Costa Rica,GABI,AOTW_Ponerinae_Occ_2390,CRI,valid
Odontomachus_erythrocephalus,10.99261,-85.42948,Costa Rica,GABI,AOTW_Ponerinae_Occ_2391,CRI,valid
Odontomachus_erythrocephalus,10.99261,-85.42948,Costa Rica,GABI,AOTW_Ponerinae_Occ_2392,CRI,valid
Odontomachus_erythrocephalus,10.99261,-85.42948,Costa Rica,GABI,AOTW_Ponerinae_Occ_2393,CRI,valid
Odontomachus_erythrocephalus,10.99261,-85.42948,Costa Rica,GABI,AOTW_Ponerinae_Occ_2394,CRI,valid
Odontomachus_erythrocephalus,10.99261,-85.42948,Costa Rica,GABI,AOTW_Ponerinae_Occ_2395,CRI,valid
Odontomachus_erythrocephalus,10.99261,-85.42948,Costa Rica,GABI,AOTW_Ponerinae_Occ_2396,CRI,valid
Odontomachus_erythrocephalus,10.99261,-85.42948,Costa Rica,GABI,AOTW_Ponerinae_Occ_2397,CRI,valid
Odontomachus_erythrocephalus,10.99261,-85.42948,Costa Rica,GABI,AOTW_Ponerinae_Occ_2398,CRI,valid
Odontomachus_erythrocephalus,10.99261,-85.42948,Costa Rica,GABI,AOTW_Ponerinae_Occ_2399,CRI,valid
Odontomachus_erythrocephalus,10.99261,-85.42948,Costa Rica,GABI,AOTW_Ponerinae_Occ_2400,CRI,valid
Odontomachus_erythrocephalus,11.02246,-85.42592,Costa Rica,GABI,AOTW_Ponerinae_Occ_2401,CRI,valid
Odontomachus_erythrocephalus,10.99261,-85.42948,Costa Rica,GABI,AOTW_Ponerinae_Occ_2402,CRI,valid
Odontomachus_erythrocephalus,10.99261,-85.42948,Costa Rica,GABI,AOTW_Ponerinae_Occ_2403,CRI,valid
Odontomachus_erythrocephalus,10.99261,-85.42948,Costa Rica,GABI,AOTW_Ponerinae_Occ_2404,CRI,valid
Odontomachus_erythrocephalus,10.99261,-85.42948,Costa Rica,GABI,AOTW_Ponerinae_Occ_2405,CRI,valid
Odontomachus_erythrocephalus,10.99261,-85.42948,Costa Rica,GABI,AOTW_Ponerinae_Occ_2406,CRI,valid
Odontomachus_erythrocephalus,10.99261,-85.42948,Costa Rica,GABI,AOTW_Ponerinae_Occ_2407,CRI,valid
Odontomachus_erythrocephalus,10.99261,-85.42948,Costa Rica,GABI,AOTW_Ponerinae_Occ_2408,CRI,valid
Odontomachus_erythrocephalus,10.99261,-85.42948,Costa Rica,GABI,AOTW_Ponerinae_Occ_2409,CRI,valid
Odontomachus_erythrocephalus,10.99261,-85.42948,Costa Rica,GABI,AOTW_Ponerinae_Occ_2410,CRI,valid
Odontomachus_erythrocephalus,10.99261,-85.42948,Costa Rica,GABI,AOTW_Ponerinae_Occ_2411,CRI,valid
Odontomachus_erythrocephalus,10.99261,-85.42948,Costa Rica,GABI,AOTW_Ponerinae_Occ_2412,CRI,valid
Odontomachus_erythrocephalus,10.99261,-85.42948,Costa Rica,GABI,AOTW_Ponerinae_Occ_2413,CRI,valid
Odontomachus_erythrocephalus,10.99261,-85.42948,Costa Rica,GABI,AOTW_Ponerinae_Occ_2414,CRI,valid
Odontomachus_erythrocephalus,10.99261,-85.42948,Costa Rica,GABI,AOTW_Ponerinae_Occ_2415,CRI,valid
Odontomachus_erythrocephalus,10.99261,-85.42948,Costa Rica,GABI,AOTW_Ponerinae_Occ_2416,CRI,valid
Odontomachus_erythrocephalus,10.99261,-85.42948,Costa Rica,GABI,AOTW_Ponerinae_Occ_2417,CRI,valid
Odontomachus_erythrocephalus,10.99261,-85.42948,Costa Rica,GABI,AOTW_Ponerinae_Occ_2418,CRI,valid
Odontomachus_erythrocephalus,10.99261,-85.42948,Costa Rica,GABI,AOTW_Ponerinae_Occ_2419,CRI,valid
Odontomachus_erythrocephalus,10.99261,-85.42948,Costa Rica,GABI,AOTW_Ponerinae_Occ_2420,CRI,valid
Odontomachus_erythrocephalus,10.99261,-85.42948,Costa Rica,GABI,AOTW_Ponerinae_Occ_2421,CRI,valid
Odontomachus_erythrocephalus,10.99261,-85.42948,Costa Rica,GABI,AOTW_Ponerinae_Occ_2422,CRI,valid
Odontomachus_erythrocephalus,10.99261,-85.42948,Costa Rica,GABI,AOTW_Ponerinae_Occ_2423,CRI,valid
Odontomachus_erythrocephalus,10.99261,-85.42948,Costa Rica,GABI,AOTW_Ponerinae_Occ_2424,CRI,valid
Odontomachus_erythrocephalus,10.99261,-85.42948,Costa Rica,GABI,AOTW_Ponerinae_Occ_2425,CRI,valid
Odontomachus_erythrocephalus,10.99261,-85.42948,Costa Rica,GABI,AOTW_Ponerinae_Occ_2426,CRI,valid
Odontomachus_erythrocephalus,10.99261,-85.42948,Costa Rica,GABI,AOTW_Ponerinae_Occ_2427,CRI,valid
Odontomachus_erythrocephalus,10.99261,-85.42948,Costa Rica,GABI,AOTW_Ponerinae_Occ_2428,CRI,valid
Odontomachus_erythrocephalus,10.99261,-85.42948,Costa Rica,GABI,AOTW_Ponerinae_Occ_2429,CRI,valid
Odontomachus_erythrocephalus,10.99261,-85.42948,Costa Rica,GABI,AOTW_Ponerinae_Occ_2430,CRI,valid
Odontomachus_erythrocephalus,10.99261,-85.42948,Costa Rica,GABI,AOTW_Ponerinae_Occ_2431,CRI,valid
Odontomachus_erythrocephalus,10.99261,-85.42948,Costa Rica,GABI,AOTW_Ponerinae_Occ_2432,CRI,valid
Odontomachus_erythrocephalus,10.99261,-85.42948,Costa Rica,GABI,AOTW_Ponerinae_Occ_2433,CRI,valid
Odontomachus_erythrocephalus,10.99261,-85.42948,Costa Rica,GABI,AOTW_Ponerinae_Occ_2434,CRI,valid
Odontomachus_erythrocephalus,10.99261,-85.42948,Costa Rica,GABI,AOTW_Ponerinae_Occ_2435,CRI,valid
Odontomachus_erythrocephalus,10.67564,-84.95489,Costa Rica,GABI,AOTW_Ponerinae_Occ_2436,CRI,valid
Odontomachus_erythrocephalus,10.46641,-84.11639,Costa Rica,GABI,AOTW_Ponerinae_Occ_2437,CRI,valid
Odontomachus_erythrocephalus,10.46641,-84.11639,Costa Rica,GABI,AOTW_Ponerinae_Occ_2438,CRI,valid
Odontomachus_erythrocephalus,10.46641,-84.11639,Costa Rica,GABI,AOTW_Ponerinae_Occ_2439,CRI,valid
Odontomachus_erythrocephalus,10.46641,-84.11639,Costa Rica,GABI,AOTW_Ponerinae_Occ_2440,CRI,valid
Odontomachus_erythrocephalus,10.46641,-84.11639,Costa Rica,GABI,AOTW_Ponerinae_Occ_2441,CRI,valid
Odontomachus_erythrocephalus,10.46641,-84.11639,Costa Rica,GABI,AOTW_Ponerinae_Occ_2442,CRI,valid
Odontomachus_erythrocephalus,10.46641,-84.11639,Costa Rica,GABI,AOTW_Ponerinae_Occ_2443,CRI,valid
Odontomachus_erythrocephalus,10.46641,-84.11639,Costa Rica,GABI,AOTW_Ponerinae_Occ_2444,CRI,valid
Odontomachus_erythrocephalus,11.02246,-85.42592,Costa Rica,GABI,AOTW_Ponerinae_Occ_2445,CRI,valid
Odontomachus_erythrocephalus,11.02246,-85.42592,Costa Rica,GABI,AOTW_Ponerinae_Occ_2446,CRI,valid
Odontomachus_erythrocephalus,11.02246,-85.42592,Costa Rica,GABI,AOTW_Ponerinae_Occ_2447,CRI,valid
Odontomachus_erythrocephalus,11.02246,-85.42592,Costa Rica,GABI,AOTW_Ponerinae_Occ_2448,CRI,valid
Odontomachus_erythrocephalus,11.02246,-85.42592,Costa Rica,GABI,AOTW_Ponerinae_Occ_2449,CRI,valid
Odontomachus_erythrocephalus,11.02246,-85.42592,Costa Rica,GABI,AOTW_Ponerinae_Occ_2450,CRI,valid
Odontomachus_erythrocephalus,11.02246,-85.42592,Costa Rica,GABI,AOTW_Ponerinae_Occ_2451,CRI,valid
Odontomachus_erythrocephalus,11.02246,-85.42592,Costa Rica,GABI,AOTW_Ponerinae_Occ_2452,CRI,valid
Odontomachus_erythrocephalus,11.02246,-85.42592,Costa Rica,GABI,AOTW_Ponerinae_Occ_2453,CRI,valid
Odontomachus_erythrocephalus,11.02246,-85.42592,Costa Rica,GABI,AOTW_Ponerinae_Occ_2454,CRI,valid
Odontomachus_erythrocephalus,11.02246,-85.42592,Costa Rica,GABI,AOTW_Ponerinae_Occ_2455,CRI,valid
Odontomachus_erythrocephalus,11.02246,-85.42592,Costa Rica,GABI,AOTW_Ponerinae_Occ_2456,CRI,valid
Odontomachus_erythrocephalus,11.02246,-85.42592,Costa Rica,GABI,AOTW_Ponerinae_Occ_2457,CRI,valid
Odontomachus_erythrocephalus,11.02246,-85.42592,Costa Rica,GABI,AOTW_Ponerinae_Occ_2458,CRI,valid
Odontomachus_erythrocephalus,11.02246,-85.42592,Costa Rica,GABI,AOTW_Ponerinae_Occ_2459,CRI,valid
Odontomachus_erythrocephalus,11.02246,-85.42592,Costa Rica,GABI,AOTW_Ponerinae_Occ_2460,CRI,valid
Odontomachus_erythrocephalus,11.02246,-85.42592,Costa Rica,GABI,AOTW_Ponerinae_Occ_2461,CRI,valid
Odontomachus_erythrocephalus,11.02246,-85.42592,Costa Rica,GABI,AOTW_Ponerinae_Occ_2462,CRI,valid
Odontomachus_erythrocephalus,11.02246,-85.42592,Costa Rica,GABI,AOTW_Ponerinae_Occ_2463,CRI,valid
Odontomachus_erythrocephalus,11.02246,-85.42592,Costa Rica,GABI,AOTW_Ponerinae_Occ_2464,CRI,valid
Odontomachus_erythrocephalus,11.02246,-85.42592,Costa Rica,GABI,AOTW_Ponerinae_Occ_2465,CRI,valid
Odontomachus_erythrocephalus,11.02246,-85.42592,Costa Rica,GABI,AOTW_Ponerinae_Occ_2466,CRI,valid
Odontomachus_erythrocephalus,11.02246,-85.42592,Costa Rica,GABI,AOTW_Ponerinae_Occ_2467,CRI,valid
Odontomachus_erythrocephalus,11.02246,-85.42592,Costa Rica,GABI,AOTW_Ponerinae_Occ_2468,CRI,valid
Odontomachus_erythrocephalus,11.02246,-85.42592,Costa Rica,GABI,AOTW_Ponerinae_Occ_2469,CRI,valid
Odontomachus_erythrocephalus,11.02246,-85.42592,Costa Rica,GABI,AOTW_Ponerinae_Occ_2470,CRI,valid
Odontomachus_erythrocephalus,11.02246,-85.42592,Costa Rica,GABI,AOTW_Ponerinae_Occ_2471,CRI,valid
Odontomachus_erythrocephalus,11.02246,-85.42592,Costa Rica,GABI,AOTW_Ponerinae_Occ_2472,CRI,valid
Odontomachus_erythrocephalus,11.02246,-85.42592,Costa Rica,GABI,AOTW_Ponerinae_Occ_2473,CRI,valid
Odontomachus_erythrocephalus,11.02246,-85.42592,Costa Rica,GABI,AOTW_Ponerinae_Occ_2474,CRI,valid
Odontomachus_erythrocephalus,11.02246,-85.42592,Costa Rica,GABI,AOTW_Ponerinae_Occ_2475,CRI,valid
Odontomachus_erythrocephalus,11.02246,-85.42592,Costa Rica,GABI,AOTW_Ponerinae_Occ_2476,CRI,valid
Odontomachus_erythrocephalus,11.02246,-85.42592,Costa Rica,GABI,AOTW_Ponerinae_Occ_2477,CRI,valid
Odontomachus_erythrocephalus,11.02246,-85.42592,Costa Rica,GABI,AOTW_Ponerinae_Occ_2478,CRI,valid
Odontomachus_erythrocephalus,11.02246,-85.42592,Costa Rica,GABI,AOTW_Ponerinae_Occ_2479,CRI,valid
Odontomachus_erythrocephalus,11.02246,-85.42592,Costa Rica,GABI,AOTW_Ponerinae_Occ_2480,CRI,valid
Odontomachus_erythrocephalus,11.02246,-85.42592,Costa Rica,GABI,AOTW_Ponerinae_Occ_2481,CRI,valid
Odontomachus_erythrocephalus,11.02246,-85.42592,Costa Rica,GABI,AOTW_Ponerinae_Occ_2482,CRI,valid
Odontomachus_erythrocephalus,11.02246,-85.42592,Costa Rica,GABI,AOTW_Ponerinae_Occ_2483,CRI,valid
Odontomachus_erythrocephalus,11.02246,-85.42592,Costa Rica,GABI,AOTW_Ponerinae_Occ_2484,CRI,valid
Odontomachus_erythrocephalus,11.02246,-85.42592,Costa Rica,GABI,AOTW_Ponerinae_Occ_2485,CRI,valid
Odontomachus_erythrocephalus,11.02246,-85.42592,Costa Rica,GABI,AOTW_Ponerinae_Occ_2486,CRI,valid
Odontomachus_erythrocephalus,11.02246,-85.42592,Costa Rica,GABI,AOTW_Ponerinae_Occ_2487,CRI,valid
Odontomachus_erythrocephalus,11.02246,-85.42592,Costa Rica,GABI,AOTW_Ponerinae_Occ_2488,CRI,valid
Odontomachus_erythrocephalus,10.01439,-83.0678,Costa Rica,GABI,AOTW_Ponerinae_Occ_2489,CRI,valid
Odontomachus_erythrocephalus,10.53955,-83.50648,Costa Rica,GABI,AOTW_Ponerinae_Occ_2490,CRI,valid
Odontomachus_erythrocephalus,10.59427,-83.71651,Costa Rica,GABI,AOTW_Ponerinae_Occ_2491,CRI,valid
Odontomachus_erythrocephalus,10.59427,-83.71651,Costa Rica,GABI,AOTW_Ponerinae_Occ_2492,CRI,valid
Odontomachus_erythrocephalus,10.59427,-83.71651,Costa Rica,GABI,AOTW_Ponerinae_Occ_2493,CRI,valid
Odontomachus_erythrocephalus,9.67538,-83.02678,Costa Rica,GABI,AOTW_Ponerinae_Occ_2494,CRI,valid
Odontomachus_erythrocephalus,9.67538,-83.02678,Costa Rica,GABI,AOTW_Ponerinae_Occ_2495,CRI,valid
Odontomachus_erythrocephalus,9.63258,-82.65905,Costa Rica,GABI,AOTW_Ponerinae_Occ_2496,CRI,valid
Odontomachus_erythrocephalus,9.63258,-82.65905,Costa Rica,GABI,AOTW_Ponerinae_Occ_2497,CRI,valid
Odontomachus_erythrocephalus,9.63258,-82.65905,Costa Rica,GABI,AOTW_Ponerinae_Occ_2498,CRI,valid
Odontomachus_erythrocephalus,9.63258,-82.65905,Costa Rica,GABI,AOTW_Ponerinae_Occ_2499,CRI,valid
Odontomachus_erythrocephalus,9.63258,-82.65905,Costa Rica,GABI,AOTW_Ponerinae_Occ_2500,CRI,valid
Odontomachus_erythrocephalus,9.63258,-82.65905,Costa Rica,GABI,AOTW_Ponerinae_Occ_2501,CRI,valid
Odontomachus_erythrocephalus,9.63258,-82.65905,Costa Rica,GABI,AOTW_Ponerinae_Occ_2502,CRI,valid
Odontomachus_erythrocephalus,9.63258,-82.65905,Costa Rica,GABI,AOTW_Ponerinae_Occ_2503,CRI,valid
Odontomachus_erythrocephalus,9.63258,-82.65905,Costa Rica,GABI,AOTW_Ponerinae_Occ_2504,CRI,valid
Odontomachus_erythrocephalus,10.21953,-84.60076,Costa Rica,GABI,AOTW_Ponerinae_Occ_2505,CRI,valid
Odontomachus_erythrocephalus,10.21953,-84.60076,Costa Rica,GABI,AOTW_Ponerinae_Occ_2506,CRI,valid
Odontomachus_erythrocephalus,9.94067,-83.59606,Costa Rica,GABI,AOTW_Ponerinae_Occ_2507,CRI,valid
Odontomachus_erythrocephalus,10.88327,-85.41354,Costa Rica,GABI,AOTW_Ponerinae_Occ_2508,CRI,valid
Odontomachus_erythrocephalus,9.67177,-83.0277,Costa Rica,GABI,AOTW_Ponerinae_Occ_2509,CRI,valid
Odontomachus_erythrocephalus,9.67177,-83.0277,Costa Rica,GABI,AOTW_Ponerinae_Occ_2510,CRI,valid
Odontomachus_erythrocephalus,9.67177,-83.0277,Costa Rica,GABI,AOTW_Ponerinae_Occ_2511,CRI,valid
Odontomachus_erythrocephalus,9.67177,-83.0277,Costa Rica,GABI,AOTW_Ponerinae_Occ_2512,CRI,valid
Odontomachus_erythrocephalus,9.67177,-83.0277,Costa Rica,GABI,AOTW_Ponerinae_Occ_2513,CRI,valid
Odontomachus_erythrocephalus,9.92573,-83.1914,Costa Rica,GABI,AOTW_Ponerinae_Occ_2514,CRI,valid
Odontomachus_erythrocephalus,10.35,-84.05,Costa Rica,GABI,AOTW_Ponerinae_Occ_2515,CRI,valid
Odontomachus_erythrocephalus,10.35,-84.05,Costa Rica,GABI,AOTW_Ponerinae_Occ_2516,CRI,valid
Odontomachus_erythrocephalus,10.35,-84.05,Costa Rica,GABI,AOTW_Ponerinae_Occ_2517,CRI,valid
Odontomachus_erythrocephalus,10.35,-84.05,Costa Rica,GABI,AOTW_Ponerinae_Occ_2518,CRI,valid
Odontomachus_erythrocephalus,10.35,-84.05,Costa Rica,GABI,AOTW_Ponerinae_Occ_2519,CRI,valid
Odontomachus_erythrocephalus,10.35,-84.05,Costa Rica,GABI,AOTW_Ponerinae_Occ_2520,CRI,valid
Odontomachus_erythrocephalus,10.35,-84.05,Costa Rica,GABI,AOTW_Ponerinae_Occ_2521,CRI,valid
Odontomachus_erythrocephalus,10.35,-84.05,Costa Rica,GABI,AOTW_Ponerinae_Occ_2522,CRI,valid
Odontomachus_erythrocephalus,10.35,-84.05,Costa Rica,GABI,AOTW_Ponerinae_Occ_2523,CRI,valid
Odontomachus_erythrocephalus,10.33333,-84.06667,Costa Rica,GABI,AOTW_Ponerinae_Occ_2524,CRI,valid
Odontomachus_erythrocephalus,10.33333,-84.06667,Costa Rica,GABI,AOTW_Ponerinae_Occ_2525,CRI,valid
Odontomachus_erythrocephalus,10.33333,-84.06667,Costa Rica,GABI,AOTW_Ponerinae_Occ_2526,CRI,valid
Odontomachus_erythrocephalus,10.33333,-84.06667,Costa Rica,GABI,AOTW_Ponerinae_Occ_2527,CRI,valid
Odontomachus_erythrocephalus,10.33333,-84.06667,Costa Rica,GABI,AOTW_Ponerinae_Occ_2528,CRI,valid
Odontomachus_erythrocephalus,10.33333,-84.06667,Costa Rica,GABI,AOTW_Ponerinae_Occ_2529,CRI,valid
Odontomachus_erythrocephalus,10.33333,-84.06667,Costa Rica,GABI,AOTW_Ponerinae_Occ_2530,CRI,valid
Odontomachus_erythrocephalus,10.33333,-84.06667,Costa Rica,GABI,AOTW_Ponerinae_Occ_2531,CRI,valid
Odontomachus_erythrocephalus,10.33333,-84.06667,Costa Rica,GABI,AOTW_Ponerinae_Occ_2532,CRI,valid
Odontomachus_erythrocephalus,10.33333,-84.06667,Costa Rica,GABI,AOTW_Ponerinae_Occ_2533,CRI,valid
Odontomachus_erythrocephalus,10.33333,-84.06667,Costa Rica,GABI,AOTW_Ponerinae_Occ_2534,CRI,valid
Odontomachus_erythrocephalus,10.33333,-84.06667,Costa Rica,GABI,AOTW_Ponerinae_Occ_2535,CRI,valid
Odontomachus_hastatus,10.64405,-83.74201,Costa Rica,GABI,AOTW_Ponerinae_Occ_2536,CRI,valid
Odontomachus_hastatus,10.64405,-83.74201,Costa Rica,GABI,AOTW_Ponerinae_Occ_2537,CRI,valid
Odontomachus_hastatus,10.40132,-84.13699,Costa Rica,GABI,AOTW_Ponerinae_Occ_2538,CRI,valid
Odontomachus_hastatus,10.14889,-83.95191,Costa Rica,GABI,AOTW_Ponerinae_Occ_2539,CRI,valid
Odontomachus_hastatus,10.32804,-84.08042,Costa Rica,GABI,AOTW_Ponerinae_Occ_2540,CRI,valid
Odontomachus_hastatus,10.32804,-84.08042,Costa Rica,GABI,AOTW_Ponerinae_Occ_2541,CRI,valid
Odontomachus_hastatus,10.99261,-85.42948,Costa Rica,GABI,AOTW_Ponerinae_Occ_2542,CRI,valid
Odontomachus_hastatus,10.99261,-85.42948,Costa Rica,GABI,AOTW_Ponerinae_Occ_2543,CRI,valid
Odontomachus_hastatus,10.99261,-85.42948,Costa Rica,GABI,AOTW_Ponerinae_Occ_2544,CRI,valid
Odontomachus_hastatus,10.99261,-85.42948,Costa Rica,GABI,AOTW_Ponerinae_Occ_2545,CRI,valid
Odontomachus_hastatus,10.99261,-85.42948,Costa Rica,GABI,AOTW_Ponerinae_Occ_2546,CRI,valid
Odontomachus_hastatus,10.99261,-85.42948,Costa Rica,GABI,AOTW_Ponerinae_Occ_2547,CRI,valid
Odontomachus_hastatus,10.99261,-85.42948,Costa Rica,GABI,AOTW_Ponerinae_Occ_2548,CRI,valid
Odontomachus_hastatus,10.99261,-85.42948,Costa Rica,GABI,AOTW_Ponerinae_Occ_2549,CRI,valid
Odontomachus_hastatus,10.99261,-85.42948,Costa Rica,GABI,AOTW_Ponerinae_Occ_2550,CRI,valid
Odontomachus_hastatus,10.99261,-85.42948,Costa Rica,GABI,AOTW_Ponerinae_Occ_2551,CRI,valid
Odontomachus_hastatus,10.99261,-85.42948,Costa Rica,GABI,AOTW_Ponerinae_Occ_2552,CRI,valid
Odontomachus_hastatus,10.99261,-85.42948,Costa Rica,GABI,AOTW_Ponerinae_Occ_2553,CRI,valid
Odontomachus_hastatus,10.99261,-85.42948,Costa Rica,GABI,AOTW_Ponerinae_Occ_2554,CRI,valid
Odontomachus_hastatus,10.99261,-85.42948,Costa Rica,GABI,AOTW_Ponerinae_Occ_2555,CRI,valid
Odontomachus_hastatus,10.99261,-85.42948,Costa Rica,GABI,AOTW_Ponerinae_Occ_2556,CRI,valid
Odontomachus_hastatus,10.99261,-85.42948,Costa Rica,GABI,AOTW_Ponerinae_Occ_2557,CRI,valid
Odontomachus_hastatus,10.99261,-85.42948,Costa Rica,GABI,AOTW_Ponerinae_Occ_2558,CRI,valid
Odontomachus_hastatus,10.99261,-85.42948,Costa Rica,GABI,AOTW_Ponerinae_Occ_2559,CRI,valid
Odontomachus_hastatus,10.99261,-85.42948,Costa Rica,GABI,AOTW_Ponerinae_Occ_2560,CRI,valid
Odontomachus_hastatus,10.99261,-85.42948,Costa Rica,GABI,AOTW_Ponerinae_Occ_2561,CRI,valid
Odontomachus_hastatus,10.99261,-85.42948,Costa Rica,GABI,AOTW_Ponerinae_Occ_2562,CRI,valid
Odontomachus_hastatus,10.99261,-85.42948,Costa Rica,GABI,AOTW_Ponerinae_Occ_2563,CRI,valid
Odontomachus_hastatus,10.99261,-85.42948,Costa Rica,GABI,AOTW_Ponerinae_Occ_2564,CRI,valid
Odontomachus_hastatus,10.99261,-85.42948,Costa Rica,GABI,AOTW_Ponerinae_Occ_2565,CRI,valid
Odontomachus_hastatus,10.99261,-85.42948,Costa Rica,GABI,AOTW_Ponerinae_Occ_2566,CRI,valid
Odontomachus_hastatus,10.99261,-85.42948,Costa Rica,GABI,AOTW_Ponerinae_Occ_2567,CRI,valid
Odontomachus_hastatus,10.99261,-85.42948,Costa Rica,GABI,AOTW_Ponerinae_Occ_2568,CRI,valid
Odontomachus_hastatus,10.99261,-85.42948,Costa Rica,GABI,AOTW_Ponerinae_Occ_2569,CRI,valid
Odontomachus_hastatus,10.99261,-85.42948,Costa Rica,GABI,AOTW_Ponerinae_Occ_2570,CRI,valid
Odontomachus_hastatus,10.99261,-85.42948,Costa Rica,GABI,AOTW_Ponerinae_Occ_2571,CRI,valid
Odontomachus_hastatus,10.99261,-85.42948,Costa Rica,GABI,AOTW_Ponerinae_Occ_2572,CRI,valid
Odontomachus_hastatus,10.99261,-85.42948,Costa Rica,GABI,AOTW_Ponerinae_Occ_2573,CRI,valid
Odontomachus_hastatus,10.99261,-85.42948,Costa Rica,GABI,AOTW_Ponerinae_Occ_2574,CRI,valid
Odontomachus_hastatus,10.99261,-85.42948,Costa Rica,GABI,AOTW_Ponerinae_Occ_2575,CRI,valid
Odontomachus_hastatus,10.99261,-85.42948,Costa Rica,GABI,AOTW_Ponerinae_Occ_2576,CRI,valid
Odontomachus_hastatus,10.99261,-85.42948,Costa Rica,GABI,AOTW_Ponerinae_Occ_2577,CRI,valid
Odontomachus_hastatus,10.99261,-85.42948,Costa Rica,GABI,AOTW_Ponerinae_Occ_2578,CRI,valid
Odontomachus_hastatus,10.99261,-85.42948,Costa Rica,GABI,AOTW_Ponerinae_Occ_2579,CRI,valid
Odontomachus_hastatus,10.99261,-85.42948,Costa Rica,GABI,AOTW_Ponerinae_Occ_2580,CRI,valid
Odontomachus_hastatus,10.99261,-85.42948,Costa Rica,GABI,AOTW_Ponerinae_Occ_2581,CRI,valid
Odontomachus_hastatus,10.99261,-85.42948,Costa Rica,GABI,AOTW_Ponerinae_Occ_2582,CRI,valid
Odontomachus_hastatus,10.99261,-85.42948,Costa Rica,GABI,AOTW_Ponerinae_Occ_2583,CRI,valid
Odontomachus_hastatus,10.99261,-85.42948,Costa Rica,GABI,AOTW_Ponerinae_Occ_2584,CRI,valid
Odontomachus_hastatus,10.99261,-85.42948,Costa Rica,GABI,AOTW_Ponerinae_Occ_2585,CRI,valid
Odontomachus_hastatus,10.99261,-85.42948,Costa Rica,GABI,AOTW_Ponerinae_Occ_2586,CRI,valid
Odontomachus_hastatus,10.99261,-85.42948,Costa Rica,GABI,AOTW_Ponerinae_Occ_2587,CRI,valid
Odontomachus_hastatus,10.99261,-85.42948,Costa Rica,GABI,AOTW_Ponerinae_Occ_2588,CRI,valid
Odontomachus_hastatus,10.99261,-85.42948,Costa Rica,GABI,AOTW_Ponerinae_Occ_2589,CRI,valid
Odontomachus_hastatus,10.99261,-85.42948,Costa Rica,GABI,AOTW_Ponerinae_Occ_2590,CRI,valid
Odontomachus_hastatus,10.99261,-85.42948,Costa Rica,GABI,AOTW_Ponerinae_Occ_2591,CRI,valid
Odontomachus_hastatus,10.99261,-85.42948,Costa Rica,GABI,AOTW_Ponerinae_Occ_2592,CRI,valid
Odontomachus_hastatus,10.99261,-85.42948,Costa Rica,GABI,AOTW_Ponerinae_Occ_2593,CRI,valid
Odontomachus_hastatus,10.99261,-85.42948,Costa Rica,GABI,AOTW_Ponerinae_Occ_2594,CRI,valid
Odontomachus_hastatus,10.99261,-85.42948,Costa Rica,GABI,AOTW_Ponerinae_Occ_2595,CRI,valid
Odontomachus_hastatus,10.99261,-85.42948,Costa Rica,GABI,AOTW_Ponerinae_Occ_2596,CRI,valid
Odontomachus_hastatus,10.99261,-85.42948,Costa Rica,GABI,AOTW_Ponerinae_Occ_2597,CRI,valid
Odontomachus_hastatus,10.99261,-85.42948,Costa Rica,GABI,AOTW_Ponerinae_Occ_2598,CRI,valid
Odontomachus_hastatus,10.99261,-85.42948,Costa Rica,GABI,AOTW_Ponerinae_Occ_2599,CRI,valid
Odontomachus_hastatus,10.99261,-85.42948,Costa Rica,GABI,AOTW_Ponerinae_Occ_2600,CRI,valid
Odontomachus_hastatus,10.99261,-85.42948,Costa Rica,GABI,AOTW_Ponerinae_Occ_2601,CRI,valid
Odontomachus_hastatus,10.99261,-85.42948,Costa Rica,GABI,AOTW_Ponerinae_Occ_2602,CRI,valid
Odontomachus_hastatus,10.99261,-85.42948,Costa Rica,GABI,AOTW_Ponerinae_Occ_2603,CRI,valid
Odontomachus_hastatus,10.99261,-85.42948,Costa Rica,GABI,AOTW_Ponerinae_Occ_2604,CRI,valid
Odontomachus_hastatus,10.99261,-85.42948,Costa Rica,GABI,AOTW_Ponerinae_Occ_2605,CRI,valid
Odontomachus_hastatus,10.99261,-85.42948,Costa Rica,GABI,AOTW_Ponerinae_Occ_2606,CRI,valid
Odontomachus_hastatus,10.99261,-85.42948,Costa Rica,GABI,AOTW_Ponerinae_Occ_2607,CRI,valid
Odontomachus_hastatus,10.99261,-85.42948,Costa Rica,GABI,AOTW_Ponerinae_Occ_2608,CRI,valid
Odontomachus_hastatus,10.99261,-85.42948,Costa Rica,GABI,AOTW_Ponerinae_Occ_2609,CRI,valid
Odontomachus_hastatus,10.99261,-85.42948,Costa Rica,GABI,AOTW_Ponerinae_Occ_2610,CRI,valid
Odontomachus_hastatus,10.99261,-85.42948,Costa Rica,GABI,AOTW_Ponerinae_Occ_2611,CRI,valid
Odontomachus_hastatus,10.99261,-85.42948,Costa Rica,GABI,AOTW_Ponerinae_Occ_2612,CRI,valid
Odontomachus_hastatus,10.99261,-85.42948,Costa Rica,GABI,AOTW_Ponerinae_Occ_2613,CRI,valid
Odontomachus_hastatus,10.99261,-85.42948,Costa Rica,GABI,AOTW_Ponerinae_Occ_2614,CRI,valid
Odontomachus_hastatus,10.99261,-85.42948,Costa Rica,GABI,AOTW_Ponerinae_Occ_2615,CRI,valid
Odontomachus_hastatus,10.99261,-85.42948,Costa Rica,GABI,AOTW_Ponerinae_Occ_2616,CRI,valid
Odontomachus_hastatus,10.99261,-85.42948,Costa Rica,GABI,AOTW_Ponerinae_Occ_2617,CRI,valid
Odontomachus_hastatus,10.99261,-85.42948,Costa Rica,GABI,AOTW_Ponerinae_Occ_2618,CRI,valid
Odontomachus_hastatus,10.99261,-85.42948,Costa Rica,GABI,AOTW_Ponerinae_Occ_2619,CRI,valid
Odontomachus_hastatus,10.99261,-85.42948,Costa Rica,GABI,AOTW_Ponerinae_Occ_2620,CRI,valid
Odontomachus_hastatus,10.99261,-85.42948,Costa Rica,GABI,AOTW_Ponerinae_Occ_2621,CRI,valid
Odontomachus_hastatus,10.99261,-85.42948,Costa Rica,GABI,AOTW_Ponerinae_Occ_2622,CRI,valid
Odontomachus_hastatus,10.99261,-85.42948,Costa Rica,GABI,AOTW_Ponerinae_Occ_2623,CRI,valid
Odontomachus_hastatus,10.99261,-85.42948,Costa Rica,GABI,AOTW_Ponerinae_Occ_2624,CRI,valid
Odontomachus_hastatus,10.99261,-85.42948,Costa Rica,GABI,AOTW_Ponerinae_Occ_2625,CRI,valid
Odontomachus_hastatus,10.99261,-85.42948,Costa Rica,GABI,AOTW_Ponerinae_Occ_2626,CRI,valid
Odontomachus_hastatus,10.99261,-85.42948,Costa Rica,GABI,AOTW_Ponerinae_Occ_2627,CRI,valid
Odontomachus_hastatus,10.99261,-85.42948,Costa Rica,GABI,AOTW_Ponerinae_Occ_2628,CRI,valid
Odontomachus_hastatus,10.99261,-85.42948,Costa Rica,GABI,AOTW_Ponerinae_Occ_2629,CRI,valid
Odontomachus_hastatus,10.99261,-85.42948,Costa Rica,GABI,AOTW_Ponerinae_Occ_2630,CRI,valid
Odontomachus_hastatus,10.99261,-85.42948,Costa Rica,GABI,AOTW_Ponerinae_Occ_2631,CRI,valid
Odontomachus_hastatus,10.99261,-85.42948,Costa Rica,GABI,AOTW_Ponerinae_Occ_2632,CRI,valid
Odontomachus_hastatus,10.99261,-85.42948,Costa Rica,GABI,AOTW_Ponerinae_Occ_2633,CRI,valid
Odontomachus_hastatus,10.99261,-85.42948,Costa Rica,GABI,AOTW_Ponerinae_Occ_2634,CRI,valid
Odontomachus_hastatus,10.99261,-85.42948,Costa Rica,GABI,AOTW_Ponerinae_Occ_2635,CRI,valid
Odontomachus_hastatus,10.99261,-85.42948,Costa Rica,GABI,AOTW_Ponerinae_Occ_2636,CRI,valid
Odontomachus_hastatus,10.99261,-85.42948,Costa Rica,GABI,AOTW_Ponerinae_Occ_2637,CRI,valid
Odontomachus_hastatus,10.99261,-85.42948,Costa Rica,GABI,AOTW_Ponerinae_Occ_2638,CRI,valid
Odontomachus_hastatus,10.99261,-85.42948,Costa Rica,GABI,AOTW_Ponerinae_Occ_2639,CRI,valid
Odontomachus_hastatus,10.99261,-85.42948,Costa Rica,GABI,AOTW_Ponerinae_Occ_2640,CRI,valid
Odontomachus_hastatus,10.99261,-85.42948,Costa Rica,GABI,AOTW_Ponerinae_Occ_2641,CRI,valid
Odontomachus_hastatus,10.99261,-85.42948,Costa Rica,GABI,AOTW_Ponerinae_Occ_2642,CRI,valid
Odontomachus_hastatus,10.99261,-85.42948,Costa Rica,GABI,AOTW_Ponerinae_Occ_2643,CRI,valid
Odontomachus_hastatus,10.99261,-85.42948,Costa Rica,GABI,AOTW_Ponerinae_Occ_2644,CRI,valid
Odontomachus_hastatus,10.99261,-85.42948,Costa Rica,GABI,AOTW_Ponerinae_Occ_2645,CRI,valid
Odontomachus_hastatus,10.99261,-85.42948,Costa Rica,GABI,AOTW_Ponerinae_Occ_2646,CRI,valid
Odontomachus_hastatus,10.99261,-85.42948,Costa Rica,GABI,AOTW_Ponerinae_Occ_2647,CRI,valid
Odontomachus_hastatus,10.99261,-85.42948,Costa Rica,GABI,AOTW_Ponerinae_Occ_2648,CRI,valid
Odontomachus_hastatus,10.99261,-85.42948,Costa Rica,GABI,AOTW_Ponerinae_Occ_2649,CRI,valid
Odontomachus_hastatus,10.99261,-85.42948,Costa Rica,GABI,AOTW_Ponerinae_Occ_2650,CRI,valid
Odontomachus_hastatus,10.99261,-85.42948,Costa Rica,GABI,AOTW_Ponerinae_Occ_2651,CRI,valid
Odontomachus_hastatus,10.99261,-85.42948,Costa Rica,GABI,AOTW_Ponerinae_Occ_2652,CRI,valid
Odontomachus_hastatus,10.99261,-85.42948,Costa Rica,GABI,AOTW_Ponerinae_Occ_2653,CRI,valid
Odontomachus_hastatus,10.99261,-85.42948,Costa Rica,GABI,AOTW_Ponerinae_Occ_2654,CRI,valid
Odontomachus_hastatus,10.99261,-85.42948,Costa Rica,GABI,AOTW_Ponerinae_Occ_2655,CRI,valid
Odontomachus_hastatus,10.99261,-85.42948,Costa Rica,GABI,AOTW_Ponerinae_Occ_2656,CRI,valid
Odontomachus_hastatus,10.99261,-85.42948,Costa Rica,GABI,AOTW_Ponerinae_Occ_2657,CRI,valid
Odontomachus_hastatus,10.99261,-85.42948,Costa Rica,GABI,AOTW_Ponerinae_Occ_2658,CRI,valid
Odontomachus_hastatus,10.99261,-85.42948,Costa Rica,GABI,AOTW_Ponerinae_Occ_2659,CRI,valid
Odontomachus_hastatus,10.99261,-85.42948,Costa Rica,GABI,AOTW_Ponerinae_Occ_2660,CRI,valid
Odontomachus_hastatus,10.99261,-85.42948,Costa Rica,GABI,AOTW_Ponerinae_Occ_2661,CRI,valid
Odontomachus_hastatus,10.99261,-85.42948,Costa Rica,GABI,AOTW_Ponerinae_Occ_2662,CRI,valid
Odontomachus_hastatus,10.99261,-85.42948,Costa Rica,GABI,AOTW_Ponerinae_Occ_2663,CRI,valid
Odontomachus_hastatus,10.99261,-85.42948,Costa Rica,GABI,AOTW_Ponerinae_Occ_2664,CRI,valid
Odontomachus_hastatus,10.99261,-85.42948,Costa Rica,GABI,AOTW_Ponerinae_Occ_2665,CRI,valid
Odontomachus_hastatus,10.99261,-85.42948,Costa Rica,GABI,AOTW_Ponerinae_Occ_2666,CRI,valid
Odontomachus_hastatus,10.99261,-85.42948,Costa Rica,GABI,AOTW_Ponerinae_Occ_2667,CRI,valid
Odontomachus_hastatus,10.99261,-85.42948,Costa Rica,GABI,AOTW_Ponerinae_Occ_2668,CRI,valid
Odontomachus_hastatus,10.99261,-85.42948,Costa Rica,GABI,AOTW_Ponerinae_Occ_2669,CRI,valid
Odontomachus_hastatus,10.99261,-85.42948,Costa Rica,GABI,AOTW_Ponerinae_Occ_2670,CRI,valid
Odontomachus_hastatus,10.99261,-85.42948,Costa Rica,GABI,AOTW_Ponerinae_Occ_2671,CRI,valid
Odontomachus_hastatus,10.99261,-85.42948,Costa Rica,GABI,AOTW_Ponerinae_Occ_2672,CRI,valid
Odontomachus_hastatus,10.99261,-85.42948,Costa Rica,GABI,AOTW_Ponerinae_Occ_2673,CRI,valid
Odontomachus_hastatus,10.99261,-85.42948,Costa Rica,GABI,AOTW_Ponerinae_Occ_2674,CRI,valid
Odontomachus_hastatus,10.99261,-85.42948,Costa Rica,GABI,AOTW_Ponerinae_Occ_2675,CRI,valid
Odontomachus_hastatus,10.99261,-85.42948,Costa Rica,GABI,AOTW_Ponerinae_Occ_2676,CRI,valid
Odontomachus_hastatus,10.99261,-85.42948,Costa Rica,GABI,AOTW_Ponerinae_Occ_2677,CRI,valid
Odontomachus_hastatus,10.99261,-85.42948,Costa Rica,GABI,AOTW_Ponerinae_Occ_2678,CRI,valid
Odontomachus_hastatus,10.99261,-85.42948,Costa Rica,GABI,AOTW_Ponerinae_Occ_2679,CRI,valid
Odontomachus_hastatus,10.99261,-85.42948,Costa Rica,GABI,AOTW_Ponerinae_Occ_2680,CRI,valid
Odontomachus_hastatus,10.99261,-85.42948,Costa Rica,GABI,AOTW_Ponerinae_Occ_2681,CRI,valid
Odontomachus_hastatus,10.99261,-85.42948,Costa Rica,GABI,AOTW_Ponerinae_Occ_2682,CRI,valid
Odontomachus_hastatus,10.99261,-85.42948,Costa Rica,GABI,AOTW_Ponerinae_Occ_2683,CRI,valid
Odontomachus_hastatus,10.18674,-83.85694,Costa Rica,GABI,AOTW_Ponerinae_Occ_2684,CRI,valid
Odontomachus_hastatus,11.02246,-85.42592,Costa Rica,GABI,AOTW_Ponerinae_Occ_2685,CRI,valid
Odontomachus_hastatus,11.02246,-85.42592,Costa Rica,GABI,AOTW_Ponerinae_Occ_2686,CRI,valid
Odontomachus_hastatus,11.02246,-85.42592,Costa Rica,GABI,AOTW_Ponerinae_Occ_2687,CRI,valid
Odontomachus_hastatus,11.02246,-85.42592,Costa Rica,GABI,AOTW_Ponerinae_Occ_2688,CRI,valid
Odontomachus_hastatus,11.02246,-85.42592,Costa Rica,GABI,AOTW_Ponerinae_Occ_2689,CRI,valid
Odontomachus_hastatus,10.88603,-85.40076,Costa Rica,GABI,AOTW_Ponerinae_Occ_2690,CRI,valid
Odontomachus_hastatus,10.88603,-85.40076,Costa Rica,GABI,AOTW_Ponerinae_Occ_2691,CRI,valid
Odontomachus_hastatus,10.99036,-85.42718,Costa Rica,GABI,AOTW_Ponerinae_Occ_2692,CRI,valid
Odontomachus_hastatus,10.99036,-85.42718,Costa Rica,GABI,AOTW_Ponerinae_Occ_2693,CRI,valid
Odontomachus_hastatus,10.99036,-85.42718,Costa Rica,GABI,AOTW_Ponerinae_Occ_2694,CRI,valid
Odontomachus_hastatus,8.6791,-83.56671,Costa Rica,GABI,AOTW_Ponerinae_Occ_2695,CRI,valid
Odontomachus_hastatus,8.6791,-83.56671,Costa Rica,GABI,AOTW_Ponerinae_Occ_2696,CRI,valid
Odontomachus_hastatus,8.6791,-83.56671,Costa Rica,GABI,AOTW_Ponerinae_Occ_2697,CRI,valid
Odontomachus_hastatus,8.6791,-83.56671,Costa Rica,GABI,AOTW_Ponerinae_Occ_2698,CRI,valid
Odontomachus_hastatus,8.6791,-83.56671,Costa Rica,GABI,AOTW_Ponerinae_Occ_2699,CRI,valid
Odontomachus_hastatus,8.6791,-83.56671,Costa Rica,GABI,AOTW_Ponerinae_Occ_2700,CRI,valid
Odontomachus_hastatus,8.6791,-83.56671,Costa Rica,GABI,AOTW_Ponerinae_Occ_2701,CRI,valid
Odontomachus_hastatus,8.6791,-83.56671,Costa Rica,GABI,AOTW_Ponerinae_Occ_2702,CRI,valid
Odontomachus_hastatus,10.96254,-85.49524,Costa Rica,GABI,AOTW_Ponerinae_Occ_2703,CRI,valid
Odontomachus_hastatus,10.53955,-83.50648,Costa Rica,GABI,AOTW_Ponerinae_Occ_2704,CRI,valid
Odontomachus_hastatus,10.53955,-83.50648,Costa Rica,GABI,AOTW_Ponerinae_Occ_2705,CRI,valid
Odontomachus_hastatus,10.53955,-83.50648,Costa Rica,GABI,AOTW_Ponerinae_Occ_2706,CRI,valid
Odontomachus_hastatus,10.53955,-83.50648,Costa Rica,GABI,AOTW_Ponerinae_Occ_2707,CRI,valid
Odontomachus_hastatus,10.53955,-83.50648,Costa Rica,GABI,AOTW_Ponerinae_Occ_2708,CRI,valid
Odontomachus_hastatus,10.53955,-83.50648,Costa Rica,GABI,AOTW_Ponerinae_Occ_2709,CRI,valid
Odontomachus_hastatus,10.53955,-83.50648,Costa Rica,GABI,AOTW_Ponerinae_Occ_2710,CRI,valid
Odontomachus_hastatus,10.53955,-83.50648,Costa Rica,GABI,AOTW_Ponerinae_Occ_2711,CRI,valid
Odontomachus_hastatus,10.53955,-83.50648,Costa Rica,GABI,AOTW_Ponerinae_Occ_2712,CRI,valid
Odontomachus_hastatus,10.53955,-83.50648,Costa Rica,GABI,AOTW_Ponerinae_Occ_2713,CRI,valid
Odontomachus_hastatus,10.53955,-83.50648,Costa Rica,GABI,AOTW_Ponerinae_Occ_2714,CRI,valid
Odontomachus_hastatus,10.53955,-83.50648,Costa Rica,GABI,AOTW_Ponerinae_Occ_2715,CRI,valid
Odontomachus_hastatus,10.53955,-83.50648,Costa Rica,GABI,AOTW_Ponerinae_Occ_2716,CRI,valid
Odontomachus_hastatus,10.53955,-83.50648,Costa Rica,GABI,AOTW_Ponerinae_Occ_2717,CRI,valid
Odontomachus_hastatus,10.53955,-83.50648,Costa Rica,GABI,AOTW_Ponerinae_Occ_2718,CRI,valid
Odontomachus_hastatus,10.53955,-83.50648,Costa Rica,GABI,AOTW_Ponerinae_Occ_2719,CRI,valid
Odontomachus_hastatus,10.53955,-83.50648,Costa Rica,GABI,AOTW_Ponerinae_Occ_2720,CRI,valid
Odontomachus_hastatus,10.53955,-83.50648,Costa Rica,GABI,AOTW_Ponerinae_Occ_2721,CRI,valid
Odontomachus_hastatus,10.53955,-83.50648,Costa Rica,GABI,AOTW_Ponerinae_Occ_2722,CRI,valid
Odontomachus_hastatus,10.59427,-83.71651,Costa Rica,GABI,AOTW_Ponerinae_Occ_2723,CRI,valid
Odontomachus_hastatus,10.59427,-83.71651,Costa Rica,GABI,AOTW_Ponerinae_Occ_2724,CRI,valid
Odontomachus_hastatus,10.59427,-83.71651,Costa Rica,GABI,AOTW_Ponerinae_Occ_2725,CRI,valid
Odontomachus_hastatus,9.67538,-83.02678,Costa Rica,GABI,AOTW_Ponerinae_Occ_2726,CRI,valid
Odontomachus_hastatus,10.21953,-84.60076,Costa Rica,GABI,AOTW_Ponerinae_Occ_2727,CRI,valid
Odontomachus_hastatus,9.87554,-83.23837,Costa Rica,GABI,AOTW_Ponerinae_Occ_2728,CRI,valid
Odontomachus_hastatus,10.40126,-84.05023,Costa Rica,GABI,AOTW_Ponerinae_Occ_2729,CRI,valid
Odontomachus_hastatus,10.35,-84.05,Costa Rica,GABI,AOTW_Ponerinae_Occ_2730,CRI,valid
Odontomachus_hastatus,10.35,-84.05,Costa Rica,GABI,AOTW_Ponerinae_Occ_2731,CRI,valid
Odontomachus_hastatus,10.35,-84.05,Costa Rica,GABI,AOTW_Ponerinae_Occ_2732,CRI,valid
Odontomachus_hastatus,10.35,-84.05,Costa Rica,GABI,AOTW_Ponerinae_Occ_2733,CRI,valid
Odontomachus_hastatus,10.35,-84.05,Costa Rica,GABI,AOTW_Ponerinae_Occ_2734,CRI,valid
Odontomachus_hastatus,10.35,-84.05,Costa Rica,GABI,AOTW_Ponerinae_Occ_2735,CRI,valid
Odontomachus_hastatus,10.35,-84.05,Costa Rica,GABI,AOTW_Ponerinae_Occ_2736,CRI,valid
Odontomachus_hastatus,10.35,-84.05,Costa Rica,GABI,AOTW_Ponerinae_Occ_2737,CRI,valid
Odontomachus_hastatus,10.35,-84.05,Costa Rica,GABI,AOTW_Ponerinae_Occ_2738,CRI,valid
Odontomachus_hastatus,10.35,-84.05,Costa Rica,GABI,AOTW_Ponerinae_Occ_2739,CRI,valid
Odontomachus_hastatus,10.35,-84.05,Costa Rica,GABI,AOTW_Ponerinae_Occ_2740,CRI,valid
Odontomachus_hastatus,10.35,-84.05,Costa Rica,GABI,AOTW_Ponerinae_Occ_2741,CRI,valid
Odontomachus_hastatus,10.35,-84.05,Costa Rica,GABI,AOTW_Ponerinae_Occ_2742,CRI,valid
Odontomachus_hastatus,10.35,-84.05,Costa Rica,GABI,AOTW_Ponerinae_Occ_2743,CRI,valid
Odontomachus_hastatus,10.35,-84.05,Costa Rica,GABI,AOTW_Ponerinae_Occ_2744,CRI,valid
Odontomachus_hastatus,10.35,-84.05,Costa Rica,GABI,AOTW_Ponerinae_Occ_2745,CRI,valid
Odontomachus_hastatus,10.35,-84.05,Costa Rica,GABI,AOTW_Ponerinae_Occ_2746,CRI,valid
Odontomachus_hastatus,10.35,-84.05,Costa Rica,GABI,AOTW_Ponerinae_Occ_2747,CRI,valid
Odontomachus_hastatus,10.35,-84.05,Costa Rica,GABI,AOTW_Ponerinae_Occ_2748,CRI,valid
Odontomachus_hastatus,10.35,-84.05,Costa Rica,GABI,AOTW_Ponerinae_Occ_2749,CRI,valid
Odontomachus_hastatus,10.35,-84.05,Costa Rica,GABI,AOTW_Ponerinae_Occ_2750,CRI,valid
Odontomachus_hastatus,10.35,-84.05,Costa Rica,GABI,AOTW_Ponerinae_Occ_2751,CRI,valid
Odontomachus_hastatus,10.35,-84.05,Costa Rica,GABI,AOTW_Ponerinae_Occ_2752,CRI,valid
Odontomachus_hastatus,10.35,-84.05,Costa Rica,GABI,AOTW_Ponerinae_Occ_2753,CRI,valid
Odontomachus_hastatus,10.35,-84.05,Costa Rica,GABI,AOTW_Ponerinae_Occ_2754,CRI,valid
Odontomachus_hastatus,10.33333,-84.06667,Costa Rica,GABI,AOTW_Ponerinae_Occ_2755,CRI,valid
Odontomachus_hastatus,10.33333,-84.06667,Costa Rica,GABI,AOTW_Ponerinae_Occ_2756,CRI,valid
Odontomachus_hastatus,10.33333,-84.06667,Costa Rica,GABI,AOTW_Ponerinae_Occ_2757,CRI,valid
Odontomachus_hastatus,10.33333,-84.06667,Costa Rica,GABI,AOTW_Ponerinae_Occ_2758,CRI,valid
Odontomachus_hastatus,10.33333,-84.06667,Costa Rica,GABI,AOTW_Ponerinae_Occ_2759,CRI,valid
Odontomachus_hastatus,10.33333,-84.06667,Costa Rica,GABI,AOTW_Ponerinae_Occ_2760,CRI,valid
Odontomachus_hastatus,10.33333,-84.06667,Costa Rica,GABI,AOTW_Ponerinae_Occ_2761,CRI,valid
Odontomachus_hastatus,10.33333,-84.06667,Costa Rica,GABI,AOTW_Ponerinae_Occ_2762,CRI,valid
Odontomachus_hastatus,10.33333,-84.06667,Costa Rica,GABI,AOTW_Ponerinae_Occ_2763,CRI,valid
Odontomachus_hastatus,10.33333,-84.06667,Costa Rica,GABI,AOTW_Ponerinae_Occ_2764,CRI,valid
Odontomachus_hastatus,10.33333,-84.06667,Costa Rica,GABI,AOTW_Ponerinae_Occ_2765,CRI,valid
Odontomachus_hastatus,10.33333,-84.06667,Costa Rica,GABI,AOTW_Ponerinae_Occ_2766,CRI,valid
Odontomachus_laticeps,10.16822,-85.37366,Costa Rica,GABI,AOTW_Ponerinae_Occ_2767,CRI,valid
Odontomachus_laticeps,10.64405,-83.74201,Costa Rica,GABI,AOTW_Ponerinae_Occ_2768,CRI,valid
Odontomachus_laticeps,11.03386,-85.52479,Costa Rica,GABI,AOTW_Ponerinae_Occ_2769,CRI,valid
Odontomachus_laticeps,11.03386,-85.52479,Costa Rica,GABI,AOTW_Ponerinae_Occ_2770,CRI,valid
Odontomachus_laticeps,9.93471,-84.0543,Costa Rica,GABI,AOTW_Ponerinae_Occ_2771,CRI,valid
Odontomachus_laticeps,10.14889,-83.95191,Costa Rica,GABI,AOTW_Ponerinae_Occ_2772,CRI,valid
Odontomachus_laticeps,9.76745,-84.60812,Costa Rica,GABI,AOTW_Ponerinae_Occ_2773,CRI,valid
Odontomachus_laticeps,10.34912,-85.35234,Costa Rica,GABI,AOTW_Ponerinae_Occ_2774,CRI,valid
Odontomachus_laticeps,10.99261,-85.42948,Costa Rica,GABI,AOTW_Ponerinae_Occ_2775,CRI,valid
Odontomachus_laticeps,10.34912,-85.35234,Costa Rica,GABI,AOTW_Ponerinae_Occ_2776,CRI,valid
Odontomachus_laticeps,10.89381,-84.78885,Costa Rica,GABI,AOTW_Ponerinae_Occ_2777,CRI,valid
Odontomachus_laticeps,10.89381,-84.78885,Costa Rica,GABI,AOTW_Ponerinae_Occ_2778,CRI,valid
Odontomachus_laticeps,10.32804,-84.08042,Costa Rica,GABI,AOTW_Ponerinae_Occ_2779,CRI,valid
Odontomachus_laticeps,10.99261,-85.42948,Costa Rica,GABI,AOTW_Ponerinae_Occ_2780,CRI,valid
Odontomachus_laticeps,10.99261,-85.42948,Costa Rica,GABI,AOTW_Ponerinae_Occ_2781,CRI,valid
Odontomachus_laticeps,10.99261,-85.42948,Costa Rica,GABI,AOTW_Ponerinae_Occ_2782,CRI,valid
Odontomachus_laticeps,10.99261,-85.42948,Costa Rica,GABI,AOTW_Ponerinae_Occ_2783,CRI,valid
Odontomachus_laticeps,10.99261,-85.42948,Costa Rica,GABI,AOTW_Ponerinae_Occ_2784,CRI,valid
Odontomachus_laticeps,10.99261,-85.42948,Costa Rica,GABI,AOTW_Ponerinae_Occ_2785,CRI,valid
Odontomachus_laticeps,10.99261,-85.42948,Costa Rica,GABI,AOTW_Ponerinae_Occ_2786,CRI,valid
Odontomachus_laticeps,10.99261,-85.42948,Costa Rica,GABI,AOTW_Ponerinae_Occ_2787,CRI,valid
Odontomachus_laticeps,10.99261,-85.42948,Costa Rica,GABI,AOTW_Ponerinae_Occ_2788,CRI,valid
Odontomachus_laticeps,10.99261,-85.42948,Costa Rica,GABI,AOTW_Ponerinae_Occ_2789,CRI,valid
Odontomachus_laticeps,10.99261,-85.42948,Costa Rica,GABI,AOTW_Ponerinae_Occ_2790,CRI,valid
Odontomachus_laticeps,10.99261,-85.42948,Costa Rica,GABI,AOTW_Ponerinae_Occ_2791,CRI,valid
Odontomachus_laticeps,10.99261,-85.42948,Costa Rica,GABI,AOTW_Ponerinae_Occ_2792,CRI,valid
Odontomachus_laticeps,10.99261,-85.42948,Costa Rica,GABI,AOTW_Ponerinae_Occ_2793,CRI,valid
Odontomachus_laticeps,10.99261,-85.42948,Costa Rica,GABI,AOTW_Ponerinae_Occ_2794,CRI,valid
Odontomachus_laticeps,10.99261,-85.42948,Costa Rica,GABI,AOTW_Ponerinae_Occ_2795,CRI,valid
Odontomachus_laticeps,10.99261,-85.42948,Costa Rica,GABI,AOTW_Ponerinae_Occ_2796,CRI,valid
Odontomachus_laticeps,10.99261,-85.42948,Costa Rica,GABI,AOTW_Ponerinae_Occ_2797,CRI,valid
Odontomachus_laticeps,10.99261,-85.42948,Costa Rica,GABI,AOTW_Ponerinae_Occ_2798,CRI,valid
Odontomachus_laticeps,10.99261,-85.42948,Costa Rica,GABI,AOTW_Ponerinae_Occ_2799,CRI,valid
Odontomachus_laticeps,10.99261,-85.42948,Costa Rica,GABI,AOTW_Ponerinae_Occ_2800,CRI,valid
Odontomachus_laticeps,10.99261,-85.42948,Costa Rica,GABI,AOTW_Ponerinae_Occ_2801,CRI,valid
Odontomachus_laticeps,10.99261,-85.42948,Costa Rica,GABI,AOTW_Ponerinae_Occ_2802,CRI,valid
Odontomachus_laticeps,11.02246,-85.42592,Costa Rica,GABI,AOTW_Ponerinae_Occ_2803,CRI,valid
Odontomachus_laticeps,9.97362,-84.09348,Costa Rica,GABI,AOTW_Ponerinae_Occ_2804,CRI,valid
Odontomachus_laticeps,10.93008,-85.47042,Costa Rica,GABI,AOTW_Ponerinae_Occ_2805,CRI,valid
Odontomachus_laticeps,10.93008,-85.47042,Costa Rica,GABI,AOTW_Ponerinae_Occ_2806,CRI,valid
Odontomachus_laticeps,10.93008,-85.47042,Costa Rica,GABI,AOTW_Ponerinae_Occ_2807,CRI,valid
Odontomachus_laticeps,10.93008,-85.47042,Costa Rica,GABI,AOTW_Ponerinae_Occ_2808,CRI,valid
Odontomachus_laticeps,10.93008,-85.47042,Costa Rica,GABI,AOTW_Ponerinae_Occ_2809,CRI,valid
Odontomachus_laticeps,10.93008,-85.47042,Costa Rica,GABI,AOTW_Ponerinae_Occ_2810,CRI,valid
Odontomachus_laticeps,10.93008,-85.47042,Costa Rica,GABI,AOTW_Ponerinae_Occ_2811,CRI,valid
Odontomachus_laticeps,10.93008,-85.47042,Costa Rica,GABI,AOTW_Ponerinae_Occ_2812,CRI,valid
Odontomachus_laticeps,10.93008,-85.47042,Costa Rica,GABI,AOTW_Ponerinae_Occ_2813,CRI,valid
Odontomachus_laticeps,10.93008,-85.47042,Costa Rica,GABI,AOTW_Ponerinae_Occ_2814,CRI,valid
Odontomachus_laticeps,10.93008,-85.47042,Costa Rica,GABI,AOTW_Ponerinae_Occ_2815,CRI,valid
Odontomachus_laticeps,10.93008,-85.47042,Costa Rica,GABI,AOTW_Ponerinae_Occ_2816,CRI,valid
Odontomachus_laticeps,10.93008,-85.47042,Costa Rica,GABI,AOTW_Ponerinae_Occ_2817,CRI,valid
Odontomachus_laticeps,10.93008,-85.47042,Costa Rica,GABI,AOTW_Ponerinae_Occ_2818,CRI,valid
Odontomachus_laticeps,10.93008,-85.47042,Costa Rica,GABI,AOTW_Ponerinae_Occ_2819,CRI,valid
Odontomachus_laticeps,10.93008,-85.47042,Costa Rica,GABI,AOTW_Ponerinae_Occ_2820,CRI,valid
Odontomachus_laticeps,9.77429,-84.52746,Costa Rica,GABI,AOTW_Ponerinae_Occ_2821,CRI,valid
Odontomachus_laticeps,10.93008,-85.47042,Costa Rica,GABI,AOTW_Ponerinae_Occ_2822,CRI,valid
Odontomachus_laticeps,10.93008,-85.47042,Costa Rica,GABI,AOTW_Ponerinae_Occ_2823,CRI,valid
Odontomachus_laticeps,10.93008,-85.47042,Costa Rica,GABI,AOTW_Ponerinae_Occ_2824,CRI,valid
Odontomachus_laticeps,10.93008,-85.47042,Costa Rica,GABI,AOTW_Ponerinae_Occ_2825,CRI,valid
Odontomachus_laticeps,10.93008,-85.47042,Costa Rica,GABI,AOTW_Ponerinae_Occ_2826,CRI,valid
Odontomachus_laticeps,10.93008,-85.47042,Costa Rica,GABI,AOTW_Ponerinae_Occ_2827,CRI,valid
Odontomachus_laticeps,10.93008,-85.47042,Costa Rica,GABI,AOTW_Ponerinae_Occ_2828,CRI,valid
Odontomachus_laticeps,10.93008,-85.47042,Costa Rica,GABI,AOTW_Ponerinae_Occ_2829,CRI,valid
Odontomachus_laticeps,10.93008,-85.47042,Costa Rica,GABI,AOTW_Ponerinae_Occ_2830,CRI,valid
Odontomachus_laticeps,10.93008,-85.47042,Costa Rica,GABI,AOTW_Ponerinae_Occ_2831,CRI,valid
Odontomachus_laticeps,10.93008,-85.47042,Costa Rica,GABI,AOTW_Ponerinae_Occ_2832,CRI,valid
Odontomachus_laticeps,10.93008,-85.47042,Costa Rica,GABI,AOTW_Ponerinae_Occ_2833,CRI,valid
Odontomachus_laticeps,10.93008,-85.47042,Costa Rica,GABI,AOTW_Ponerinae_Occ_2834,CRI,valid
Odontomachus_laticeps,10.93008,-85.47042,Costa Rica,GABI,AOTW_Ponerinae_Occ_2835,CRI,valid
Odontomachus_laticeps,10.93008,-85.47042,Costa Rica,GABI,AOTW_Ponerinae_Occ_2836,CRI,valid
Odontomachus_laticeps,10.93008,-85.47042,Costa Rica,GABI,AOTW_Ponerinae_Occ_2837,CRI,valid
Odontomachus_laticeps,10.93008,-85.47042,Costa Rica,GABI,AOTW_Ponerinae_Occ_2838,CRI,valid
Odontomachus_laticeps,10.93008,-85.47042,Costa Rica,GABI,AOTW_Ponerinae_Occ_2839,CRI,valid
Odontomachus_laticeps,10.93008,-85.47042,Costa Rica,GABI,AOTW_Ponerinae_Occ_2840,CRI,valid
Odontomachus_laticeps,10.93008,-85.47042,Costa Rica,GABI,AOTW_Ponerinae_Occ_2841,CRI,valid
Odontomachus_laticeps,10.93008,-85.47042,Costa Rica,GABI,AOTW_Ponerinae_Occ_2842,CRI,valid
Odontomachus_laticeps,10.93008,-85.47042,Costa Rica,GABI,AOTW_Ponerinae_Occ_2843,CRI,valid
Odontomachus_laticeps,10.93008,-85.47042,Costa Rica,GABI,AOTW_Ponerinae_Occ_2844,CRI,valid
Odontomachus_laticeps,10.93008,-85.47042,Costa Rica,GABI,AOTW_Ponerinae_Occ_2845,CRI,valid
Odontomachus_laticeps,10.93008,-85.47042,Costa Rica,GABI,AOTW_Ponerinae_Occ_2846,CRI,valid
Odontomachus_laticeps,10.93008,-85.47042,Costa Rica,GABI,AOTW_Ponerinae_Occ_2847,CRI,valid
Odontomachus_laticeps,10.93008,-85.47042,Costa Rica,GABI,AOTW_Ponerinae_Occ_2848,CRI,valid
Odontomachus_laticeps,10.93008,-85.47042,Costa Rica,GABI,AOTW_Ponerinae_Occ_2849,CRI,valid
Odontomachus_laticeps,10.93008,-85.47042,Costa Rica,GABI,AOTW_Ponerinae_Occ_2850,CRI,valid
Odontomachus_laticeps,10.93008,-85.47042,Costa Rica,GABI,AOTW_Ponerinae_Occ_2851,CRI,valid
Odontomachus_laticeps,10.93008,-85.47042,Costa Rica,GABI,AOTW_Ponerinae_Occ_2852,CRI,valid
Odontomachus_laticeps,10.93008,-85.47042,Costa Rica,GABI,AOTW_Ponerinae_Occ_2853,CRI,valid
Odontomachus_laticeps,10.93008,-85.47042,Costa Rica,GABI,AOTW_Ponerinae_Occ_2854,CRI,valid
Odontomachus_laticeps,10.93008,-85.47042,Costa Rica,GABI,AOTW_Ponerinae_Occ_2855,CRI,valid
Odontomachus_laticeps,10.01439,-83.0678,Costa Rica,GABI,AOTW_Ponerinae_Occ_2856,CRI,valid
Odontomachus_laticeps,10.59427,-83.71651,Costa Rica,GABI,AOTW_Ponerinae_Occ_2857,CRI,valid
Odontomachus_laticeps,10.59427,-83.71651,Costa Rica,GABI,AOTW_Ponerinae_Occ_2858,CRI,valid
Odontomachus_laticeps,10.59427,-83.71651,Costa Rica,GABI,AOTW_Ponerinae_Occ_2859,CRI,valid
Odontomachus_laticeps,10.59427,-83.71651,Costa Rica,GABI,AOTW_Ponerinae_Occ_2860,CRI,valid
Odontomachus_laticeps,10.59427,-83.71651,Costa Rica,GABI,AOTW_Ponerinae_Occ_2861,CRI,valid
Odontomachus_laticeps,10.59427,-83.71651,Costa Rica,GABI,AOTW_Ponerinae_Occ_2862,CRI,valid
Odontomachus_laticeps,10.59427,-83.71651,Costa Rica,GABI,AOTW_Ponerinae_Occ_2863,CRI,valid
Odontomachus_laticeps,10.59427,-83.71651,Costa Rica,GABI,AOTW_Ponerinae_Occ_2864,CRI,valid
Odontomachus_laticeps,10.59427,-83.71651,Costa Rica,GABI,AOTW_Ponerinae_Occ_2865,CRI,valid
Odontomachus_laticeps,10.59427,-83.71651,Costa Rica,GABI,AOTW_Ponerinae_Occ_2866,CRI,valid
Odontomachus_laticeps,10.59427,-83.71651,Costa Rica,GABI,AOTW_Ponerinae_Occ_2867,CRI,valid
Odontomachus_laticeps,10.59427,-83.71651,Costa Rica,GABI,AOTW_Ponerinae_Occ_2868,CRI,valid
Odontomachus_laticeps,10.59427,-83.71651,Costa Rica,GABI,AOTW_Ponerinae_Occ_2869,CRI,valid
Odontomachus_laticeps,10.59427,-83.71651,Costa Rica,GABI,AOTW_Ponerinae_Occ_2870,CRI,valid
Odontomachus_laticeps,10.59427,-83.71651,Costa Rica,GABI,AOTW_Ponerinae_Occ_2871,CRI,valid
Odontomachus_laticeps,10.59427,-83.71651,Costa Rica,GABI,AOTW_Ponerinae_Occ_2872,CRI,valid
Odontomachus_laticeps,10.59427,-83.71651,Costa Rica,GABI,AOTW_Ponerinae_Occ_2873,CRI,valid
Odontomachus_laticeps,10.59427,-83.71651,Costa Rica,GABI,AOTW_Ponerinae_Occ_2874,CRI,valid
Odontomachus_laticeps,10.40126,-84.05023,Costa Rica,GABI,AOTW_Ponerinae_Occ_2875,CRI,valid
Odontomachus_laticeps,10.40126,-84.05023,Costa Rica,GABI,AOTW_Ponerinae_Occ_2876,CRI,valid
Odontomachus_laticeps,10.40126,-84.05023,Costa Rica,GABI,AOTW_Ponerinae_Occ_2877,CRI,valid
Odontomachus_laticeps,10.40126,-84.05023,Costa Rica,GABI,AOTW_Ponerinae_Occ_2878,CRI,valid
Odontomachus_laticeps,10.40126,-84.05023,Costa Rica,GABI,AOTW_Ponerinae_Occ_2879,CRI,valid
Odontomachus_laticeps,10.39545,-84.1411,Costa Rica,GABI,AOTW_Ponerinae_Occ_2880,CRI,valid
Odontomachus_laticeps,10.43919,-84.01092,Costa Rica,GABI,AOTW_Ponerinae_Occ_2881,CRI,valid
Odontomachus_laticeps,10.33333,-84.08333,Costa Rica,GABI,AOTW_Ponerinae_Occ_2882,CRI,valid
Odontomachus_laticeps,10.35,-84.05,Costa Rica,GABI,AOTW_Ponerinae_Occ_2883,CRI,valid
Odontomachus_laticeps,10.35,-84.05,Costa Rica,GABI,AOTW_Ponerinae_Occ_2884,CRI,valid
Odontomachus_laticeps,10.35,-84.05,Costa Rica,GABI,AOTW_Ponerinae_Occ_2885,CRI,valid
Odontomachus_laticeps,10.35,-84.05,Costa Rica,GABI,AOTW_Ponerinae_Occ_2886,CRI,valid
Odontomachus_laticeps,10.35,-84.05,Costa Rica,GABI,AOTW_Ponerinae_Occ_2887,CRI,valid
Odontomachus_laticeps,10.35,-84.05,Costa Rica,GABI,AOTW_Ponerinae_Occ_2888,CRI,valid
Odontomachus_laticeps,10.35,-84.05,Costa Rica,GABI,AOTW_Ponerinae_Occ_2889,CRI,valid
Odontomachus_laticeps,10.33333,-84.06667,Costa Rica,GABI,AOTW_Ponerinae_Occ_2890,CRI,valid
Odontomachus_laticeps,10.33333,-84.06667,Costa Rica,GABI,AOTW_Ponerinae_Occ_2891,CRI,valid
Odontomachus_meinerti,10.99261,-85.42948,Costa Rica,GABI,AOTW_Ponerinae_Occ_2892,CRI,valid
Odontomachus_meinerti,10.99261,-85.42948,Costa Rica,GABI,AOTW_Ponerinae_Occ_2893,CRI,valid
Odontomachus_meinerti,10.99261,-85.42948,Costa Rica,GABI,AOTW_Ponerinae_Occ_2894,CRI,valid
Odontomachus_meinerti,10.93008,-85.47042,Costa Rica,GABI,AOTW_Ponerinae_Occ_2895,CRI,valid
Odontomachus_meinerti,10.93008,-85.47042,Costa Rica,GABI,AOTW_Ponerinae_Occ_2896,CRI,valid
Odontomachus_meinerti,8.6791,-83.56671,Costa Rica,GABI,AOTW_Ponerinae_Occ_2897,CRI,valid
Odontomachus_meinerti,8.6791,-83.56671,Costa Rica,GABI,AOTW_Ponerinae_Occ_2898,CRI,valid
Odontomachus_meinerti,8.6791,-83.56671,Costa Rica,GABI,AOTW_Ponerinae_Occ_2899,CRI,valid
Odontomachus_meinerti,8.6791,-83.56671,Costa Rica,GABI,AOTW_Ponerinae_Occ_2900,CRI,valid
Odontomachus_meinerti,8.6791,-83.56671,Costa Rica,GABI,AOTW_Ponerinae_Occ_2901,CRI,valid
Odontomachus_meinerti,8.6791,-83.56671,Costa Rica,GABI,AOTW_Ponerinae_Occ_2902,CRI,valid
Odontomachus_meinerti,8.6791,-83.56671,Costa Rica,GABI,AOTW_Ponerinae_Occ_2903,CRI,valid
Odontomachus_meinerti,10.59427,-83.71651,Costa Rica,GABI,AOTW_Ponerinae_Occ_2904,CRI,valid
Odontomachus_meinerti,10.59427,-83.71651,Costa Rica,GABI,AOTW_Ponerinae_Occ_2905,CRI,valid
Odontomachus_meinerti,10.59427,-83.71651,Costa Rica,GABI,AOTW_Ponerinae_Occ_2906,CRI,valid
Odontomachus_meinerti,10.59427,-83.71651,Costa Rica,GABI,AOTW_Ponerinae_Occ_2907,CRI,valid
Odontomachus_meinerti,10.59427,-83.71651,Costa Rica,GABI,AOTW_Ponerinae_Occ_2908,CRI,valid
Odontomachus_meinerti,10.59427,-83.71651,Costa Rica,GABI,AOTW_Ponerinae_Occ_2909,CRI,valid
Odontomachus_meinerti,10.59427,-83.71651,Costa Rica,GABI,AOTW_Ponerinae_Occ_2910,CRI,valid
Odontomachus_meinerti,10.59427,-83.71651,Costa Rica,GABI,AOTW_Ponerinae_Occ_2911,CRI,valid
Odontomachus_meinerti,10.59427,-83.71651,Costa Rica,GABI,AOTW_Ponerinae_Occ_2912,CRI,valid
Odontomachus_meinerti,10.59427,-83.71651,Costa Rica,GABI,AOTW_Ponerinae_Occ_2913,CRI,valid
Odontomachus_meinerti,10.59427,-83.71651,Costa Rica,GABI,AOTW_Ponerinae_Occ_2914,CRI,valid
Odontomachus_meinerti,10.59427,-83.71651,Costa Rica,GABI,AOTW_Ponerinae_Occ_2915,CRI,valid
Odontomachus_meinerti,10.59427,-83.71651,Costa Rica,GABI,AOTW_Ponerinae_Occ_2916,CRI,valid
Odontomachus_meinerti,10.59427,-83.71651,Costa Rica,GABI,AOTW_Ponerinae_Occ_2917,CRI,valid
Odontomachus_meinerti,10.59427,-83.71651,Costa Rica,GABI,AOTW_Ponerinae_Occ_2918,CRI,valid
Odontomachus_meinerti,10.59427,-83.71651,Costa Rica,GABI,AOTW_Ponerinae_Occ_2919,CRI,valid
Odontomachus_meinerti,10.59427,-83.71651,Costa Rica,GABI,AOTW_Ponerinae_Occ_2920,CRI,valid
Odontomachus_meinerti,10.33333,-84.08333,Costa Rica,GABI,AOTW_Ponerinae_Occ_2921,CRI,valid
Odontomachus_meinerti,10.35,-84.05,Costa Rica,GABI,AOTW_Ponerinae_Occ_2922,CRI,valid
Odontomachus_meinerti,10.99261,-85.42948,Costa Rica,GABI,AOTW_Ponerinae_Occ_2923,CRI,valid
Odontomachus_meinerti,10.35,-84.05,Costa Rica,GABI,AOTW_Ponerinae_Occ_2924,CRI,valid
Odontomachus_meinerti,10.33333,-84.06667,Costa Rica,GABI,AOTW_Ponerinae_Occ_2925,CRI,valid
Odontomachus_meinerti,10.33333,-84.06667,Costa Rica,GABI,AOTW_Ponerinae_Occ_2926,CRI,valid
Odontomachus_meinerti,10.33333,-84.06667,Costa Rica,GABI,AOTW_Ponerinae_Occ_2927,CRI,valid
Odontomachus_meinerti,10.33333,-84.06667,Costa Rica,GABI,AOTW_Ponerinae_Occ_2928,CRI,valid
Odontomachus_meinerti,10.33333,-84.06667,Costa Rica,GABI,AOTW_Ponerinae_Occ_2929,CRI,valid
Odontomachus_meinerti,10.33333,-84.06667,Costa Rica,GABI,AOTW_Ponerinae_Occ_2930,CRI,valid
Odontomachus_meinerti,10.33333,-84.06667,Costa Rica,GABI,AOTW_Ponerinae_Occ_2931,CRI,valid
Odontomachus_meinerti,10.33333,-84.06667,Costa Rica,GABI,AOTW_Ponerinae_Occ_2932,CRI,valid
Odontomachus_meinerti,10.33333,-84.06667,Costa Rica,GABI,AOTW_Ponerinae_Occ_2933,CRI,valid
Odontomachus_meinerti,10.33333,-84.06667,Costa Rica,GABI,AOTW_Ponerinae_Occ_2934,CRI,valid
Odontomachus_meinerti,10.33333,-84.06667,Costa Rica,GABI,AOTW_Ponerinae_Occ_2935,CRI,valid
Odontomachus_meinerti,10.33333,-84.06667,Costa Rica,GABI,AOTW_Ponerinae_Occ_2936,CRI,valid
Odontomachus_meinerti,10.33333,-84.06667,Costa Rica,GABI,AOTW_Ponerinae_Occ_2937,CRI,valid
Odontomachus_meinerti,10.33333,-84.06667,Costa Rica,GABI,AOTW_Ponerinae_Occ_2938,CRI,valid
Odontomachus_meinerti,10.33333,-84.06667,Costa Rica,GABI,AOTW_Ponerinae_Occ_2939,CRI,valid
Odontomachus_meinerti,10.37854,-83.9466,Costa Rica,GABI,AOTW_Ponerinae_Occ_2940,CRI,valid
Odontomachus_meinerti,10.43196,-84.00819,Costa Rica,GABI,AOTW_Ponerinae_Occ_2941,CRI,valid
Odontomachus_meinerti,10.14889,-83.95191,Costa Rica,GABI,AOTW_Ponerinae_Occ_2942,CRI,valid
Odontomachus_meinerti,10.14889,-83.95191,Costa Rica,GABI,AOTW_Ponerinae_Occ_2943,CRI,valid
Odontomachus_meinerti,10.99261,-85.42948,Costa Rica,GABI,AOTW_Ponerinae_Occ_2944,CRI,valid
Odontomachus_meinerti,10.99261,-85.42948,Costa Rica,GABI,AOTW_Ponerinae_Occ_2945,CRI,valid
Odontomachus_meinerti,10.99261,-85.42948,Costa Rica,GABI,AOTW_Ponerinae_Occ_2946,CRI,valid
Odontomachus_meinerti,10.99261,-85.42948,Costa Rica,GABI,AOTW_Ponerinae_Occ_2947,CRI,valid
Odontomachus_meinerti,10.99261,-85.42948,Costa Rica,GABI,AOTW_Ponerinae_Occ_2948,CRI,valid
Odontomachus_meinerti,10.99261,-85.42948,Costa Rica,GABI,AOTW_Ponerinae_Occ_2949,CRI,valid
Odontomachus_meinerti,10.99261,-85.42948,Costa Rica,GABI,AOTW_Ponerinae_Occ_2950,CRI,valid
Odontomachus_meinerti,10.99261,-85.42948,Costa Rica,GABI,AOTW_Ponerinae_Occ_2951,CRI,valid
Odontomachus_meinerti,10.99261,-85.42948,Costa Rica,GABI,AOTW_Ponerinae_Occ_2952,CRI,valid
Odontomachus_meinerti,10.99261,-85.42948,Costa Rica,GABI,AOTW_Ponerinae_Occ_2953,CRI,valid
Odontomachus_meinerti,10.99261,-85.42948,Costa Rica,GABI,AOTW_Ponerinae_Occ_2954,CRI,valid
Odontomachus_meinerti,10.99261,-85.42948,Costa Rica,GABI,AOTW_Ponerinae_Occ_2955,CRI,valid
Odontomachus_meinerti,10.99261,-85.42948,Costa Rica,GABI,AOTW_Ponerinae_Occ_2956,CRI,valid
Odontomachus_meinerti,10.99261,-85.42948,Costa Rica,GABI,AOTW_Ponerinae_Occ_2957,CRI,valid
Odontomachus_meinerti,10.99261,-85.42948,Costa Rica,GABI,AOTW_Ponerinae_Occ_2958,CRI,valid
Odontomachus_meinerti,10.99261,-85.42948,Costa Rica,GABI,AOTW_Ponerinae_Occ_2959,CRI,valid
Odontomachus_meinerti,10.99261,-85.42948,Costa Rica,GABI,AOTW_Ponerinae_Occ_2960,CRI,valid
Odontomachus_meinerti,10.99261,-85.42948,Costa Rica,GABI,AOTW_Ponerinae_Occ_2961,CRI,valid
Odontomachus_meinerti,10.99261,-85.42948,Costa Rica,GABI,AOTW_Ponerinae_Occ_2962,CRI,valid
Odontomachus_meinerti,10.99261,-85.42948,Costa Rica,GABI,AOTW_Ponerinae_Occ_2963,CRI,valid
Odontomachus_meinerti,10.99261,-85.42948,Costa Rica,GABI,AOTW_Ponerinae_Occ_2964,CRI,valid
Odontomachus_meinerti,10.99261,-85.42948,Costa Rica,GABI,AOTW_Ponerinae_Occ_2965,CRI,valid
Odontomachus_meinerti,10.99261,-85.42948,Costa Rica,GABI,AOTW_Ponerinae_Occ_2966,CRI,valid
Odontomachus_meinerti,10.93008,-85.47042,Costa Rica,GABI,AOTW_Ponerinae_Occ_2967,CRI,valid
Odontomachus_meinerti,8.6791,-83.56671,Costa Rica,GABI,AOTW_Ponerinae_Occ_2968,CRI,valid
Odontomachus_meinerti,8.6791,-83.56671,Costa Rica,GABI,AOTW_Ponerinae_Occ_2969,CRI,valid
Odontomachus_meinerti,8.6791,-83.56671,Costa Rica,GABI,AOTW_Ponerinae_Occ_2970,CRI,valid
Odontomachus_meinerti,8.6791,-83.56671,Costa Rica,GABI,AOTW_Ponerinae_Occ_2971,CRI,valid
Odontomachus_meinerti,8.6791,-83.56671,Costa Rica,GABI,AOTW_Ponerinae_Occ_2972,CRI,valid
Odontomachus_meinerti,8.6791,-83.56671,Costa Rica,GABI,AOTW_Ponerinae_Occ_2973,CRI,valid
Odontomachus_meinerti,8.6791,-83.56671,Costa Rica,GABI,AOTW_Ponerinae_Occ_2974,CRI,valid
Odontomachus_meinerti,8.6791,-83.56671,Costa Rica,GABI,AOTW_Ponerinae_Occ_2975,CRI,valid
Odontomachus_meinerti,8.6791,-83.56671,Costa Rica,GABI,AOTW_Ponerinae_Occ_2976,CRI,valid
Odontomachus_meinerti,8.6791,-83.56671,Costa Rica,GABI,AOTW_Ponerinae_Occ_2977,CRI,valid
Odontomachus_meinerti,8.6791,-83.56671,Costa Rica,GABI,AOTW_Ponerinae_Occ_2978,CRI,valid
Odontomachus_meinerti,8.6791,-83.56671,Costa Rica,GABI,AOTW_Ponerinae_Occ_2979,CRI,valid
Odontomachus_meinerti,8.6791,-83.56671,Costa Rica,GABI,AOTW_Ponerinae_Occ_2980,CRI,valid
Odontomachus_meinerti,8.6791,-83.56671,Costa Rica,GABI,AOTW_Ponerinae_Occ_2981,CRI,valid
Odontomachus_meinerti,8.6791,-83.56671,Costa Rica,GABI,AOTW_Ponerinae_Occ_2982,CRI,valid
Odontomachus_meinerti,8.6791,-83.56671,Costa Rica,GABI,AOTW_Ponerinae_Occ_2983,CRI,valid
Odontomachus_meinerti,8.6791,-83.56671,Costa Rica,GABI,AOTW_Ponerinae_Occ_2984,CRI,valid
Odontomachus_meinerti,8.6791,-83.56671,Costa Rica,GABI,AOTW_Ponerinae_Occ_2985,CRI,valid
Odontomachus_meinerti,8.6791,-83.56671,Costa Rica,GABI,AOTW_Ponerinae_Occ_2986,CRI,valid
Odontomachus_meinerti,10.59427,-83.71651,Costa Rica,GABI,AOTW_Ponerinae_Occ_2987,CRI,valid
Odontomachus_meinerti,10.59427,-83.71651,Costa Rica,GABI,AOTW_Ponerinae_Occ_2988,CRI,valid
Odontomachus_meinerti,10.59427,-83.71651,Costa Rica,GABI,AOTW_Ponerinae_Occ_2989,CRI,valid
Odontomachus_meinerti,10.59427,-83.71651,Costa Rica,GABI,AOTW_Ponerinae_Occ_2990,CRI,valid
Odontomachus_meinerti,10.59427,-83.71651,Costa Rica,GABI,AOTW_Ponerinae_Occ_2991,CRI,valid
Odontomachus_meinerti,10.59427,-83.71651,Costa Rica,GABI,AOTW_Ponerinae_Occ_2992,CRI,valid
Odontomachus_meinerti,10.59427,-83.71651,Costa Rica,GABI,AOTW_Ponerinae_Occ_2993,CRI,valid
Odontomachus_meinerti,10.59427,-83.71651,Costa Rica,GABI,AOTW_Ponerinae_Occ_2994,CRI,valid
Odontomachus_meinerti,10.59427,-83.71651,Costa Rica,GABI,AOTW_Ponerinae_Occ_2995,CRI,valid
Odontomachus_meinerti,10.59427,-83.71651,Costa Rica,GABI,AOTW_Ponerinae_Occ_2996,CRI,valid
Odontomachus_meinerti,10.59427,-83.71651,Costa Rica,GABI,AOTW_Ponerinae_Occ_2997,CRI,valid
Odontomachus_opaciventris,10.99261,-85.42948,Costa Rica,GABI,AOTW_Ponerinae_Occ_2998,CRI,valid
Odontomachus_meinerti,10.59427,-83.71651,Costa Rica,GABI,AOTW_Ponerinae_Occ_2999,CRI,valid
Odontomachus_meinerti,10.59427,-83.71651,Costa Rica,GABI,AOTW_Ponerinae_Occ_3000,CRI,valid
Odontomachus_meinerti,10.59427,-83.71651,Costa Rica,GABI,AOTW_Ponerinae_Occ_3001,CRI,valid
Odontomachus_meinerti,10.59427,-83.71651,Costa Rica,GABI,AOTW_Ponerinae_Occ_3002,CRI,valid
Odontomachus_meinerti,10.59427,-83.71651,Costa Rica,GABI,AOTW_Ponerinae_Occ_3003,CRI,valid
Odontomachus_meinerti,10.59427,-83.71651,Costa Rica,GABI,AOTW_Ponerinae_Occ_3004,CRI,valid
Odontomachus_meinerti,10.59427,-83.71651,Costa Rica,GABI,AOTW_Ponerinae_Occ_3005,CRI,valid
Odontomachus_meinerti,10.59427,-83.71651,Costa Rica,GABI,AOTW_Ponerinae_Occ_3006,CRI,valid
Odontomachus_meinerti,10.59427,-83.71651,Costa Rica,GABI,AOTW_Ponerinae_Occ_3007,CRI,valid
Odontomachus_meinerti,10.59427,-83.71651,Costa Rica,GABI,AOTW_Ponerinae_Occ_3008,CRI,valid
Odontomachus_meinerti,10.59427,-83.71651,Costa Rica,GABI,AOTW_Ponerinae_Occ_3009,CRI,valid
Odontomachus_meinerti,10.59427,-83.71651,Costa Rica,GABI,AOTW_Ponerinae_Occ_3010,CRI,valid
Odontomachus_meinerti,10.59427,-83.71651,Costa Rica,GABI,AOTW_Ponerinae_Occ_3011,CRI,valid
Odontomachus_meinerti,10.59427,-83.71651,Costa Rica,GABI,AOTW_Ponerinae_Occ_3012,CRI,valid
Odontomachus_meinerti,10.59427,-83.71651,Costa Rica,GABI,AOTW_Ponerinae_Occ_3013,CRI,valid
Odontomachus_meinerti,10.59427,-83.71651,Costa Rica,GABI,AOTW_Ponerinae_Occ_3014,CRI,valid
Odontomachus_meinerti,10.59427,-83.71651,Costa Rica,GABI,AOTW_Ponerinae_Occ_3015,CRI,valid
Odontomachus_meinerti,10.59427,-83.71651,Costa Rica,GABI,AOTW_Ponerinae_Occ_3016,CRI,valid
Odontomachus_meinerti,10.59427,-83.71651,Costa Rica,GABI,AOTW_Ponerinae_Occ_3017,CRI,valid
Odontomachus_meinerti,10.59427,-83.71651,Costa Rica,GABI,AOTW_Ponerinae_Occ_3018,CRI,valid
Odontomachus_meinerti,10.59427,-83.71651,Costa Rica,GABI,AOTW_Ponerinae_Occ_3019,CRI,valid
Odontomachus_meinerti,10.59427,-83.71651,Costa Rica,GABI,AOTW_Ponerinae_Occ_3020,CRI,valid
Odontomachus_meinerti,10.59427,-83.71651,Costa Rica,GABI,AOTW_Ponerinae_Occ_3021,CRI,valid
Odontomachus_meinerti,10.59427,-83.71651,Costa Rica,GABI,AOTW_Ponerinae_Occ_3022,CRI,valid
Odontomachus_meinerti,10.59427,-83.71651,Costa Rica,GABI,AOTW_Ponerinae_Occ_3023,CRI,valid
Odontomachus_meinerti,10.59427,-83.71651,Costa Rica,GABI,AOTW_Ponerinae_Occ_3024,CRI,valid
Odontomachus_meinerti,10.59427,-83.71651,Costa Rica,GABI,AOTW_Ponerinae_Occ_3025,CRI,valid
Odontomachus_meinerti,10.59427,-83.71651,Costa Rica,GABI,AOTW_Ponerinae_Occ_3026,CRI,valid
Odontomachus_meinerti,10.59427,-83.71651,Costa Rica,GABI,AOTW_Ponerinae_Occ_3027,CRI,valid
Odontomachus_meinerti,10.59427,-83.71651,Costa Rica,GABI,AOTW_Ponerinae_Occ_3028,CRI,valid
Odontomachus_meinerti,10.59427,-83.71651,Costa Rica,GABI,AOTW_Ponerinae_Occ_3029,CRI,valid
Odontomachus_meinerti,10.59427,-83.71651,Costa Rica,GABI,AOTW_Ponerinae_Occ_3030,CRI,valid
Odontomachus_meinerti,10.59427,-83.71651,Costa Rica,GABI,AOTW_Ponerinae_Occ_3031,CRI,valid
Odontomachus_meinerti,10.59427,-83.71651,Costa Rica,GABI,AOTW_Ponerinae_Occ_3032,CRI,valid
Odontomachus_meinerti,10.59427,-83.71651,Costa Rica,GABI,AOTW_Ponerinae_Occ_3033,CRI,valid
Odontomachus_meinerti,10.59427,-83.71651,Costa Rica,GABI,AOTW_Ponerinae_Occ_3034,CRI,valid
Odontomachus_meinerti,10.59427,-83.71651,Costa Rica,GABI,AOTW_Ponerinae_Occ_3035,CRI,valid
Odontomachus_meinerti,10.59427,-83.71651,Costa Rica,GABI,AOTW_Ponerinae_Occ_3036,CRI,valid
Odontomachus_meinerti,10.59427,-83.71651,Costa Rica,GABI,AOTW_Ponerinae_Occ_3037,CRI,valid
Odontomachus_meinerti,10.59427,-83.71651,Costa Rica,GABI,AOTW_Ponerinae_Occ_3038,CRI,valid
Odontomachus_meinerti,10.59427,-83.71651,Costa Rica,GABI,AOTW_Ponerinae_Occ_3039,CRI,valid
Odontomachus_meinerti,10.59427,-83.71651,Costa Rica,GABI,AOTW_Ponerinae_Occ_3040,CRI,valid
Odontomachus_meinerti,10.59427,-83.71651,Costa Rica,GABI,AOTW_Ponerinae_Occ_3041,CRI,valid
Odontomachus_meinerti,10.59427,-83.71651,Costa Rica,GABI,AOTW_Ponerinae_Occ_3042,CRI,valid
Odontomachus_meinerti,10.59427,-83.71651,Costa Rica,GABI,AOTW_Ponerinae_Occ_3043,CRI,valid
Odontomachus_meinerti,10.59427,-83.71651,Costa Rica,GABI,AOTW_Ponerinae_Occ_3044,CRI,valid
Odontomachus_meinerti,10.59427,-83.71651,Costa Rica,GABI,AOTW_Ponerinae_Occ_3045,CRI,valid
Odontomachus_meinerti,10.59427,-83.71651,Costa Rica,GABI,AOTW_Ponerinae_Occ_3046,CRI,valid
Odontomachus_meinerti,10.59427,-83.71651,Costa Rica,GABI,AOTW_Ponerinae_Occ_3047,CRI,valid
Odontomachus_meinerti,10.59427,-83.71651,Costa Rica,GABI,AOTW_Ponerinae_Occ_3048,CRI,valid
Odontomachus_meinerti,10.59427,-83.71651,Costa Rica,GABI,AOTW_Ponerinae_Occ_3049,CRI,valid
Odontomachus_meinerti,10.59427,-83.71651,Costa Rica,GABI,AOTW_Ponerinae_Occ_3050,CRI,valid
Odontomachus_meinerti,10.59427,-83.71651,Costa Rica,GABI,AOTW_Ponerinae_Occ_3051,CRI,valid
Odontomachus_meinerti,10.59427,-83.71651,Costa Rica,GABI,AOTW_Ponerinae_Occ_3052,CRI,valid
Odontomachus_meinerti,10.59427,-83.71651,Costa Rica,GABI,AOTW_Ponerinae_Occ_3053,CRI,valid
Odontomachus_meinerti,10.59427,-83.71651,Costa Rica,GABI,AOTW_Ponerinae_Occ_3054,CRI,valid
Odontomachus_meinerti,10.59427,-83.71651,Costa Rica,GABI,AOTW_Ponerinae_Occ_3055,CRI,valid
Odontomachus_meinerti,10.59427,-83.71651,Costa Rica,GABI,AOTW_Ponerinae_Occ_3056,CRI,valid
Odontomachus_meinerti,10.43919,-84.01092,Costa Rica,GABI,AOTW_Ponerinae_Occ_3057,CRI,valid
Odontomachus_opaciventris,10.29843,-84.79254,Costa Rica,GABI,AOTW_Ponerinae_Occ_3058,CRI,valid
Odontomachus_opaciventris,10.14889,-83.95191,Costa Rica,GABI,AOTW_Ponerinae_Occ_3059,CRI,valid
Odontomachus_opaciventris,10.99261,-85.42948,Costa Rica,GABI,AOTW_Ponerinae_Occ_3060,CRI,valid
Odontomachus_opaciventris,10.14889,-83.95191,Costa Rica,GABI,AOTW_Ponerinae_Occ_3061,CRI,valid
Odontomachus_opaciventris,10.14889,-83.95191,Costa Rica,GABI,AOTW_Ponerinae_Occ_3062,CRI,valid
Odontomachus_opaciventris,10.14889,-83.95191,Costa Rica,GABI,AOTW_Ponerinae_Occ_3063,CRI,valid
Odontomachus_opaciventris,9.78333,-84.6,Costa Rica,GABI,AOTW_Ponerinae_Occ_3064,CRI,valid
Odontomachus_opaciventris,10.32804,-84.08042,Costa Rica,GABI,AOTW_Ponerinae_Occ_3065,CRI,valid
Odontomachus_opaciventris,10.32804,-84.08042,Costa Rica,GABI,AOTW_Ponerinae_Occ_3066,CRI,valid
Odontomachus_opaciventris,10.32804,-84.08042,Costa Rica,GABI,AOTW_Ponerinae_Occ_3067,CRI,valid
Odontomachus_opaciventris,10.99261,-85.42948,Costa Rica,GABI,AOTW_Ponerinae_Occ_3068,CRI,valid
Odontomachus_opaciventris,10.99261,-85.42948,Costa Rica,GABI,AOTW_Ponerinae_Occ_3069,CRI,valid
Odontomachus_opaciventris,10.99261,-85.42948,Costa Rica,GABI,AOTW_Ponerinae_Occ_3070,CRI,valid
Odontomachus_opaciventris,10.99261,-85.42948,Costa Rica,GABI,AOTW_Ponerinae_Occ_3071,CRI,valid
Odontomachus_opaciventris,10.99261,-85.42948,Costa Rica,GABI,AOTW_Ponerinae_Occ_3072,CRI,valid
Odontomachus_opaciventris,10.99261,-85.42948,Costa Rica,GABI,AOTW_Ponerinae_Occ_3073,CRI,valid
Odontomachus_opaciventris,10.99261,-85.42948,Costa Rica,GABI,AOTW_Ponerinae_Occ_3074,CRI,valid
Odontomachus_opaciventris,10.99261,-85.42948,Costa Rica,GABI,AOTW_Ponerinae_Occ_3075,CRI,valid
Odontomachus_opaciventris,10.99261,-85.42948,Costa Rica,GABI,AOTW_Ponerinae_Occ_3076,CRI,valid
Odontomachus_opaciventris,10.99261,-85.42948,Costa Rica,GABI,AOTW_Ponerinae_Occ_3077,CRI,valid
Odontomachus_opaciventris,10.99261,-85.42948,Costa Rica,GABI,AOTW_Ponerinae_Occ_3078,CRI,valid
Odontomachus_opaciventris,10.99261,-85.42948,Costa Rica,GABI,AOTW_Ponerinae_Occ_3079,CRI,valid
Odontomachus_opaciventris,10.99261,-85.42948,Costa Rica,GABI,AOTW_Ponerinae_Occ_3080,CRI,valid
Odontomachus_opaciventris,10.99261,-85.42948,Costa Rica,GABI,AOTW_Ponerinae_Occ_3081,CRI,valid
Odontomachus_opaciventris,10.99261,-85.42948,Costa Rica,GABI,AOTW_Ponerinae_Occ_3082,CRI,valid
Odontomachus_opaciventris,10.99261,-85.42948,Costa Rica,GABI,AOTW_Ponerinae_Occ_3083,CRI,valid
Odontomachus_opaciventris,10.99261,-85.42948,Costa Rica,GABI,AOTW_Ponerinae_Occ_3084,CRI,valid
Odontomachus_opaciventris,10.99261,-85.42948,Costa Rica,GABI,AOTW_Ponerinae_Occ_3085,CRI,valid
Odontomachus_opaciventris,10.99261,-85.42948,Costa Rica,GABI,AOTW_Ponerinae_Occ_3086,CRI,valid
Odontomachus_opaciventris,10.99261,-85.42948,Costa Rica,GABI,AOTW_Ponerinae_Occ_3087,CRI,valid
Odontomachus_opaciventris,10.99261,-85.42948,Costa Rica,GABI,AOTW_Ponerinae_Occ_3088,CRI,valid
Odontomachus_opaciventris,10.99261,-85.42948,Costa Rica,GABI,AOTW_Ponerinae_Occ_3089,CRI,valid
Odontomachus_opaciventris,10.99261,-85.42948,Costa Rica,GABI,AOTW_Ponerinae_Occ_3090,CRI,valid
Odontomachus_opaciventris,10.99261,-85.42948,Costa Rica,GABI,AOTW_Ponerinae_Occ_3091,CRI,valid
Odontomachus_opaciventris,10.99261,-85.42948,Costa Rica,GABI,AOTW_Ponerinae_Occ_3092,CRI,valid
Odontomachus_opaciventris,10.99261,-85.42948,Costa Rica,GABI,AOTW_Ponerinae_Occ_3093,CRI,valid
Odontomachus_opaciventris,10.99261,-85.42948,Costa Rica,GABI,AOTW_Ponerinae_Occ_3094,CRI,valid
Odontomachus_opaciventris,10.99261,-85.42948,Costa Rica,GABI,AOTW_Ponerinae_Occ_3095,CRI,valid
Odontomachus_opaciventris,10.99261,-85.42948,Costa Rica,GABI,AOTW_Ponerinae_Occ_3096,CRI,valid
Odontomachus_opaciventris,10.99261,-85.42948,Costa Rica,GABI,AOTW_Ponerinae_Occ_3097,CRI,valid
Odontomachus_opaciventris,10.99261,-85.42948,Costa Rica,GABI,AOTW_Ponerinae_Occ_3098,CRI,valid
Odontomachus_opaciventris,10.99261,-85.42948,Costa Rica,GABI,AOTW_Ponerinae_Occ_3099,CRI,valid
Odontomachus_opaciventris,10.99261,-85.42948,Costa Rica,GABI,AOTW_Ponerinae_Occ_3100,CRI,valid
Odontomachus_opaciventris,10.99261,-85.42948,Costa Rica,GABI,AOTW_Ponerinae_Occ_3101,CRI,valid
Odontomachus_opaciventris,10.99261,-85.42948,Costa Rica,GABI,AOTW_Ponerinae_Occ_3102,CRI,valid
Odontomachus_opaciventris,10.99261,-85.42948,Costa Rica,GABI,AOTW_Ponerinae_Occ_3103,CRI,valid
Odontomachus_opaciventris,10.99261,-85.42948,Costa Rica,GABI,AOTW_Ponerinae_Occ_3104,CRI,valid
Odontomachus_opaciventris,9.04015,-82.97358,Costa Rica,GABI,AOTW_Ponerinae_Occ_3105,CRI,valid
Odontomachus_opaciventris,10.87407,-85.57997,Costa Rica,GABI,AOTW_Ponerinae_Occ_3106,CRI,valid
Odontomachus_opaciventris,10.99036,-85.42718,Costa Rica,GABI,AOTW_Ponerinae_Occ_3107,CRI,valid
Odontomachus_opaciventris,10.99036,-85.42718,Costa Rica,GABI,AOTW_Ponerinae_Occ_3108,CRI,valid
Odontomachus_opaciventris,10.99036,-85.42718,Costa Rica,GABI,AOTW_Ponerinae_Occ_3109,CRI,valid
Odontomachus_opaciventris,10.93008,-85.47042,Costa Rica,GABI,AOTW_Ponerinae_Occ_3110,CRI,valid
Odontomachus_opaciventris,10.3043,-84.7962,Costa Rica,GABI,AOTW_Ponerinae_Occ_3111,CRI,valid
Odontomachus_opaciventris,10.3043,-84.7962,Costa Rica,GABI,AOTW_Ponerinae_Occ_3112,CRI,valid
Odontomachus_opaciventris,10.3043,-84.7962,Costa Rica,GABI,AOTW_Ponerinae_Occ_3113,CRI,valid
Odontomachus_opaciventris,10.3043,-84.7962,Costa Rica,GABI,AOTW_Ponerinae_Occ_3114,CRI,valid
Odontomachus_opaciventris,10.53955,-83.50648,Costa Rica,GABI,AOTW_Ponerinae_Occ_3115,CRI,valid
Odontomachus_opaciventris,10.53955,-83.50648,Costa Rica,GABI,AOTW_Ponerinae_Occ_3116,CRI,valid
Odontomachus_opaciventris,10.53955,-83.50648,Costa Rica,GABI,AOTW_Ponerinae_Occ_3117,CRI,valid
Odontomachus_opaciventris,10.53955,-83.50648,Costa Rica,GABI,AOTW_Ponerinae_Occ_3118,CRI,valid
Odontomachus_opaciventris,10.53955,-83.50648,Costa Rica,GABI,AOTW_Ponerinae_Occ_3119,CRI,valid
Odontomachus_opaciventris,10.53955,-83.50648,Costa Rica,GABI,AOTW_Ponerinae_Occ_3120,CRI,valid
Odontomachus_opaciventris,10.53955,-83.50648,Costa Rica,GABI,AOTW_Ponerinae_Occ_3121,CRI,valid
Odontomachus_opaciventris,10.53955,-83.50648,Costa Rica,GABI,AOTW_Ponerinae_Occ_3122,CRI,valid
Odontomachus_opaciventris,10.53955,-83.50648,Costa Rica,GABI,AOTW_Ponerinae_Occ_3123,CRI,valid
Odontomachus_opaciventris,10.53955,-83.50648,Costa Rica,GABI,AOTW_Ponerinae_Occ_3124,CRI,valid
Odontomachus_opaciventris,10.53955,-83.50648,Costa Rica,GABI,AOTW_Ponerinae_Occ_3125,CRI,valid
Odontomachus_opaciventris,10.53955,-83.50648,Costa Rica,GABI,AOTW_Ponerinae_Occ_3126,CRI,valid
Odontomachus_opaciventris,10.53955,-83.50648,Costa Rica,GABI,AOTW_Ponerinae_Occ_3127,CRI,valid
Odontomachus_opaciventris,10.53955,-83.50648,Costa Rica,GABI,AOTW_Ponerinae_Occ_3128,CRI,valid
Odontomachus_opaciventris,10.53955,-83.50648,Costa Rica,GABI,AOTW_Ponerinae_Occ_3129,CRI,valid
Odontomachus_opaciventris,10.53955,-83.50648,Costa Rica,GABI,AOTW_Ponerinae_Occ_3130,CRI,valid
Odontomachus_opaciventris,10.53955,-83.50648,Costa Rica,GABI,AOTW_Ponerinae_Occ_3131,CRI,valid
Odontomachus_opaciventris,10.53955,-83.50648,Costa Rica,GABI,AOTW_Ponerinae_Occ_3132,CRI,valid
Odontomachus_opaciventris,10.53955,-83.50648,Costa Rica,GABI,AOTW_Ponerinae_Occ_3133,CRI,valid
Odontomachus_opaciventris,10.53955,-83.50648,Costa Rica,GABI,AOTW_Ponerinae_Occ_3134,CRI,valid
Odontomachus_opaciventris,10.53955,-83.50648,Costa Rica,GABI,AOTW_Ponerinae_Occ_3135,CRI,valid
Odontomachus_opaciventris,10.53955,-83.50648,Costa Rica,GABI,AOTW_Ponerinae_Occ_3136,CRI,valid
Odontomachus_opaciventris,10.53955,-83.50648,Costa Rica,GABI,AOTW_Ponerinae_Occ_3137,CRI,valid
Odontomachus_opaciventris,10.53955,-83.50648,Costa Rica,GABI,AOTW_Ponerinae_Occ_3138,CRI,valid
Odontomachus_opaciventris,10.53955,-83.50648,Costa Rica,GABI,AOTW_Ponerinae_Occ_3139,CRI,valid
Odontomachus_opaciventris,10.53955,-83.50648,Costa Rica,GABI,AOTW_Ponerinae_Occ_3140,CRI,valid
Odontomachus_opaciventris,10.53955,-83.50648,Costa Rica,GABI,AOTW_Ponerinae_Occ_3141,CRI,valid
Odontomachus_opaciventris,10.53955,-83.50648,Costa Rica,GABI,AOTW_Ponerinae_Occ_3142,CRI,valid
Odontomachus_opaciventris,10.53955,-83.50648,Costa Rica,GABI,AOTW_Ponerinae_Occ_3143,CRI,valid
Odontomachus_opaciventris,10.53955,-83.50648,Costa Rica,GABI,AOTW_Ponerinae_Occ_3144,CRI,valid
Odontomachus_opaciventris,10.3,-84.8,Costa Rica,GABI,AOTW_Ponerinae_Occ_3145,CRI,valid
Odontomachus_opaciventris,10.21953,-84.60076,Costa Rica,GABI,AOTW_Ponerinae_Occ_3146,CRI,valid
Odontomachus_opaciventris,10.21953,-84.60076,Costa Rica,GABI,AOTW_Ponerinae_Occ_3147,CRI,valid
Odontomachus_opaciventris,10.21953,-84.60076,Costa Rica,GABI,AOTW_Ponerinae_Occ_3148,CRI,valid
Odontomachus_opaciventris,10.21953,-84.60076,Costa Rica,GABI,AOTW_Ponerinae_Occ_3149,CRI,valid
Odontomachus_opaciventris,10.21953,-84.60076,Costa Rica,GABI,AOTW_Ponerinae_Occ_3150,CRI,valid
Odontomachus_opaciventris,10.21953,-84.60076,Costa Rica,GABI,AOTW_Ponerinae_Occ_3151,CRI,valid
Odontomachus_opaciventris,10.22767,-84.60076,Costa Rica,GABI,AOTW_Ponerinae_Occ_3152,CRI,valid
Odontomachus_opaciventris,9.67177,-83.0277,Costa Rica,GABI,AOTW_Ponerinae_Occ_3153,CRI,valid
Odontomachus_opaciventris,10.23617,-84.11767,Costa Rica,GABI,AOTW_Ponerinae_Occ_3154,CRI,valid
Odontomachus_opaciventris,10.33333,-84.08333,Costa Rica,GABI,AOTW_Ponerinae_Occ_3155,CRI,valid
Odontomachus_opaciventris,10.33333,-84.06667,Costa Rica,GABI,AOTW_Ponerinae_Occ_3156,CRI,valid
Odontomachus_opaciventris,10.33333,-84.06667,Costa Rica,GABI,AOTW_Ponerinae_Occ_3157,CRI,valid
Odontomachus_opaciventris,10.33333,-84.06667,Costa Rica,GABI,AOTW_Ponerinae_Occ_3158,CRI,valid
Odontomachus_opaciventris,10.33333,-84.06667,Costa Rica,GABI,AOTW_Ponerinae_Occ_3159,CRI,valid
Odontomachus_opaciventris,10.33333,-84.06667,Costa Rica,GABI,AOTW_Ponerinae_Occ_3160,CRI,valid
Odontomachus_panamensis,10.14889,-83.95191,Costa Rica,GABI,AOTW_Ponerinae_Occ_3161,CRI,valid
Odontomachus_panamensis,10.99261,-85.42948,Costa Rica,GABI,AOTW_Ponerinae_Occ_3162,CRI,valid
Odontomachus_panamensis,8.6791,-83.56671,Costa Rica,GABI,AOTW_Ponerinae_Occ_3163,CRI,valid
Odontomachus_panamensis,8.6791,-83.56671,Costa Rica,GABI,AOTW_Ponerinae_Occ_3164,CRI,valid
Odontomachus_panamensis,10.53955,-83.50648,Costa Rica,GABI,AOTW_Ponerinae_Occ_3165,CRI,valid
Odontomachus_panamensis,10.53955,-83.50648,Costa Rica,GABI,AOTW_Ponerinae_Occ_3166,CRI,valid
Odontomachus_panamensis,10.59427,-83.71651,Costa Rica,GABI,AOTW_Ponerinae_Occ_3167,CRI,valid
Odontomachus_panamensis,10.59427,-83.71651,Costa Rica,GABI,AOTW_Ponerinae_Occ_3168,CRI,valid
Odontomachus_panamensis,10.59427,-83.71651,Costa Rica,GABI,AOTW_Ponerinae_Occ_3169,CRI,valid
Odontomachus_panamensis,10.35,-84.05,Costa Rica,GABI,AOTW_Ponerinae_Occ_3170,CRI,valid
Odontomachus_ruginodis,10.64405,-83.74201,Costa Rica,GABI,AOTW_Ponerinae_Occ_3171,CRI,valid
Odontomachus_ruginodis,10.59427,-83.71651,Costa Rica,GABI,AOTW_Ponerinae_Occ_3172,CRI,valid
Odontomachus_ruginodis,10.59427,-83.71651,Costa Rica,GABI,AOTW_Ponerinae_Occ_3173,CRI,valid
Odontomachus_ruginodis,10.59427,-83.71651,Costa Rica,GABI,AOTW_Ponerinae_Occ_3174,CRI,valid
Odontomachus_ruginodis,10.33333,-84.06667,Costa Rica,GABI,AOTW_Ponerinae_Occ_3175,CRI,valid
Pachycondyla_harpax,10.64405,-83.74201,Costa Rica,GABI,AOTW_Ponerinae_Occ_3176,CRI,valid
Pachycondyla_harpax,10.64405,-83.74201,Costa Rica,GABI,AOTW_Ponerinae_Occ_3177,CRI,valid
Pachycondyla_harpax,11.03386,-85.52479,Costa Rica,GABI,AOTW_Ponerinae_Occ_3178,CRI,valid
Pachycondyla_harpax,10.83641,-85.61549,Costa Rica,GABI,AOTW_Ponerinae_Occ_3179,CRI,valid
Pachycondyla_harpax,10.83641,-85.61549,Costa Rica,GABI,AOTW_Ponerinae_Occ_3180,CRI,valid
Pachycondyla_harpax,9.60924,-83.19387,Costa Rica,GABI,AOTW_Ponerinae_Occ_3181,CRI,valid
Pachycondyla_harpax,9.60924,-83.19387,Costa Rica,GABI,AOTW_Ponerinae_Occ_3182,CRI,valid
Pachycondyla_harpax,9.77649,-84.60813,Costa Rica,GABI,AOTW_Ponerinae_Occ_3183,CRI,valid
Pachycondyla_harpax,8.48017,-83.59129,Costa Rica,GABI,AOTW_Ponerinae_Occ_3184,CRI,valid
Pachycondyla_harpax,8.48017,-83.59129,Costa Rica,GABI,AOTW_Ponerinae_Occ_3185,CRI,valid
Pachycondyla_harpax,8.48017,-83.59129,Costa Rica,GABI,AOTW_Ponerinae_Occ_3186,CRI,valid
Pachycondyla_harpax,8.48017,-83.59129,Costa Rica,GABI,AOTW_Ponerinae_Occ_3187,CRI,valid
Pachycondyla_harpax,8.48017,-83.59129,Costa Rica,GABI,AOTW_Ponerinae_Occ_3188,CRI,valid
Pachycondyla_harpax,8.48017,-83.59129,Costa Rica,GABI,AOTW_Ponerinae_Occ_3189,CRI,valid
Pachycondyla_harpax,8.48017,-83.59129,Costa Rica,GABI,AOTW_Ponerinae_Occ_3190,CRI,valid
Pachycondyla_harpax,8.48017,-83.59129,Costa Rica,GABI,AOTW_Ponerinae_Occ_3191,CRI,valid
Pachycondyla_harpax,8.48017,-83.59129,Costa Rica,GABI,AOTW_Ponerinae_Occ_3192,CRI,valid
Pachycondyla_harpax,9.76745,-84.60812,Costa Rica,GABI,AOTW_Ponerinae_Occ_3193,CRI,valid
Pachycondyla_harpax,9.76745,-84.60812,Costa Rica,GABI,AOTW_Ponerinae_Occ_3194,CRI,valid
Pachycondyla_harpax,9.38773,-84.13281,Costa Rica,GABI,AOTW_Ponerinae_Occ_3195,CRI,valid
Pachycondyla_harpax,9.38773,-84.13281,Costa Rica,GABI,AOTW_Ponerinae_Occ_3196,CRI,valid
Pachycondyla_harpax,9.79466,-84.47324,Costa Rica,GABI,AOTW_Ponerinae_Occ_3197,CRI,valid
Pachycondyla_harpax,9.79466,-84.47324,Costa Rica,GABI,AOTW_Ponerinae_Occ_3198,CRI,valid
Pachycondyla_harpax,10.32804,-84.08042,Costa Rica,GABI,AOTW_Ponerinae_Occ_3199,CRI,valid
Pachycondyla_harpax,10.99261,-85.42948,Costa Rica,GABI,AOTW_Ponerinae_Occ_3200,CRI,valid
Pachycondyla_harpax,10.99261,-85.42948,Costa Rica,GABI,AOTW_Ponerinae_Occ_3201,CRI,valid
Pachycondyla_harpax,10.99261,-85.42948,Costa Rica,GABI,AOTW_Ponerinae_Occ_3202,CRI,valid
Pachycondyla_harpax,10.99261,-85.42948,Costa Rica,GABI,AOTW_Ponerinae_Occ_3203,CRI,valid
Pachycondyla_harpax,10.99261,-85.42948,Costa Rica,GABI,AOTW_Ponerinae_Occ_3204,CRI,valid
Pachycondyla_harpax,10.99261,-85.42948,Costa Rica,GABI,AOTW_Ponerinae_Occ_3205,CRI,valid
Pachycondyla_harpax,10.99261,-85.42948,Costa Rica,GABI,AOTW_Ponerinae_Occ_3206,CRI,valid
Pachycondyla_harpax,10.86551,-85.57354,Costa Rica,GABI,AOTW_Ponerinae_Occ_3207,CRI,valid
Pachycondyla_harpax,10.67564,-84.95489,Costa Rica,GABI,AOTW_Ponerinae_Occ_3208,CRI,valid
Pachycondyla_harpax,9.77423,-84.60812,Costa Rica,GABI,AOTW_Ponerinae_Occ_3209,CRI,valid
Pachycondyla_harpax,10.26706,-83.76828,Costa Rica,GABI,AOTW_Ponerinae_Occ_3210,CRI,valid
Pachycondyla_harpax,10.85433,-85.95077,Costa Rica,GABI,AOTW_Ponerinae_Occ_3211,CRI,valid
Pachycondyla_harpax,8.6791,-83.56671,Costa Rica,GABI,AOTW_Ponerinae_Occ_3212,CRI,valid
Pachycondyla_harpax,8.6791,-83.56671,Costa Rica,GABI,AOTW_Ponerinae_Occ_3213,CRI,valid
Pachycondyla_harpax,8.6791,-83.56671,Costa Rica,GABI,AOTW_Ponerinae_Occ_3214,CRI,valid
Pachycondyla_harpax,8.6791,-83.56671,Costa Rica,GABI,AOTW_Ponerinae_Occ_3215,CRI,valid
Pachycondyla_harpax,8.6791,-83.56671,Costa Rica,GABI,AOTW_Ponerinae_Occ_3216,CRI,valid
Pachycondyla_harpax,8.6791,-83.56671,Costa Rica,GABI,AOTW_Ponerinae_Occ_3217,CRI,valid
Pachycondyla_harpax,10.53955,-83.50648,Costa Rica,GABI,AOTW_Ponerinae_Occ_3218,CRI,valid
Pachycondyla_harpax,10.59427,-83.71651,Costa Rica,GABI,AOTW_Ponerinae_Occ_3219,CRI,valid
Pachycondyla_harpax,10.59427,-83.71651,Costa Rica,GABI,AOTW_Ponerinae_Occ_3220,CRI,valid
Pachycondyla_harpax,10.59427,-83.71651,Costa Rica,GABI,AOTW_Ponerinae_Occ_3221,CRI,valid
Pachycondyla_harpax,10.59427,-83.71651,Costa Rica,GABI,AOTW_Ponerinae_Occ_3222,CRI,valid
Pachycondyla_harpax,10.59427,-83.71651,Costa Rica,GABI,AOTW_Ponerinae_Occ_3223,CRI,valid
Pachycondyla_harpax,10.59427,-83.71651,Costa Rica,GABI,AOTW_Ponerinae_Occ_3224,CRI,valid
Pachycondyla_harpax,10.59427,-83.71651,Costa Rica,GABI,AOTW_Ponerinae_Occ_3225,CRI,valid
Pachycondyla_harpax,10.59427,-83.71651,Costa Rica,GABI,AOTW_Ponerinae_Occ_3226,CRI,valid
Pachycondyla_harpax,10.59427,-83.71651,Costa Rica,GABI,AOTW_Ponerinae_Occ_3227,CRI,valid
Pachycondyla_harpax,10.59427,-83.71651,Costa Rica,GABI,AOTW_Ponerinae_Occ_3228,CRI,valid
Pachycondyla_harpax,10.59427,-83.71651,Costa Rica,GABI,AOTW_Ponerinae_Occ_3229,CRI,valid
Pachycondyla_harpax,10.59427,-83.71651,Costa Rica,GABI,AOTW_Ponerinae_Occ_3230,CRI,valid
Pachycondyla_harpax,10.59427,-83.71651,Costa Rica,GABI,AOTW_Ponerinae_Occ_3231,CRI,valid
Pachycondyla_harpax,10.59427,-83.71651,Costa Rica,GABI,AOTW_Ponerinae_Occ_3232,CRI,valid
Pachycondyla_harpax,10.59427,-83.71651,Costa Rica,GABI,AOTW_Ponerinae_Occ_3233,CRI,valid
Pachycondyla_harpax,10.59427,-83.71651,Costa Rica,GABI,AOTW_Ponerinae_Occ_3234,CRI,valid
Pachycondyla_harpax,10.59427,-83.71651,Costa Rica,GABI,AOTW_Ponerinae_Occ_3235,CRI,valid
Pachycondyla_harpax,10.59427,-83.71651,Costa Rica,GABI,AOTW_Ponerinae_Occ_3236,CRI,valid
Pachycondyla_harpax,10.59427,-83.71651,Costa Rica,GABI,AOTW_Ponerinae_Occ_3237,CRI,valid
Pachycondyla_harpax,10.59427,-83.71651,Costa Rica,GABI,AOTW_Ponerinae_Occ_3238,CRI,valid
Pachycondyla_harpax,10.59427,-83.71651,Costa Rica,GABI,AOTW_Ponerinae_Occ_3239,CRI,valid
Pachycondyla_harpax,10.59427,-83.71651,Costa Rica,GABI,AOTW_Ponerinae_Occ_3240,CRI,valid
Pachycondyla_harpax,9.77429,-84.52746,Costa Rica,GABI,AOTW_Ponerinae_Occ_3241,CRI,valid
Pachycondyla_harpax,9.67538,-83.02678,Costa Rica,GABI,AOTW_Ponerinae_Occ_3242,CRI,valid
Pachycondyla_harpax,10.89064,-85.62029,Costa Rica,GABI,AOTW_Ponerinae_Occ_3243,CRI,valid
Pachycondyla_harpax,10.40126,-84.05023,Costa Rica,GABI,AOTW_Ponerinae_Occ_3244,CRI,valid
Pachycondyla_harpax,10.40126,-84.05023,Costa Rica,GABI,AOTW_Ponerinae_Occ_3245,CRI,valid
Pachycondyla_harpax,10.43919,-84.01092,Costa Rica,GABI,AOTW_Ponerinae_Occ_3246,CRI,valid
Pachycondyla_harpax,10.43919,-84.01092,Costa Rica,GABI,AOTW_Ponerinae_Occ_3247,CRI,valid
Pachycondyla_harpax,10.77678,-85.35191,Costa Rica,GABI,AOTW_Ponerinae_Occ_3248,CRI,valid
Pachycondyla_harpax,10.57106,-85.02595,Costa Rica,GABI,AOTW_Ponerinae_Occ_3249,CRI,valid
Pachycondyla_harpax,9.67177,-83.0277,Costa Rica,GABI,AOTW_Ponerinae_Occ_3250,CRI,valid
Pachycondyla_harpax,9.67177,-83.0277,Costa Rica,GABI,AOTW_Ponerinae_Occ_3251,CRI,valid
Pachycondyla_harpax,10.35,-84.05,Costa Rica,GABI,AOTW_Ponerinae_Occ_3252,CRI,valid
Pachycondyla_harpax,10.35,-84.05,Costa Rica,GABI,AOTW_Ponerinae_Occ_3253,CRI,valid
Pachycondyla_harpax,10.35,-84.05,Costa Rica,GABI,AOTW_Ponerinae_Occ_3254,CRI,valid
Pachycondyla_harpax,10.35,-84.05,Costa Rica,GABI,AOTW_Ponerinae_Occ_3255,CRI,valid
Pachycondyla_harpax,10.35,-84.05,Costa Rica,GABI,AOTW_Ponerinae_Occ_3256,CRI,valid
Pachycondyla_harpax,10.35,-84.05,Costa Rica,GABI,AOTW_Ponerinae_Occ_3257,CRI,valid
Pachycondyla_harpax,10.35,-84.05,Costa Rica,GABI,AOTW_Ponerinae_Occ_3258,CRI,valid
Pachycondyla_harpax,10.35,-84.05,Costa Rica,GABI,AOTW_Ponerinae_Occ_3259,CRI,valid
Pachycondyla_harpax,10.35,-84.05,Costa Rica,GABI,AOTW_Ponerinae_Occ_3260,CRI,valid
Pachycondyla_harpax,10.35,-84.05,Costa Rica,GABI,AOTW_Ponerinae_Occ_3261,CRI,valid
Pachycondyla_harpax,10.35,-84.05,Costa Rica,GABI,AOTW_Ponerinae_Occ_3262,CRI,valid
Pachycondyla_harpax,10.35,-84.05,Costa Rica,GABI,AOTW_Ponerinae_Occ_3263,CRI,valid
Pachycondyla_harpax,10.35,-84.05,Costa Rica,GABI,AOTW_Ponerinae_Occ_3264,CRI,valid
Pachycondyla_harpax,10.35,-84.05,Costa Rica,GABI,AOTW_Ponerinae_Occ_3265,CRI,valid
Pachycondyla_harpax,10.35,-84.05,Costa Rica,GABI,AOTW_Ponerinae_Occ_3266,CRI,valid
Pachycondyla_harpax,10.35,-84.05,Costa Rica,GABI,AOTW_Ponerinae_Occ_3267,CRI,valid
Pachycondyla_harpax,10.35,-84.05,Costa Rica,GABI,AOTW_Ponerinae_Occ_3268,CRI,valid
Pachycondyla_harpax,10.35,-84.05,Costa Rica,GABI,AOTW_Ponerinae_Occ_3269,CRI,valid
Pachycondyla_harpax,10.35,-84.05,Costa Rica,GABI,AOTW_Ponerinae_Occ_3270,CRI,valid
Pachycondyla_harpax,10.35,-84.05,Costa Rica,GABI,AOTW_Ponerinae_Occ_3271,CRI,valid
Pachycondyla_harpax,10.35,-84.05,Costa Rica,GABI,AOTW_Ponerinae_Occ_3272,CRI,valid
Pachycondyla_harpax,10.35,-84.05,Costa Rica,GABI,AOTW_Ponerinae_Occ_3273,CRI,valid
Pachycondyla_harpax,10.35,-84.05,Costa Rica,GABI,AOTW_Ponerinae_Occ_3274,CRI,valid
Pachycondyla_harpax,10.35,-84.05,Costa Rica,GABI,AOTW_Ponerinae_Occ_3275,CRI,valid
Pachycondyla_harpax,10.35,-84.05,Costa Rica,GABI,AOTW_Ponerinae_Occ_3276,CRI,valid
Pachycondyla_harpax,10.35,-84.05,Costa Rica,GABI,AOTW_Ponerinae_Occ_3277,CRI,valid
Pachycondyla_harpax,10.35,-84.05,Costa Rica,GABI,AOTW_Ponerinae_Occ_3278,CRI,valid
Pachycondyla_harpax,10.35,-84.05,Costa Rica,GABI,AOTW_Ponerinae_Occ_3279,CRI,valid
Pachycondyla_harpax,10.35,-84.05,Costa Rica,GABI,AOTW_Ponerinae_Occ_3280,CRI,valid
Pachycondyla_harpax,10.35,-84.05,Costa Rica,GABI,AOTW_Ponerinae_Occ_3281,CRI,valid
Pachycondyla_harpax,10.35,-84.05,Costa Rica,GABI,AOTW_Ponerinae_Occ_3282,CRI,valid
Pachycondyla_harpax,10.35,-84.05,Costa Rica,GABI,AOTW_Ponerinae_Occ_3283,CRI,valid
Pachycondyla_harpax,10.35,-84.05,Costa Rica,GABI,AOTW_Ponerinae_Occ_3284,CRI,valid
Pachycondyla_harpax,10.35,-84.05,Costa Rica,GABI,AOTW_Ponerinae_Occ_3285,CRI,valid
Pachycondyla_harpax,10.35,-84.05,Costa Rica,GABI,AOTW_Ponerinae_Occ_3286,CRI,valid
Pachycondyla_harpax,10.35,-84.05,Costa Rica,GABI,AOTW_Ponerinae_Occ_3287,CRI,valid
Pachycondyla_harpax,10.35,-84.05,Costa Rica,GABI,AOTW_Ponerinae_Occ_3288,CRI,valid
Pachycondyla_harpax,10.35,-84.05,Costa Rica,GABI,AOTW_Ponerinae_Occ_3289,CRI,valid
Pachycondyla_harpax,10.35,-84.05,Costa Rica,GABI,AOTW_Ponerinae_Occ_3290,CRI,valid
Pachycondyla_harpax,10.35,-84.05,Costa Rica,GABI,AOTW_Ponerinae_Occ_3291,CRI,valid
Pachycondyla_harpax,10.33333,-84.06667,Costa Rica,GABI,AOTW_Ponerinae_Occ_3292,CRI,valid
Pachycondyla_harpax,10.33333,-84.06667,Costa Rica,GABI,AOTW_Ponerinae_Occ_3293,CRI,valid
Pachycondyla_harpax,10.33333,-84.06667,Costa Rica,GABI,AOTW_Ponerinae_Occ_3294,CRI,valid
Pachycondyla_harpax,10.33333,-84.06667,Costa Rica,GABI,AOTW_Ponerinae_Occ_3295,CRI,valid
Pachycondyla_harpax,10.33333,-84.06667,Costa Rica,GABI,AOTW_Ponerinae_Occ_3296,CRI,valid
Pachycondyla_harpax,10.33333,-84.06667,Costa Rica,GABI,AOTW_Ponerinae_Occ_3297,CRI,valid
Pachycondyla_harpax,10.33333,-84.06667,Costa Rica,GABI,AOTW_Ponerinae_Occ_3298,CRI,valid
Pachycondyla_harpax,10.33333,-84.06667,Costa Rica,GABI,AOTW_Ponerinae_Occ_3299,CRI,valid
Pachycondyla_harpax,10.33333,-84.06667,Costa Rica,GABI,AOTW_Ponerinae_Occ_3300,CRI,valid
Pachycondyla_harpax,10.33333,-84.06667,Costa Rica,GABI,AOTW_Ponerinae_Occ_3301,CRI,valid
Pachycondyla_harpax,10.33333,-84.06667,Costa Rica,GABI,AOTW_Ponerinae_Occ_3302,CRI,valid
Pachycondyla_harpax,10.33333,-84.06667,Costa Rica,GABI,AOTW_Ponerinae_Occ_3303,CRI,valid
Pachycondyla_harpax,10.33333,-84.06667,Costa Rica,GABI,AOTW_Ponerinae_Occ_3304,CRI,valid
Pachycondyla_harpax,10.33333,-84.06667,Costa Rica,GABI,AOTW_Ponerinae_Occ_3305,CRI,valid
Pachycondyla_harpax,10.33333,-84.06667,Costa Rica,GABI,AOTW_Ponerinae_Occ_3306,CRI,valid
Pachycondyla_harpax,10.33333,-84.06667,Costa Rica,GABI,AOTW_Ponerinae_Occ_3307,CRI,valid
Pachycondyla_harpax,10.33333,-84.06667,Costa Rica,GABI,AOTW_Ponerinae_Occ_3308,CRI,valid
Pachycondyla_harpax,10.33333,-84.06667,Costa Rica,GABI,AOTW_Ponerinae_Occ_3309,CRI,valid
Pachycondyla_harpax,10.33333,-84.06667,Costa Rica,GABI,AOTW_Ponerinae_Occ_3310,CRI,valid
Pachycondyla_harpax,10.33333,-84.06667,Costa Rica,GABI,AOTW_Ponerinae_Occ_3311,CRI,valid
Pachycondyla_harpax,10.33333,-84.06667,Costa Rica,GABI,AOTW_Ponerinae_Occ_3312,CRI,valid
Pachycondyla_harpax,10.33333,-84.06667,Costa Rica,GABI,AOTW_Ponerinae_Occ_3313,CRI,valid
Pachycondyla_harpax,10.33333,-84.06667,Costa Rica,GABI,AOTW_Ponerinae_Occ_3314,CRI,valid
Pachycondyla_harpax,10.33333,-84.06667,Costa Rica,GABI,AOTW_Ponerinae_Occ_3315,CRI,valid
Pachycondyla_harpax,10.33333,-84.06667,Costa Rica,GABI,AOTW_Ponerinae_Occ_3316,CRI,valid
Pachycondyla_impressa,10.83641,-85.61549,Costa Rica,GABI,AOTW_Ponerinae_Occ_3317,CRI,valid
Pachycondyla_impressa,10.88965,-85.39893,Costa Rica,GABI,AOTW_Ponerinae_Occ_3318,CRI,valid
Pachycondyla_impressa,8.48017,-83.59129,Costa Rica,GABI,AOTW_Ponerinae_Occ_3319,CRI,valid
Pachycondyla_impressa,8.48017,-83.59129,Costa Rica,GABI,AOTW_Ponerinae_Occ_3320,CRI,valid
Pachycondyla_impressa,8.48017,-83.59129,Costa Rica,GABI,AOTW_Ponerinae_Occ_3321,CRI,valid
Pachycondyla_impressa,9.38773,-84.13281,Costa Rica,GABI,AOTW_Ponerinae_Occ_3322,CRI,valid
Pachycondyla_impressa,10.32804,-84.08042,Costa Rica,GABI,AOTW_Ponerinae_Occ_3323,CRI,valid
Pachycondyla_impressa,10.32804,-84.08042,Costa Rica,GABI,AOTW_Ponerinae_Occ_3324,CRI,valid
Pachycondyla_impressa,10.32804,-84.08042,Costa Rica,GABI,AOTW_Ponerinae_Occ_3325,CRI,valid
Pachycondyla_impressa,10.99261,-85.42948,Costa Rica,GABI,AOTW_Ponerinae_Occ_3326,CRI,valid
Pachycondyla_impressa,10.99261,-85.42948,Costa Rica,GABI,AOTW_Ponerinae_Occ_3327,CRI,valid
Pachycondyla_impressa,10.99261,-85.42948,Costa Rica,GABI,AOTW_Ponerinae_Occ_3328,CRI,valid
Pachycondyla_impressa,10.99261,-85.42948,Costa Rica,GABI,AOTW_Ponerinae_Occ_3329,CRI,valid
Pachycondyla_impressa,10.99261,-85.42948,Costa Rica,GABI,AOTW_Ponerinae_Occ_3330,CRI,valid
Pachycondyla_impressa,10.99261,-85.42948,Costa Rica,GABI,AOTW_Ponerinae_Occ_3331,CRI,valid
Pachycondyla_impressa,10.67564,-84.95489,Costa Rica,GABI,AOTW_Ponerinae_Occ_3332,CRI,valid
Pachycondyla_impressa,11.02246,-85.42592,Costa Rica,GABI,AOTW_Ponerinae_Occ_3333,CRI,valid
Pachycondyla_impressa,10.27672,-84.79662,Costa Rica,GABI,AOTW_Ponerinae_Occ_3334,CRI,valid
Pachycondyla_impressa,9.98995,-84.18285,Costa Rica,GABI,AOTW_Ponerinae_Occ_3335,CRI,valid
Pachycondyla_impressa,10.93008,-85.47042,Costa Rica,GABI,AOTW_Ponerinae_Occ_3336,CRI,valid
Pachycondyla_impressa,10.93008,-85.47042,Costa Rica,GABI,AOTW_Ponerinae_Occ_3337,CRI,valid
Pachycondyla_impressa,8.76885,-83.25676,Costa Rica,GABI,AOTW_Ponerinae_Occ_3338,CRI,valid
Pachycondyla_impressa,8.6791,-83.56671,Costa Rica,GABI,AOTW_Ponerinae_Occ_3339,CRI,valid
Pachycondyla_impressa,8.6791,-83.56671,Costa Rica,GABI,AOTW_Ponerinae_Occ_3340,CRI,valid
Pachycondyla_impressa,8.6791,-83.56671,Costa Rica,GABI,AOTW_Ponerinae_Occ_3341,CRI,valid
Pachycondyla_impressa,8.6791,-83.56671,Costa Rica,GABI,AOTW_Ponerinae_Occ_3342,CRI,valid
Pachycondyla_impressa,10.59427,-83.71651,Costa Rica,GABI,AOTW_Ponerinae_Occ_3343,CRI,valid
Pachycondyla_impressa,10.59427,-83.71651,Costa Rica,GABI,AOTW_Ponerinae_Occ_3344,CRI,valid
Pachycondyla_impressa,10.59427,-83.71651,Costa Rica,GABI,AOTW_Ponerinae_Occ_3345,CRI,valid
Pachycondyla_impressa,10.59427,-83.71651,Costa Rica,GABI,AOTW_Ponerinae_Occ_3346,CRI,valid
Pachycondyla_impressa,10.59427,-83.71651,Costa Rica,GABI,AOTW_Ponerinae_Occ_3347,CRI,valid
Pachycondyla_impressa,10.59427,-83.71651,Costa Rica,GABI,AOTW_Ponerinae_Occ_3348,CRI,valid
Pachycondyla_impressa,10.59427,-83.71651,Costa Rica,GABI,AOTW_Ponerinae_Occ_3349,CRI,valid
Pachycondyla_impressa,10.59427,-83.71651,Costa Rica,GABI,AOTW_Ponerinae_Occ_3350,CRI,valid
Pachycondyla_impressa,10.59427,-83.71651,Costa Rica,GABI,AOTW_Ponerinae_Occ_3351,CRI,valid
Pachycondyla_impressa,10.59427,-83.71651,Costa Rica,GABI,AOTW_Ponerinae_Occ_3352,CRI,valid
Pachycondyla_impressa,10.59427,-83.71651,Costa Rica,GABI,AOTW_Ponerinae_Occ_3353,CRI,valid
Pachycondyla_impressa,10.59427,-83.71651,Costa Rica,GABI,AOTW_Ponerinae_Occ_3354,CRI,valid
Pachycondyla_impressa,10.59427,-83.71651,Costa Rica,GABI,AOTW_Ponerinae_Occ_3355,CRI,valid
Pachycondyla_impressa,10.59427,-83.71651,Costa Rica,GABI,AOTW_Ponerinae_Occ_3356,CRI,valid
Pachycondyla_impressa,10.59427,-83.71651,Costa Rica,GABI,AOTW_Ponerinae_Occ_3357,CRI,valid
Pachycondyla_impressa,10.59427,-83.71651,Costa Rica,GABI,AOTW_Ponerinae_Occ_3358,CRI,valid
Pachycondyla_impressa,10.59427,-83.71651,Costa Rica,GABI,AOTW_Ponerinae_Occ_3359,CRI,valid
Pachycondyla_impressa,10.21953,-84.60076,Costa Rica,GABI,AOTW_Ponerinae_Occ_3360,CRI,valid
Pachycondyla_impressa,10.21953,-84.60076,Costa Rica,GABI,AOTW_Ponerinae_Occ_3361,CRI,valid
Pachycondyla_impressa,10.21953,-84.60076,Costa Rica,GABI,AOTW_Ponerinae_Occ_3362,CRI,valid
Pachycondyla_impressa,10.21953,-84.60076,Costa Rica,GABI,AOTW_Ponerinae_Occ_3363,CRI,valid
Pachycondyla_impressa,10.21953,-84.60076,Costa Rica,GABI,AOTW_Ponerinae_Occ_3364,CRI,valid
Pachycondyla_impressa,10.21953,-84.60076,Costa Rica,GABI,AOTW_Ponerinae_Occ_3365,CRI,valid
Pachycondyla_impressa,10.21953,-84.60076,Costa Rica,GABI,AOTW_Ponerinae_Occ_3366,CRI,valid
Pachycondyla_impressa,10.61046,-84.99497,Costa Rica,GABI,AOTW_Ponerinae_Occ_3367,CRI,valid
Pachycondyla_impressa,10.61046,-84.99497,Costa Rica,GABI,AOTW_Ponerinae_Occ_3368,CRI,valid
Pachycondyla_impressa,10.61046,-84.99497,Costa Rica,GABI,AOTW_Ponerinae_Occ_3369,CRI,valid
Pachycondyla_impressa,10.61046,-84.99497,Costa Rica,GABI,AOTW_Ponerinae_Occ_3370,CRI,valid
Pachycondyla_impressa,10.61046,-84.99497,Costa Rica,GABI,AOTW_Ponerinae_Occ_3371,CRI,valid
Pachycondyla_impressa,10.61046,-84.99497,Costa Rica,GABI,AOTW_Ponerinae_Occ_3372,CRI,valid
Pachycondyla_impressa,10.61046,-84.99497,Costa Rica,GABI,AOTW_Ponerinae_Occ_3373,CRI,valid
Pachycondyla_impressa,10.61046,-84.99497,Costa Rica,GABI,AOTW_Ponerinae_Occ_3374,CRI,valid
Pachycondyla_impressa,10.61046,-84.99497,Costa Rica,GABI,AOTW_Ponerinae_Occ_3375,CRI,valid
Pachycondyla_impressa,10.61046,-84.99497,Costa Rica,GABI,AOTW_Ponerinae_Occ_3376,CRI,valid
Pachycondyla_impressa,10.61046,-84.99497,Costa Rica,GABI,AOTW_Ponerinae_Occ_3377,CRI,valid
Pachycondyla_impressa,10.61046,-84.99497,Costa Rica,GABI,AOTW_Ponerinae_Occ_3378,CRI,valid
Pachycondyla_impressa,10.61046,-84.99497,Costa Rica,GABI,AOTW_Ponerinae_Occ_3379,CRI,valid
Pachycondyla_impressa,10.61046,-84.99497,Costa Rica,GABI,AOTW_Ponerinae_Occ_3380,CRI,valid
Pachycondyla_impressa,10.61046,-84.99497,Costa Rica,GABI,AOTW_Ponerinae_Occ_3381,CRI,valid
Pachycondyla_impressa,10.61046,-84.99497,Costa Rica,GABI,AOTW_Ponerinae_Occ_3382,CRI,valid
Pachycondyla_impressa,10.61046,-84.99497,Costa Rica,GABI,AOTW_Ponerinae_Occ_3383,CRI,valid
Pachycondyla_impressa,8.62304,-83.73662,Costa Rica,GABI,AOTW_Ponerinae_Occ_3384,CRI,valid
Pachycondyla_impressa,8.62304,-83.73662,Costa Rica,GABI,AOTW_Ponerinae_Occ_3385,CRI,valid
Pachycondyla_impressa,8.62304,-83.73662,Costa Rica,GABI,AOTW_Ponerinae_Occ_3386,CRI,valid
Pachycondyla_impressa,10.35,-84.05,Costa Rica,GABI,AOTW_Ponerinae_Occ_3387,CRI,valid
Pachycondyla_impressa,10.33333,-84.06667,Costa Rica,GABI,AOTW_Ponerinae_Occ_3388,CRI,valid
Pachycondyla_purpurascens,10.71833,-85.14472,Costa Rica,GABI,AOTW_Ponerinae_Occ_3389,CRI,valid
Pachycondyla_purpurascens,10.71833,-85.14472,Costa Rica,GABI,AOTW_Ponerinae_Occ_3390,CRI,valid
Pachycondyla_purpurascens,10.71833,-85.14472,Costa Rica,GABI,AOTW_Ponerinae_Occ_3391,CRI,valid
Pachycondyla_purpurascens,10.31209,-84.71998,Costa Rica,GABI,AOTW_Ponerinae_Occ_3392,CRI,valid
Pachycondyla_purpurascens,10.93008,-85.47042,Costa Rica,GABI,AOTW_Ponerinae_Occ_3393,CRI,valid
Pachycondyla_purpurascens,10.93008,-85.47042,Costa Rica,GABI,AOTW_Ponerinae_Occ_3394,CRI,valid
Pachycondyla_purpurascens,10.93008,-85.47042,Costa Rica,GABI,AOTW_Ponerinae_Occ_3395,CRI,valid
Pachycondyla_purpurascens,10.93008,-85.47042,Costa Rica,GABI,AOTW_Ponerinae_Occ_3396,CRI,valid
Pachycondyla_purpurascens,10.93008,-85.47042,Costa Rica,GABI,AOTW_Ponerinae_Occ_3397,CRI,valid
Pachycondyla_purpurascens,10.93008,-85.47042,Costa Rica,GABI,AOTW_Ponerinae_Occ_3398,CRI,valid
Pachycondyla_purpurascens,10.93008,-85.47042,Costa Rica,GABI,AOTW_Ponerinae_Occ_3399,CRI,valid
Pachycondyla_purpurascens,10.93008,-85.47042,Costa Rica,GABI,AOTW_Ponerinae_Occ_3400,CRI,valid
Pachycondyla_purpurascens,10.93008,-85.47042,Costa Rica,GABI,AOTW_Ponerinae_Occ_3401,CRI,valid
Pachycondyla_purpurascens,10.93008,-85.47042,Costa Rica,GABI,AOTW_Ponerinae_Occ_3402,CRI,valid
Pachycondyla_purpurascens,10.93008,-85.47042,Costa Rica,GABI,AOTW_Ponerinae_Occ_3403,CRI,valid
Pachycondyla_purpurascens,10.93008,-85.47042,Costa Rica,GABI,AOTW_Ponerinae_Occ_3404,CRI,valid
Pachycondyla_purpurascens,10.93008,-85.47042,Costa Rica,GABI,AOTW_Ponerinae_Occ_3405,CRI,valid
Pachycondyla_purpurascens,10.93008,-85.47042,Costa Rica,GABI,AOTW_Ponerinae_Occ_3406,CRI,valid
Pachycondyla_purpurascens,10.61046,-84.99497,Costa Rica,GABI,AOTW_Ponerinae_Occ_3407,CRI,valid
Pachycondyla_purpurascens,10.93008,-85.47042,Costa Rica,GABI,AOTW_Ponerinae_Occ_3408,CRI,valid
Pachycondyla_purpurascens,10.93008,-85.47042,Costa Rica,GABI,AOTW_Ponerinae_Occ_3409,CRI,valid
Pachycondyla_purpurascens,10.93008,-85.47042,Costa Rica,GABI,AOTW_Ponerinae_Occ_3410,CRI,valid
Pachycondyla_purpurascens,10.93008,-85.47042,Costa Rica,GABI,AOTW_Ponerinae_Occ_3411,CRI,valid
Pachycondyla_purpurascens,10.93008,-85.47042,Costa Rica,GABI,AOTW_Ponerinae_Occ_3412,CRI,valid
Pachycondyla_purpurascens,10.93008,-85.47042,Costa Rica,GABI,AOTW_Ponerinae_Occ_3413,CRI,valid
Pachycondyla_purpurascens,10.93008,-85.47042,Costa Rica,GABI,AOTW_Ponerinae_Occ_3414,CRI,valid
Pachycondyla_purpurascens,10.93008,-85.47042,Costa Rica,GABI,AOTW_Ponerinae_Occ_3415,CRI,valid
Pachycondyla_purpurascens,10.93008,-85.47042,Costa Rica,GABI,AOTW_Ponerinae_Occ_3416,CRI,valid
Pachycondyla_purpurascens,10.93008,-85.47042,Costa Rica,GABI,AOTW_Ponerinae_Occ_3417,CRI,valid
Pachycondyla_purpurascens,10.93008,-85.47042,Costa Rica,GABI,AOTW_Ponerinae_Occ_3418,CRI,valid
Pachycondyla_purpurascens,10.93008,-85.47042,Costa Rica,GABI,AOTW_Ponerinae_Occ_3419,CRI,valid
Pachycondyla_purpurascens,10.93008,-85.47042,Costa Rica,GABI,AOTW_Ponerinae_Occ_3420,CRI,valid
Pachycondyla_purpurascens,10.93008,-85.47042,Costa Rica,GABI,AOTW_Ponerinae_Occ_3421,CRI,valid
Pachycondyla_purpurascens,10.93008,-85.47042,Costa Rica,GABI,AOTW_Ponerinae_Occ_3422,CRI,valid
Pachycondyla_purpurascens,10.93008,-85.47042,Costa Rica,GABI,AOTW_Ponerinae_Occ_3423,CRI,valid
Pachycondyla_purpurascens,10.93008,-85.47042,Costa Rica,GABI,AOTW_Ponerinae_Occ_3424,CRI,valid
Pachycondyla_purpurascens,10.93008,-85.47042,Costa Rica,GABI,AOTW_Ponerinae_Occ_3425,CRI,valid
Pachycondyla_purpurascens,10.93008,-85.47042,Costa Rica,GABI,AOTW_Ponerinae_Occ_3426,CRI,valid
Pachycondyla_purpurascens,10.93008,-85.47042,Costa Rica,GABI,AOTW_Ponerinae_Occ_3427,CRI,valid
Pachycondyla_purpurascens,10.93008,-85.47042,Costa Rica,GABI,AOTW_Ponerinae_Occ_3428,CRI,valid
Pachycondyla_purpurascens,10.93008,-85.47042,Costa Rica,GABI,AOTW_Ponerinae_Occ_3429,CRI,valid
Pachycondyla_purpurascens,10.93008,-85.47042,Costa Rica,GABI,AOTW_Ponerinae_Occ_3430,CRI,valid
Pachycondyla_purpurascens,10.93008,-85.47042,Costa Rica,GABI,AOTW_Ponerinae_Occ_3431,CRI,valid
Pachycondyla_purpurascens,10.93008,-85.47042,Costa Rica,GABI,AOTW_Ponerinae_Occ_3432,CRI,valid
Pachycondyla_purpurascens,10.93008,-85.47042,Costa Rica,GABI,AOTW_Ponerinae_Occ_3433,CRI,valid
Pachycondyla_purpurascens,10.93008,-85.47042,Costa Rica,GABI,AOTW_Ponerinae_Occ_3434,CRI,valid
Pachycondyla_purpurascens,10.93008,-85.47042,Costa Rica,GABI,AOTW_Ponerinae_Occ_3435,CRI,valid
Pachycondyla_purpurascens,10.93008,-85.47042,Costa Rica,GABI,AOTW_Ponerinae_Occ_3436,CRI,valid
Pachycondyla_purpurascens,10.93008,-85.47042,Costa Rica,GABI,AOTW_Ponerinae_Occ_3437,CRI,valid
Pachycondyla_purpurascens,10.93008,-85.47042,Costa Rica,GABI,AOTW_Ponerinae_Occ_3438,CRI,valid
Pachycondyla_purpurascens,10.93008,-85.47042,Costa Rica,GABI,AOTW_Ponerinae_Occ_3439,CRI,valid
Pachycondyla_purpurascens,10.93008,-85.47042,Costa Rica,GABI,AOTW_Ponerinae_Occ_3440,CRI,valid
Pachycondyla_purpurascens,10.93008,-85.47042,Costa Rica,GABI,AOTW_Ponerinae_Occ_3441,CRI,valid
Pachycondyla_purpurascens,10.93008,-85.47042,Costa Rica,GABI,AOTW_Ponerinae_Occ_3442,CRI,valid
Pachycondyla_purpurascens,10.93008,-85.47042,Costa Rica,GABI,AOTW_Ponerinae_Occ_3443,CRI,valid
Pachycondyla_purpurascens,10.93008,-85.47042,Costa Rica,GABI,AOTW_Ponerinae_Occ_3444,CRI,valid
Pachycondyla_purpurascens,10.93008,-85.47042,Costa Rica,GABI,AOTW_Ponerinae_Occ_3445,CRI,valid
Pachycondyla_purpurascens,10.93008,-85.47042,Costa Rica,GABI,AOTW_Ponerinae_Occ_3446,CRI,valid
Pachycondyla_purpurascens,10.93008,-85.47042,Costa Rica,GABI,AOTW_Ponerinae_Occ_3447,CRI,valid
Pachycondyla_purpurascens,10.93008,-85.47042,Costa Rica,GABI,AOTW_Ponerinae_Occ_3448,CRI,valid
Pachycondyla_purpurascens,10.93008,-85.47042,Costa Rica,GABI,AOTW_Ponerinae_Occ_3449,CRI,valid
Pachycondyla_purpurascens,10.93008,-85.47042,Costa Rica,GABI,AOTW_Ponerinae_Occ_3450,CRI,valid
Pachycondyla_purpurascens,10.93008,-85.47042,Costa Rica,GABI,AOTW_Ponerinae_Occ_3451,CRI,valid
Pachycondyla_purpurascens,10.93008,-85.47042,Costa Rica,GABI,AOTW_Ponerinae_Occ_3452,CRI,valid
Pachycondyla_purpurascens,10.93008,-85.47042,Costa Rica,GABI,AOTW_Ponerinae_Occ_3453,CRI,valid
Pachycondyla_purpurascens,10.93008,-85.47042,Costa Rica,GABI,AOTW_Ponerinae_Occ_3454,CRI,valid
Pachycondyla_purpurascens,10.93008,-85.47042,Costa Rica,GABI,AOTW_Ponerinae_Occ_3455,CRI,valid
Pachycondyla_purpurascens,10.93008,-85.47042,Costa Rica,GABI,AOTW_Ponerinae_Occ_3456,CRI,valid
Pachycondyla_purpurascens,10.93008,-85.47042,Costa Rica,GABI,AOTW_Ponerinae_Occ_3457,CRI,valid
Pachycondyla_purpurascens,10.93008,-85.47042,Costa Rica,GABI,AOTW_Ponerinae_Occ_3458,CRI,valid
Pachycondyla_purpurascens,10.93008,-85.47042,Costa Rica,GABI,AOTW_Ponerinae_Occ_3459,CRI,valid
Pachycondyla_purpurascens,10.93008,-85.47042,Costa Rica,GABI,AOTW_Ponerinae_Occ_3460,CRI,valid
Pachycondyla_purpurascens,10.93008,-85.47042,Costa Rica,GABI,AOTW_Ponerinae_Occ_3461,CRI,valid
Pachycondyla_purpurascens,10.93008,-85.47042,Costa Rica,GABI,AOTW_Ponerinae_Occ_3462,CRI,valid
Pachycondyla_purpurascens,10.93008,-85.47042,Costa Rica,GABI,AOTW_Ponerinae_Occ_3463,CRI,valid
Pachycondyla_purpurascens,10.93008,-85.47042,Costa Rica,GABI,AOTW_Ponerinae_Occ_3464,CRI,valid
Pachycondyla_purpurascens,10.93008,-85.47042,Costa Rica,GABI,AOTW_Ponerinae_Occ_3465,CRI,valid
Pachycondyla_purpurascens,10.93008,-85.47042,Costa Rica,GABI,AOTW_Ponerinae_Occ_3466,CRI,valid
Pachycondyla_purpurascens,10.93008,-85.47042,Costa Rica,GABI,AOTW_Ponerinae_Occ_3467,CRI,valid
Pachycondyla_purpurascens,10.93008,-85.47042,Costa Rica,GABI,AOTW_Ponerinae_Occ_3468,CRI,valid
Pachycondyla_purpurascens,10.93008,-85.47042,Costa Rica,GABI,AOTW_Ponerinae_Occ_3469,CRI,valid
Pachycondyla_purpurascens,10.93008,-85.47042,Costa Rica,GABI,AOTW_Ponerinae_Occ_3470,CRI,valid
Pachycondyla_purpurascens,10.93008,-85.47042,Costa Rica,GABI,AOTW_Ponerinae_Occ_3471,CRI,valid
Pachycondyla_purpurascens,10.93008,-85.47042,Costa Rica,GABI,AOTW_Ponerinae_Occ_3472,CRI,valid
Pachycondyla_purpurascens,10.93008,-85.47042,Costa Rica,GABI,AOTW_Ponerinae_Occ_3473,CRI,valid
Pachycondyla_purpurascens,10.93008,-85.47042,Costa Rica,GABI,AOTW_Ponerinae_Occ_3474,CRI,valid
Pachycondyla_purpurascens,10.93008,-85.47042,Costa Rica,GABI,AOTW_Ponerinae_Occ_3475,CRI,valid
Pachycondyla_purpurascens,10.93008,-85.47042,Costa Rica,GABI,AOTW_Ponerinae_Occ_3476,CRI,valid
Pachycondyla_purpurascens,10.93008,-85.47042,Costa Rica,GABI,AOTW_Ponerinae_Occ_3477,CRI,valid
Pachycondyla_purpurascens,10.93008,-85.47042,Costa Rica,GABI,AOTW_Ponerinae_Occ_3478,CRI,valid
Pachycondyla_purpurascens,10.93008,-85.47042,Costa Rica,GABI,AOTW_Ponerinae_Occ_3479,CRI,valid
Pachycondyla_purpurascens,10.93008,-85.47042,Costa Rica,GABI,AOTW_Ponerinae_Occ_3480,CRI,valid
Pachycondyla_purpurascens,10.93008,-85.47042,Costa Rica,GABI,AOTW_Ponerinae_Occ_3481,CRI,valid
Pachycondyla_purpurascens,10.93008,-85.47042,Costa Rica,GABI,AOTW_Ponerinae_Occ_3482,CRI,valid
Pachycondyla_purpurascens,10.93008,-85.47042,Costa Rica,GABI,AOTW_Ponerinae_Occ_3483,CRI,valid
Pachycondyla_purpurascens,10.93008,-85.47042,Costa Rica,GABI,AOTW_Ponerinae_Occ_3484,CRI,valid
Pachycondyla_purpurascens,10.93008,-85.47042,Costa Rica,GABI,AOTW_Ponerinae_Occ_3485,CRI,valid
Pachycondyla_purpurascens,10.93008,-85.47042,Costa Rica,GABI,AOTW_Ponerinae_Occ_3486,CRI,valid
Pachycondyla_purpurascens,10.93008,-85.47042,Costa Rica,GABI,AOTW_Ponerinae_Occ_3487,CRI,valid
Pachycondyla_purpurascens,10.93008,-85.47042,Costa Rica,GABI,AOTW_Ponerinae_Occ_3488,CRI,valid
Pachycondyla_purpurascens,10.93008,-85.47042,Costa Rica,GABI,AOTW_Ponerinae_Occ_3489,CRI,valid
Pachycondyla_purpurascens,10.93008,-85.47042,Costa Rica,GABI,AOTW_Ponerinae_Occ_3490,CRI,valid
Pachycondyla_purpurascens,10.93008,-85.47042,Costa Rica,GABI,AOTW_Ponerinae_Occ_3491,CRI,valid
Pachycondyla_purpurascens,10.93008,-85.47042,Costa Rica,GABI,AOTW_Ponerinae_Occ_3492,CRI,valid
Pachycondyla_purpurascens,10.93008,-85.47042,Costa Rica,GABI,AOTW_Ponerinae_Occ_3493,CRI,valid
Pachycondyla_purpurascens,10.93008,-85.47042,Costa Rica,GABI,AOTW_Ponerinae_Occ_3494,CRI,valid
Pachycondyla_purpurascens,10.93008,-85.47042,Costa Rica,GABI,AOTW_Ponerinae_Occ_3495,CRI,valid
Pachycondyla_purpurascens,10.93008,-85.47042,Costa Rica,GABI,AOTW_Ponerinae_Occ_3496,CRI,valid
Pachycondyla_purpurascens,10.93008,-85.47042,Costa Rica,GABI,AOTW_Ponerinae_Occ_3497,CRI,valid
Pachycondyla_purpurascens,10.93008,-85.47042,Costa Rica,GABI,AOTW_Ponerinae_Occ_3498,CRI,valid
Pachycondyla_purpurascens,10.93008,-85.47042,Costa Rica,GABI,AOTW_Ponerinae_Occ_3499,CRI,valid
Pachycondyla_purpurascens,10.93008,-85.47042,Costa Rica,GABI,AOTW_Ponerinae_Occ_3500,CRI,valid
Pachycondyla_purpurascens,10.93008,-85.47042,Costa Rica,GABI,AOTW_Ponerinae_Occ_3501,CRI,valid
Pachycondyla_purpurascens,10.93008,-85.47042,Costa Rica,GABI,AOTW_Ponerinae_Occ_3502,CRI,valid
Pachycondyla_purpurascens,10.93008,-85.47042,Costa Rica,GABI,AOTW_Ponerinae_Occ_3503,CRI,valid
Pachycondyla_purpurascens,10.93008,-85.47042,Costa Rica,GABI,AOTW_Ponerinae_Occ_3504,CRI,valid
Pachycondyla_purpurascens,10.93008,-85.47042,Costa Rica,GABI,AOTW_Ponerinae_Occ_3505,CRI,valid
Pachycondyla_purpurascens,10.93008,-85.47042,Costa Rica,GABI,AOTW_Ponerinae_Occ_3506,CRI,valid
Pachycondyla_purpurascens,10.93008,-85.47042,Costa Rica,GABI,AOTW_Ponerinae_Occ_3507,CRI,valid
Pachycondyla_purpurascens,10.93008,-85.47042,Costa Rica,GABI,AOTW_Ponerinae_Occ_3508,CRI,valid
Pachycondyla_purpurascens,10.93008,-85.47042,Costa Rica,GABI,AOTW_Ponerinae_Occ_3509,CRI,valid
Pachycondyla_purpurascens,10.93008,-85.47042,Costa Rica,GABI,AOTW_Ponerinae_Occ_3510,CRI,valid
Pachycondyla_purpurascens,10.93008,-85.47042,Costa Rica,GABI,AOTW_Ponerinae_Occ_3511,CRI,valid
Pachycondyla_purpurascens,10.93008,-85.47042,Costa Rica,GABI,AOTW_Ponerinae_Occ_3512,CRI,valid
Pachycondyla_purpurascens,10.93008,-85.47042,Costa Rica,GABI,AOTW_Ponerinae_Occ_3513,CRI,valid
Pachycondyla_purpurascens,10.93008,-85.47042,Costa Rica,GABI,AOTW_Ponerinae_Occ_3514,CRI,valid
Pachycondyla_purpurascens,10.93008,-85.47042,Costa Rica,GABI,AOTW_Ponerinae_Occ_3515,CRI,valid
Pachycondyla_purpurascens,10.93008,-85.47042,Costa Rica,GABI,AOTW_Ponerinae_Occ_3516,CRI,valid
Pachycondyla_purpurascens,10.93008,-85.47042,Costa Rica,GABI,AOTW_Ponerinae_Occ_3517,CRI,valid
Pachycondyla_purpurascens,10.93008,-85.47042,Costa Rica,GABI,AOTW_Ponerinae_Occ_3518,CRI,valid
Pachycondyla_purpurascens,10.93008,-85.47042,Costa Rica,GABI,AOTW_Ponerinae_Occ_3519,CRI,valid
Pachycondyla_purpurascens,10.93008,-85.47042,Costa Rica,GABI,AOTW_Ponerinae_Occ_3520,CRI,valid
Pachycondyla_purpurascens,10.93008,-85.47042,Costa Rica,GABI,AOTW_Ponerinae_Occ_3521,CRI,valid
Pachycondyla_purpurascens,10.93008,-85.47042,Costa Rica,GABI,AOTW_Ponerinae_Occ_3522,CRI,valid
Pachycondyla_purpurascens,10.93008,-85.47042,Costa Rica,GABI,AOTW_Ponerinae_Occ_3523,CRI,valid
Pachycondyla_purpurascens,10.93008,-85.47042,Costa Rica,GABI,AOTW_Ponerinae_Occ_3524,CRI,valid
Pachycondyla_purpurascens,10.93008,-85.47042,Costa Rica,GABI,AOTW_Ponerinae_Occ_3525,CRI,valid
Pachycondyla_purpurascens,10.93008,-85.47042,Costa Rica,GABI,AOTW_Ponerinae_Occ_3526,CRI,valid
Pachycondyla_purpurascens,10.93008,-85.47042,Costa Rica,GABI,AOTW_Ponerinae_Occ_3527,CRI,valid
Pachycondyla_purpurascens,10.93008,-85.47042,Costa Rica,GABI,AOTW_Ponerinae_Occ_3528,CRI,valid
Pachycondyla_purpurascens,10.93008,-85.47042,Costa Rica,GABI,AOTW_Ponerinae_Occ_3529,CRI,valid
Pachycondyla_purpurascens,10.93008,-85.47042,Costa Rica,GABI,AOTW_Ponerinae_Occ_3530,CRI,valid
Pachycondyla_purpurascens,10.93008,-85.47042,Costa Rica,GABI,AOTW_Ponerinae_Occ_3531,CRI,valid
Pachycondyla_purpurascens,10.93008,-85.47042,Costa Rica,GABI,AOTW_Ponerinae_Occ_3532,CRI,valid
Pachycondyla_purpurascens,10.93008,-85.47042,Costa Rica,GABI,AOTW_Ponerinae_Occ_3533,CRI,valid
Pachycondyla_purpurascens,10.93008,-85.47042,Costa Rica,GABI,AOTW_Ponerinae_Occ_3534,CRI,valid
Pachycondyla_purpurascens,10.93008,-85.47042,Costa Rica,GABI,AOTW_Ponerinae_Occ_3535,CRI,valid
Pachycondyla_purpurascens,10.93008,-85.47042,Costa Rica,GABI,AOTW_Ponerinae_Occ_3536,CRI,valid
Pachycondyla_purpurascens,10.93008,-85.47042,Costa Rica,GABI,AOTW_Ponerinae_Occ_3537,CRI,valid
Pachycondyla_purpurascens,10.93008,-85.47042,Costa Rica,GABI,AOTW_Ponerinae_Occ_3538,CRI,valid
Pachycondyla_purpurascens,10.93008,-85.47042,Costa Rica,GABI,AOTW_Ponerinae_Occ_3539,CRI,valid
Pachycondyla_purpurascens,10.93008,-85.47042,Costa Rica,GABI,AOTW_Ponerinae_Occ_3540,CRI,valid
Pachycondyla_purpurascens,10.93008,-85.47042,Costa Rica,GABI,AOTW_Ponerinae_Occ_3541,CRI,valid
Pachycondyla_purpurascens,10.93008,-85.47042,Costa Rica,GABI,AOTW_Ponerinae_Occ_3542,CRI,valid
Pachycondyla_purpurascens,10.93008,-85.47042,Costa Rica,GABI,AOTW_Ponerinae_Occ_3543,CRI,valid
Pachycondyla_purpurascens,10.93008,-85.47042,Costa Rica,GABI,AOTW_Ponerinae_Occ_3544,CRI,valid
Pachycondyla_purpurascens,10.93008,-85.47042,Costa Rica,GABI,AOTW_Ponerinae_Occ_3545,CRI,valid
Pachycondyla_purpurascens,10.93008,-85.47042,Costa Rica,GABI,AOTW_Ponerinae_Occ_3546,CRI,valid
Pachycondyla_purpurascens,10.93008,-85.47042,Costa Rica,GABI,AOTW_Ponerinae_Occ_3547,CRI,valid
Pachycondyla_purpurascens,10.93008,-85.47042,Costa Rica,GABI,AOTW_Ponerinae_Occ_3548,CRI,valid
Pachycondyla_purpurascens,10.93008,-85.47042,Costa Rica,GABI,AOTW_Ponerinae_Occ_3549,CRI,valid
Pachycondyla_purpurascens,10.93008,-85.47042,Costa Rica,GABI,AOTW_Ponerinae_Occ_3550,CRI,valid
Pachycondyla_purpurascens,10.93008,-85.47042,Costa Rica,GABI,AOTW_Ponerinae_Occ_3551,CRI,valid
Pachycondyla_purpurascens,10.93008,-85.47042,Costa Rica,GABI,AOTW_Ponerinae_Occ_3552,CRI,valid
Pachycondyla_purpurascens,10.93008,-85.47042,Costa Rica,GABI,AOTW_Ponerinae_Occ_3553,CRI,valid
Pachycondyla_purpurascens,9.97216,-83.6922,Costa Rica,GABI,AOTW_Ponerinae_Occ_3554,CRI,valid
Pachycondyla_purpurascens,9.97216,-83.6922,Costa Rica,GABI,AOTW_Ponerinae_Occ_3555,CRI,valid
Pachycondyla_purpurascens,10.61046,-84.99497,Costa Rica,GABI,AOTW_Ponerinae_Occ_3556,CRI,valid
Pachycondyla_purpurascens,10.61046,-84.99497,Costa Rica,GABI,AOTW_Ponerinae_Occ_3557,CRI,valid
Pachycondyla_purpurascens,10.61046,-84.99497,Costa Rica,GABI,AOTW_Ponerinae_Occ_3558,CRI,valid
Pachycondyla_purpurascens,10.61046,-84.99497,Costa Rica,GABI,AOTW_Ponerinae_Occ_3559,CRI,valid
Pachycondyla_purpurascens,10.61046,-84.99497,Costa Rica,GABI,AOTW_Ponerinae_Occ_3560,CRI,valid
Pachycondyla_purpurascens,10.61046,-84.99497,Costa Rica,GABI,AOTW_Ponerinae_Occ_3561,CRI,valid
Pachycondyla_purpurascens,10.61046,-84.99497,Costa Rica,GABI,AOTW_Ponerinae_Occ_3562,CRI,valid
Pachycondyla_purpurascens,10.61046,-84.99497,Costa Rica,GABI,AOTW_Ponerinae_Occ_3563,CRI,valid
Pachycondyla_purpurascens,10.61046,-84.99497,Costa Rica,GABI,AOTW_Ponerinae_Occ_3564,CRI,valid
Pachycondyla_purpurascens,10.61046,-84.99497,Costa Rica,GABI,AOTW_Ponerinae_Occ_3565,CRI,valid
Pachycondyla_purpurascens,10.61046,-84.99497,Costa Rica,GABI,AOTW_Ponerinae_Occ_3566,CRI,valid
Pachycondyla_purpurascens,10.61046,-84.99497,Costa Rica,GABI,AOTW_Ponerinae_Occ_3567,CRI,valid
Pachycondyla_purpurascens,10.61046,-84.99497,Costa Rica,GABI,AOTW_Ponerinae_Occ_3568,CRI,valid
Pachycondyla_purpurascens,10.61046,-84.99497,Costa Rica,GABI,AOTW_Ponerinae_Occ_3569,CRI,valid
Pachycondyla_purpurascens,9.81836,-83.45916,Costa Rica,GABI,AOTW_Ponerinae_Occ_3570,CRI,valid
Pachycondyla_purpurascens,9.81836,-83.45916,Costa Rica,GABI,AOTW_Ponerinae_Occ_3571,CRI,valid
Platythyrea_pilosula,10.35,-84.05,Costa Rica,GABI,AOTW_Ponerinae_Occ_3572,CRI,valid
Simopelta_longinoda,10.23617,-84.11767,Costa Rica,GABI,AOTW_Ponerinae_Occ_3573,CRI,valid
Simopelta_oculata,10.23617,-84.11767,Costa Rica,GABI,AOTW_Ponerinae_Occ_3574,CRI,valid
Simopelta_pergandei,10.35,-84.05,Costa Rica,GABI,AOTW_Ponerinae_Occ_3575,CRI,valid
Odontomachus_haematodus,-19.9167,-40.6,Brazil,GABI,AOTW_Ponerinae_Occ_3576,BRA,valid
Pachycondyla_striata,-19.9167,-40.6,Brazil,GABI,AOTW_Ponerinae_Occ_3577,BRA,valid
Pachycondyla_striata,-19.9167,-40.6,Brazil,GABI,AOTW_Ponerinae_Occ_3578,BRA,valid
Ponera_pennsylvanica,40.14408,-88.16598,United States of America,GABI,AOTW_Ponerinae_Occ_3579,USA,valid
Neoponera_villosa,-7.65,-48.45,Brazil,GABI,AOTW_Ponerinae_Occ_3580,BRA,valid
Mayaponera_constricta,6.355,-58.6114,Guyana,GABI,AOTW_Ponerinae_Occ_3581,GUY,valid
Odontomachus_haematodus,-22.5108,-43.1844,Brazil,GABI,AOTW_Ponerinae_Occ_3582,BRA,valid
Leptogenys_intermedia,-25.7089,28.94265,South Africa,GABI,AOTW_Ponerinae_Occ_3583,ZAF,valid
Hypoponera_trigona,-22.1333,-45.5333,Brazil,GABI,AOTW_Ponerinae_Occ_3584,BRA,valid
Neoponera_apicalis,3.36917,-73.8681,Colombia,GABI,AOTW_Ponerinae_Occ_3585,COL,valid
Neoponera_verenae,3.36917,-73.8681,Colombia,GABI,AOTW_Ponerinae_Occ_3586,COL,valid
Odontomachus_bauri,4.3144,-72.0825,Colombia,GABI,AOTW_Ponerinae_Occ_3587,COL,valid
Odontomachus_bauri,4.1547,-73.6419,Colombia,GABI,AOTW_Ponerinae_Occ_3588,COL,valid
Odontomachus_haematodus,3.46361,-73.6228,Colombia,GABI,AOTW_Ponerinae_Occ_3589,COL,valid
Pachycondyla_crassinoda,4.08722,-72.9583,Colombia,GABI,AOTW_Ponerinae_Occ_3590,COL,valid
Pachycondyla_crassinoda,3.36917,-73.8681,Colombia,GABI,AOTW_Ponerinae_Occ_3591,COL,valid
Pachycondyla_crassinoda,4.31444,-72.0825,Colombia,GABI,AOTW_Ponerinae_Occ_3592,COL,valid
Pachycondyla_crassinoda,4.08722,-72.9583,Colombia,GABI,AOTW_Ponerinae_Occ_3593,COL,valid
Pachycondyla_crassinoda,3.36917,-73.8681,Colombia,GABI,AOTW_Ponerinae_Occ_3594,COL,valid
Neoponera_fauveli,4.56667,-75.7,Colombia,GABI,AOTW_Ponerinae_Occ_3595,COL,valid
Pachycondyla_crassinoda,3.93556,-76.68833,Colombia,GABI,AOTW_Ponerinae_Occ_3596,COL,valid
Pachycondyla_harpax,3.93556,-76.68833,Colombia,GABI,AOTW_Ponerinae_Occ_3597,COL,valid
Neoponera_unidentata,5.71667,-77.26667,Colombia,GABI,AOTW_Ponerinae_Occ_3598,COL,valid
Odontomachus_bauri,1.47,-78.6344,Colombia,GABI,AOTW_Ponerinae_Occ_3599,COL,valid
Mayaponera_constricta,4.33333,-76.06667,Colombia,GABI,AOTW_Ponerinae_Occ_3600,COL,valid
Mayaponera_constricta,4.33333,-76.06667,Colombia,GABI,AOTW_Ponerinae_Occ_3601,COL,valid
Mayaponera_constricta,4.33333,-76.06667,Colombia,GABI,AOTW_Ponerinae_Occ_3602,COL,valid
Mayaponera_constricta,4.33333,-76.06667,Colombia,GABI,AOTW_Ponerinae_Occ_3603,COL,valid
Mayaponera_constricta,4.33333,-76.06667,Colombia,GABI,AOTW_Ponerinae_Occ_3604,COL,valid
Neoponera_apicalis,3.61667,-76.88333,Colombia,GABI,AOTW_Ponerinae_Occ_3605,COL,valid
Neoponera_obscuricornis,3.83333,-76.3,Colombia,GABI,AOTW_Ponerinae_Occ_3606,COL,valid
Odontomachus_bauri,3.8933,-77.07,Colombia,GABI,AOTW_Ponerinae_Occ_3607,COL,valid
Odontomachus_chelifer,4.16667,-77.25,Colombia,GABI,AOTW_Ponerinae_Occ_3608,COL,valid
Odontomachus_chelifer,3.83333,-76.3,Colombia,GABI,AOTW_Ponerinae_Occ_3609,COL,valid
Odontomachus_erythrocephalus,1.0723,-70.6756,Colombia,GABI,AOTW_Ponerinae_Occ_3610,COL,valid
Odontomachus_erythrocephalus,4.08667,-76.20028,Colombia,GABI,AOTW_Ponerinae_Occ_3611,COL,valid
Odontomachus_erythrocephalus,3.8933,-77.07,Colombia,GABI,AOTW_Ponerinae_Occ_3612,COL,valid
Odontomachus_hastatus,3.8933,-77.07,Colombia,GABI,AOTW_Ponerinae_Occ_3613,COL,valid
Pachycondyla_harpax,3.89333,-77.07,Colombia,GABI,AOTW_Ponerinae_Occ_3614,COL,valid
Pachycondyla_impressa,4.33333,-76.08333,Colombia,GABI,AOTW_Ponerinae_Occ_3615,COL,valid
Pseudoponera_stigma,3.6,-76.06667,Colombia,GABI,AOTW_Ponerinae_Occ_3616,COL,valid
Simopelta_pergandei,3.6,-76.06667,Colombia,GABI,AOTW_Ponerinae_Occ_3617,COL,valid
Simopelta_williamsi,3.6,-76.06667,Colombia,GABI,AOTW_Ponerinae_Occ_3618,COL,valid
Simopelta_williamsi,3.6,-76.06667,Colombia,GABI,AOTW_Ponerinae_Occ_3619,COL,valid
Neoponera_apicalis,-4.2167,-56.0167,Brazil,GABI,AOTW_Ponerinae_Occ_3620,BRA,valid
Pachycondyla_crassinoda,-1.45583,-48.5044,Brazil,GABI,AOTW_Ponerinae_Occ_3621,BRA,valid
Platythyrea_angusta,-8.25778,-49.2647,Brazil,GABI,AOTW_Ponerinae_Occ_3622,BRA,valid
Pachycondyla_striata,-26.0967,-49.7933,Brazil,GABI,AOTW_Ponerinae_Occ_3623,BRA,valid
Pachycondyla_striata,-25.9833,-53.75,Brazil,GABI,AOTW_Ponerinae_Occ_3624,BRA,valid
Leptogenys_unistimulosa,-9.4333,-40.75,Brazil,GABI,AOTW_Ponerinae_Occ_3625,BRA,valid
Odontomachus_chelifer,-8.3667,-36.7,Brazil,GABI,AOTW_Ponerinae_Occ_3626,BRA,valid
Odontomachus_haematodus,-7.8667,-37.8667,Brazil,GABI,AOTW_Ponerinae_Occ_3627,BRA,valid
Leptogenys_intermedia,-24.91413,30.10386,South Africa,GABI,AOTW_Ponerinae_Occ_3628,ZAF,valid
Diacamma_australe,-9.915,144.05194,Australia,GABI,AOTW_Ponerinae_Occ_3629,AUS,valid
Neoponera_crenata,-22.7,-42.8833,Brazil,GABI,AOTW_Ponerinae_Occ_3630,BRA,valid
Neoponera_villosa,-22.9,-43.2333,Brazil,GABI,AOTW_Ponerinae_Occ_3631,BRA,valid
Dinoponera_gigantea,-30.0333,-51.2,Brazil,GABI,AOTW_Ponerinae_Occ_3632,BRA,valid
Odontomachus_chelifer,-29.65,-51.4,Brazil,GABI,AOTW_Ponerinae_Occ_3633,BRA,valid
Pachycondyla_striata,-29.3667,-51.1333,Brazil,GABI,AOTW_Ponerinae_Occ_3634,BRA,valid
Neoponera_crenata,-10.8853,-61.9517,Brazil,GABI,AOTW_Ponerinae_Occ_3635,BRA,valid
Odontomachus_biumbonatus,-10.7828,-65.3394,Brazil,GABI,AOTW_Ponerinae_Occ_3636,BRA,valid
Hypoponera_distinguenda,-26.8833,-48.65,Brazil,GABI,AOTW_Ponerinae_Occ_3637,BRA,valid
Hypoponera_foreli,-26.9333,-49.05,Brazil,GABI,AOTW_Ponerinae_Occ_3638,BRA,valid
Anochetus_altisquamis,-23.5333,-46.6167,Brazil,GABI,AOTW_Ponerinae_Occ_3639,BRA,valid
Dinoponera_quadriceps,-11.2739,-37.79,Brazil,GABI,AOTW_Ponerinae_Occ_3640,BRA,valid
Leptogenys_intermedia,-24.91413,30.10386,South Africa,GABI,AOTW_Ponerinae_Occ_3641,ZAF,valid
Leptogenys_intermedia,-24.91413,30.10386,South Africa,GABI,AOTW_Ponerinae_Occ_3642,ZAF,valid
Leptogenys_intermedia,-24.96678,30.09208,South Africa,GABI,AOTW_Ponerinae_Occ_3643,ZAF,valid
Leptogenys_intermedia,-24.96678,30.09208,South Africa,GABI,AOTW_Ponerinae_Occ_3644,ZAF,valid
Leptogenys_intermedia,-24.96678,30.09208,South Africa,GABI,AOTW_Ponerinae_Occ_3645,ZAF,valid
Leptogenys_intermedia,-24.96678,30.09208,South Africa,GABI,AOTW_Ponerinae_Occ_3646,ZAF,valid
Leptogenys_intermedia,-24.82319,30.31082,South Africa,GABI,AOTW_Ponerinae_Occ_3647,ZAF,valid
Leptogenys_intermedia,-24.9662,30.40195,South Africa,GABI,AOTW_Ponerinae_Occ_3648,ZAF,valid
Leptogenys_intermedia,-24.97018,30.40264,South Africa,GABI,AOTW_Ponerinae_Occ_3649,ZAF,valid
Leptogenys_intermedia,-25.77555,28.29798,South Africa,GABI,AOTW_Ponerinae_Occ_3650,ZAF,valid
Ponera_pennsylvanica,45.87021,-82.54186,Canada,GABI,AOTW_Ponerinae_Occ_3651,CAN,valid
Ponera_pennsylvanica,42.7077,-80.34139,Canada,GABI,AOTW_Ponerinae_Occ_3652,CAN,valid
Leptogenys_intermedia,-25.77555,28.29798,South Africa,GABI,AOTW_Ponerinae_Occ_3653,ZAF,valid
Odontomachus_clarus,30.35392,-101.40381,United States of America,GABI,AOTW_Ponerinae_Occ_3654,USA,valid
Ponera_pennsylvanica,41.71,-87.96,United States of America,GABI,AOTW_Ponerinae_Occ_3655,USA,valid
Odontomachus_relictus,28.383333,-81.6,United States of America,GABI,AOTW_Ponerinae_Occ_3656,USA,valid
Leptogenys_elongata,29.77868,-98.48145,United States of America,GABI,AOTW_Ponerinae_Occ_3657,USA,valid
Leptogenys_elongata,29.598119,-99.73999,United States of America,GABI,AOTW_Ponerinae_Occ_3658,USA,valid
Ponera_pennsylvanica,30.31667,-93.26667,United States of America,GABI,AOTW_Ponerinae_Occ_3659,USA,valid
Odontomachus_clarus,30.93757,-99.86847,United States of America,GABI,AOTW_Ponerinae_Occ_3660,USA,valid
Odontomachus_clarus,31.24683,-95.41351,United States of America,GABI,AOTW_Ponerinae_Occ_3661,USA,valid
Leptogenys_elongata,32.12911,-100.12939,United States of America,GABI,AOTW_Ponerinae_Occ_3662,USA,valid
Leptogenys_elongata,29.23848,-100.26672,United States of America,GABI,AOTW_Ponerinae_Occ_3663,USA,valid
Ponera_pennsylvanica,38.48333,-78.33333,United States of America,GABI,AOTW_Ponerinae_Occ_3664,USA,valid
Odontomachus_clarus,28.74358,-100.34637,United States of America,GABI,AOTW_Ponerinae_Occ_3665,USA,valid
Odontomachus_clarus,30.47235,-100.81055,United States of America,GABI,AOTW_Ponerinae_Occ_3666,USA,valid
Hypoponera_inexorata,31.25038,-99.85474,United States of America,GABI,AOTW_Ponerinae_Occ_3667,USA,valid
Pachycondyla_harpax,28.9697,-100.2063,United States of America,GABI,AOTW_Ponerinae_Occ_3668,USA,valid
Odontomachus_clarus,30.471308,-99.781842,United States of America,GABI,AOTW_Ponerinae_Occ_3669,USA,valid
Pachycondyla_harpax,29.598119,-99.73999,United States of America,GABI,AOTW_Ponerinae_Occ_3670,USA,valid
Odontomachus_brunneus,27.15,-82.11667,United States of America,GABI,AOTW_Ponerinae_Occ_3671,USA,valid
Odontomachus_clarus,33.46694444,-111.7511111,United States of America,GABI,AOTW_Ponerinae_Occ_3672,USA,valid
Ponera_pennsylvanica,40.768097,-111.798615,United States of America,GABI,AOTW_Ponerinae_Occ_3673,USA,valid
Hypoponera_inexorata,30.58806,-103.89417,United States of America,GABI,AOTW_Ponerinae_Occ_3674,USA,valid
Odontomachus_clarus,29.43242,-104.02405,United States of America,GABI,AOTW_Ponerinae_Occ_3675,USA,valid
Odontomachus_clarus,28.9697,-100.2063,United States of America,GABI,AOTW_Ponerinae_Occ_3676,USA,valid
Odontomachus_relictus,28.383333,-81.6,United States of America,GABI,AOTW_Ponerinae_Occ_3677,USA,valid
Odontomachus_clarus,31.88916667,-109.2075,United States of America,GABI,AOTW_Ponerinae_Occ_3678,USA,valid
Ponera_pennsylvanica,34.76667,-76.76667,United States of America,GABI,AOTW_Ponerinae_Occ_3679,USA,valid
Odontomachus_clarus,27.94103,-99.40979,United States of America,GABI,AOTW_Ponerinae_Occ_3680,USA,valid
Hypoponera_parva,25.99596,-97.56622,United States of America,GABI,AOTW_Ponerinae_Occ_3681,USA,valid
Ponera_pennsylvanica,42.26466667,-70.87338889,United States of America,GABI,AOTW_Ponerinae_Occ_3682,USA,valid
Ponera_pennsylvanica,39.93556,-91.40972,United States of America,GABI,AOTW_Ponerinae_Occ_3683,USA,valid
Ponera_pennsylvanica,39.93556,-91.40972,United States of America,GABI,AOTW_Ponerinae_Occ_3684,USA,valid
Leptogenys_elongata,30.667,-96.317,United States of America,GABI,AOTW_Ponerinae_Occ_3685,USA,valid
Leptogenys_elongata,30.667,-96.317,United States of America,GABI,AOTW_Ponerinae_Occ_3686,USA,valid
Ponera_pennsylvanica,44.98162,-93.25615,United States of America,GABI,AOTW_Ponerinae_Occ_3687,USA,valid
Ponera_pennsylvanica,40.13111,-87.69444,United States of America,GABI,AOTW_Ponerinae_Occ_3688,USA,valid
Ponera_pennsylvanica,40.11056,-88.20722,United States of America,GABI,AOTW_Ponerinae_Occ_3689,USA,valid
Ponera_pennsylvanica,42.41667,-90.42889,United States of America,GABI,AOTW_Ponerinae_Occ_3690,USA,valid
Ponera_pennsylvanica,40.1106,-88.2072,United States of America,GABI,AOTW_Ponerinae_Occ_3691,USA,valid
Ponera_pennsylvanica,39.48306,-88.37278,United States of America,GABI,AOTW_Ponerinae_Occ_3692,USA,valid
Ponera_pennsylvanica,37.71833,-89.48583,United States of America,GABI,AOTW_Ponerinae_Occ_3693,USA,valid
Ponera_pennsylvanica,40.1106,-88.2072,United States of America,GABI,AOTW_Ponerinae_Occ_3694,USA,valid
Ponera_pennsylvanica,47.83995,-92.0962,United States of America,GABI,AOTW_Ponerinae_Occ_3695,USA,valid
Ponera_pennsylvanica,47.83995,-92.0962,United States of America,GABI,AOTW_Ponerinae_Occ_3696,USA,valid
Ponera_pennsylvanica,40.08299,-87.78013,United States of America,GABI,AOTW_Ponerinae_Occ_3697,USA,valid
Ponera_pennsylvanica,29.94028,-90.20306,United States of America,GABI,AOTW_Ponerinae_Occ_3698,USA,valid
Leptogenys_intermedia,-25.77555,28.29798,South Africa,GABI,AOTW_Ponerinae_Occ_3699,ZAF,valid
Ponera_pennsylvanica,38.60389,-89.80722,United States of America,GABI,AOTW_Ponerinae_Occ_3700,USA,valid
Ponera_pennsylvanica,40.144,-88.165,United States of America,GABI,AOTW_Ponerinae_Occ_3701,USA,valid
Ponera_pennsylvanica,40.0981,-87.6561,United States of America,GABI,AOTW_Ponerinae_Occ_3702,USA,valid
Ponera_pennsylvanica,41.805,-87.86917,United States of America,GABI,AOTW_Ponerinae_Occ_3703,USA,valid
Ponera_pennsylvanica,40.08611,-88.51278,United States of America,GABI,AOTW_Ponerinae_Occ_3704,USA,valid
Ponera_pennsylvanica,40.12444,-87.63,United States of America,GABI,AOTW_Ponerinae_Occ_3705,USA,valid
Ponera_pennsylvanica,37.71833,-89.48583,United States of America,GABI,AOTW_Ponerinae_Occ_3706,USA,valid
Neoponera_villosa,25.9014,-97.4972,United States of America,GABI,AOTW_Ponerinae_Occ_3707,USA,valid
Neoponera_villosa,25.9014,-97.4972,United States of America,GABI,AOTW_Ponerinae_Occ_3708,USA,valid
Neoponera_villosa,25.9014,-97.4972,United States of America,GABI,AOTW_Ponerinae_Occ_3709,USA,valid
Neoponera_villosa,26.3333,-98.2,United States of America,GABI,AOTW_Ponerinae_Occ_3710,USA,valid
Cryptopone_gilva,33.825,-88.5436,United States of America,GABI,AOTW_Ponerinae_Occ_3711,USA,valid
Cryptopone_gilva,33.825,-88.5436,United States of America,GABI,AOTW_Ponerinae_Occ_3712,USA,valid
Cryptopone_gilva,33.825,-88.5436,United States of America,GABI,AOTW_Ponerinae_Occ_3713,USA,valid
Cryptopone_gilva,33.825,-88.5436,United States of America,GABI,AOTW_Ponerinae_Occ_3714,USA,valid
Ponera_pennsylvanica,36.5994,-83.6686,United States of America,GABI,AOTW_Ponerinae_Occ_3715,USA,valid
Ponera_pennsylvanica,36.5994,-83.6686,United States of America,GABI,AOTW_Ponerinae_Occ_3716,USA,valid
Ponera_pennsylvanica,41.48,-82.6825,United States of America,GABI,AOTW_Ponerinae_Occ_3717,USA,valid
Ponera_pennsylvanica,41.48,-82.6825,United States of America,GABI,AOTW_Ponerinae_Occ_3718,USA,valid
Ponera_pennsylvanica,41.48,-82.6825,United States of America,GABI,AOTW_Ponerinae_Occ_3719,USA,valid
Ponera_pennsylvanica,41.48,-82.6825,United States of America,GABI,AOTW_Ponerinae_Occ_3720,USA,valid
Leptogenys_elongata,29.58,-95.77,United States of America,GABI,AOTW_Ponerinae_Occ_3721,USA,valid
Leptogenys_elongata,29.58,-95.77,United States of America,GABI,AOTW_Ponerinae_Occ_3722,USA,valid
Odontomachus_brunneus,28.55,-82.39,United States of America,GABI,AOTW_Ponerinae_Occ_3723,USA,valid
Odontomachus_brunneus,30.4381,-84.2808,United States of America,GABI,AOTW_Ponerinae_Occ_3724,USA,valid
Odontomachus_brunneus,26.0422,-81.3442,United States of America,GABI,AOTW_Ponerinae_Occ_3725,USA,valid
Odontomachus_brunneus,30.8053,-82.3403,United States of America,GABI,AOTW_Ponerinae_Occ_3726,USA,valid
Odontomachus_brunneus,30.8053,-82.3403,United States of America,GABI,AOTW_Ponerinae_Occ_3727,USA,valid
Ponera_pennsylvanica,39.2167,-83.915,United States of America,GABI,AOTW_Ponerinae_Occ_3728,USA,valid
Leptogenys_intermedia,-25.77555,28.29798,South Africa,GABI,AOTW_Ponerinae_Occ_3729,ZAF,valid
Ponera_pennsylvanica,39.9936,-81.7342,United States of America,GABI,AOTW_Ponerinae_Occ_3730,USA,valid
Ponera_pennsylvanica,40.1214,-81.765,United States of America,GABI,AOTW_Ponerinae_Occ_3731,USA,valid
Odontomachus_desertorum,33.46694444,-111.7511111,United States of America,GABI,AOTW_Ponerinae_Occ_3732,USA,valid
Odontomachus_desertorum,32.41833333,-110.9502778,United States of America,GABI,AOTW_Ponerinae_Occ_3733,USA,valid
Odontomachus_desertorum,33.68416667,-110.9686111,United States of America,GABI,AOTW_Ponerinae_Occ_3734,USA,valid
Hypoponera_nitidula,10.35,-84.05,Costa Rica,GABI,AOTW_Ponerinae_Occ_3735,CRI,valid
Hypoponera_nitidula,10.35,-84.05,Costa Rica,GABI,AOTW_Ponerinae_Occ_3736,CRI,valid
Hypoponera_nitidula,10.33333,-84.06667,Costa Rica,GABI,AOTW_Ponerinae_Occ_3737,CRI,valid
Hypoponera_nitidula,10.33333,-84.06667,Costa Rica,GABI,AOTW_Ponerinae_Occ_3738,CRI,valid
Hypoponera_nitidula,10.33333,-84.06667,Costa Rica,GABI,AOTW_Ponerinae_Occ_3739,CRI,valid
Hypoponera_nitidula,10.33333,-84.06667,Costa Rica,GABI,AOTW_Ponerinae_Occ_3740,CRI,valid
Hypoponera_nitidula,10.33333,-84.06667,Costa Rica,GABI,AOTW_Ponerinae_Occ_3741,CRI,valid
Dinoponera_quadriceps,-14.7856,-39.2803,Brazil,GABI,AOTW_Ponerinae_Occ_3742,BRA,valid
Dinoponera_quadriceps,-14.7856,-39.2803,Brazil,GABI,AOTW_Ponerinae_Occ_3743,BRA,valid
Mayaponera_constricta,5.97833,-74.5897,Colombia,GABI,AOTW_Ponerinae_Occ_3744,COL,valid
Mayaponera_constricta,5.97833,-74.5897,Colombia,GABI,AOTW_Ponerinae_Occ_3745,COL,valid
Neoponera_verenae,5.29944,-75.8869,Colombia,GABI,AOTW_Ponerinae_Occ_3746,COL,valid
Neoponera_verenae,5.29944,-75.8869,Colombia,GABI,AOTW_Ponerinae_Occ_3747,COL,valid
Odontomachus_erythrocephalus,4.06333,-74.6955,Colombia,GABI,AOTW_Ponerinae_Occ_3748,COL,valid
Odontomachus_erythrocephalus,4.06333,-74.6955,Colombia,GABI,AOTW_Ponerinae_Occ_3749,COL,valid
Odontomachus_opaciventris,4.1802,-74.5362,Colombia,GABI,AOTW_Ponerinae_Occ_3750,COL,valid
Centromyrmex_alfaroi,8.53482,-83.42667,Costa Rica,GABI,AOTW_Ponerinae_Occ_3751,CRI,valid
Centromyrmex_alfaroi,8.53482,-83.42667,Costa Rica,GABI,AOTW_Ponerinae_Occ_3752,CRI,valid
Centromyrmex_alfaroi,8.69195,-83.21732,Costa Rica,GABI,AOTW_Ponerinae_Occ_3753,CRI,valid
Centromyrmex_alfaroi,8.53661,-83.42551,Costa Rica,GABI,AOTW_Ponerinae_Occ_3754,CRI,valid
Centromyrmex_alfaroi,8.53661,-83.42551,Costa Rica,GABI,AOTW_Ponerinae_Occ_3755,CRI,valid
Centromyrmex_alfaroi,10.33333,-84.06667,Costa Rica,GABI,AOTW_Ponerinae_Occ_3756,CRI,valid
Cryptopone_gilva,10.23617,-84.11767,Costa Rica,GABI,AOTW_Ponerinae_Occ_3757,CRI,valid
Cryptopone_gilva,10.23617,-84.11767,Costa Rica,GABI,AOTW_Ponerinae_Occ_3758,CRI,valid
Cryptopone_gilva,10.23617,-84.11767,Costa Rica,GABI,AOTW_Ponerinae_Occ_3759,CRI,valid
Hypoponera_distinguenda,10.88674,-85.88645,Costa Rica,GABI,AOTW_Ponerinae_Occ_3760,CRI,valid
Odontomachus_erythrocephalus,4.06333,-74.6955,Colombia,GABI,AOTW_Ponerinae_Occ_3761,COL,valid
Anochetus_bequaerti,-9.03957,39.1201,Tanzania,GABI,AOTW_Ponerinae_Occ_3762,TZA,valid
Anochetus_bequaerti,-9.03957,39.1201,Tanzania,GABI,AOTW_Ponerinae_Occ_3763,TZA,valid
Anochetus_bequaerti,-24.90867,30.09717,South Africa,GABI,AOTW_Ponerinae_Occ_3764,ZAF,valid
Anochetus_bequaerti,-24.96027,30.09138,South Africa,GABI,AOTW_Ponerinae_Occ_3765,ZAF,valid
Anochetus_bequaerti,-24.96027,30.09138,South Africa,GABI,AOTW_Ponerinae_Occ_3766,ZAF,valid
Anochetus_bequaerti,-24.95523,30.08611,South Africa,GABI,AOTW_Ponerinae_Occ_3767,ZAF,valid
Anochetus_bequaerti,-25.04141,30.15223,South Africa,GABI,AOTW_Ponerinae_Occ_3768,ZAF,valid
Anochetus_bequaerti,-9.62713,39.62965,Tanzania,GABI,AOTW_Ponerinae_Occ_3769,TZA,valid
Anochetus_bequaerti,-9.03957,39.1201,Tanzania,GABI,AOTW_Ponerinae_Occ_3770,TZA,valid
Anochetus_bequaerti,-8.23889,38.65023,Tanzania,GABI,AOTW_Ponerinae_Occ_3771,TZA,valid
Anochetus_bequaerti,-8.23889,38.65023,Tanzania,GABI,AOTW_Ponerinae_Occ_3772,TZA,valid
Anochetus_bequaerti,-12.46062,31.28902,Zambia,GABI,AOTW_Ponerinae_Occ_3773,ZMB,valid
Anochetus_bequaerti,-12.46062,31.28902,Zambia,GABI,AOTW_Ponerinae_Occ_3774,ZMB,valid
Anochetus_katonae,-6.89388,37.90414,Tanzania,GABI,AOTW_Ponerinae_Occ_3775,TZA,valid
Anochetus_katonae,-6.89388,37.90414,Tanzania,GABI,AOTW_Ponerinae_Occ_3776,TZA,valid
Anochetus_katonae,-6.89388,37.90414,Tanzania,GABI,AOTW_Ponerinae_Occ_3777,TZA,valid
Anochetus_katonae,-6.89388,37.90414,Tanzania,GABI,AOTW_Ponerinae_Occ_3778,TZA,valid
Anochetus_katonae,-5.94905,37.68539,Tanzania,GABI,AOTW_Ponerinae_Occ_3779,TZA,valid
Anochetus_katonae,-5.94905,37.68539,Tanzania,GABI,AOTW_Ponerinae_Occ_3780,TZA,valid
Anochetus_katonae,-5.57934,37.57971,Tanzania,GABI,AOTW_Ponerinae_Occ_3781,TZA,valid
Anochetus_katonae,-5.57934,37.57971,Tanzania,GABI,AOTW_Ponerinae_Occ_3782,TZA,valid
Anochetus_levaillanti,-24.70099,30.3632,South Africa,GABI,AOTW_Ponerinae_Occ_3783,ZAF,valid
Anochetus_levaillanti,-29.22445,18.98474,South Africa,GABI,AOTW_Ponerinae_Occ_3784,ZAF,valid
Anochetus_levaillanti,-29.22445,18.98474,South Africa,GABI,AOTW_Ponerinae_Occ_3785,ZAF,valid
Anochetus_levaillanti,-29.2486,18.96673,South Africa,GABI,AOTW_Ponerinae_Occ_3786,ZAF,valid
Anochetus_levaillanti,-28.42856,22.07952,South Africa,GABI,AOTW_Ponerinae_Occ_3787,ZAF,valid
Anochetus_levaillanti,-27.6855,22.90447,South Africa,GABI,AOTW_Ponerinae_Occ_3788,ZAF,valid
Anochetus_levaillanti,-27.6855,22.90447,South Africa,GABI,AOTW_Ponerinae_Occ_3789,ZAF,valid
Anochetus_levaillanti,-27.68658,22.90807,South Africa,GABI,AOTW_Ponerinae_Occ_3790,ZAF,valid
Anochetus_levaillanti,-27.68627,22.90788,South Africa,GABI,AOTW_Ponerinae_Occ_3791,ZAF,valid
Anochetus_levaillanti,-27.72727,23.00306,South Africa,GABI,AOTW_Ponerinae_Occ_3792,ZAF,valid
Anochetus_levaillanti,-25.1578,30.11549,South Africa,GABI,AOTW_Ponerinae_Occ_3793,ZAF,valid
Anochetus_levaillanti,-25.7089,28.94265,South Africa,GABI,AOTW_Ponerinae_Occ_3794,ZAF,valid
Anochetus_levaillanti,-25.7089,28.94265,South Africa,GABI,AOTW_Ponerinae_Occ_3795,ZAF,valid
Anochetus_natalensis,-28.12299,32.55547,South Africa,GABI,AOTW_Ponerinae_Occ_3796,ZAF,valid
Anochetus_natalensis,-28.12299,32.55547,South Africa,GABI,AOTW_Ponerinae_Occ_3797,ZAF,valid
Anochetus_natalensis,-28.12299,32.55547,South Africa,GABI,AOTW_Ponerinae_Occ_3798,ZAF,valid
Anochetus_natalensis,-25.75165,29.01792,South Africa,GABI,AOTW_Ponerinae_Occ_3799,ZAF,valid
Anochetus_natalensis,-25.18086,30.13176,South Africa,GABI,AOTW_Ponerinae_Occ_3800,ZAF,valid
Anochetus_obscuratus,-8.23889,38.65023,Tanzania,GABI,AOTW_Ponerinae_Occ_3801,TZA,valid
Anochetus_obscuratus,-6.89388,37.90414,Tanzania,GABI,AOTW_Ponerinae_Occ_3802,TZA,valid
Anochetus_obscuratus,-6.89388,37.90414,Tanzania,GABI,AOTW_Ponerinae_Occ_3803,TZA,valid
Anochetus_obscuratus,-6.89388,37.90414,Tanzania,GABI,AOTW_Ponerinae_Occ_3804,TZA,valid
Anochetus_obscuratus,-10.11569,39.18858,Tanzania,GABI,AOTW_Ponerinae_Occ_3805,TZA,valid
Anochetus_traegaordhi,-24.96127,30.09901,South Africa,GABI,AOTW_Ponerinae_Occ_3806,ZAF,valid
Anochetus_traegaordhi,-24.92858,30.13355,South Africa,GABI,AOTW_Ponerinae_Occ_3807,ZAF,valid
Odontomachus_bauri,10.6072,-75.2917,Colombia,GABI,AOTW_Ponerinae_Occ_3808,COL,valid
Odontomachus_bauri,10.6072,-75.2917,Colombia,GABI,AOTW_Ponerinae_Occ_3809,COL,valid
Odontomachus_bauri,10.6072,-75.2917,Colombia,GABI,AOTW_Ponerinae_Occ_3810,COL,valid
Odontomachus_bauri,10.6072,-75.2917,Colombia,GABI,AOTW_Ponerinae_Occ_3811,COL,valid
Odontomachus_bauri,10.5905,-75.2916,Colombia,GABI,AOTW_Ponerinae_Occ_3812,COL,valid
Odontomachus_bauri,10.5905,-75.2916,Colombia,GABI,AOTW_Ponerinae_Occ_3813,COL,valid
Odontomachus_bauri,10.5905,-75.2916,Colombia,GABI,AOTW_Ponerinae_Occ_3814,COL,valid
Anochetus_striatulus,10.40126,-84.04931,Costa Rica,GABI,AOTW_Ponerinae_Occ_3815,CRI,valid
Anochetus_striatulus,10.40126,-84.04931,Costa Rica,GABI,AOTW_Ponerinae_Occ_3816,CRI,valid
Anochetus_striatulus,9.93471,-84.05065,Costa Rica,GABI,AOTW_Ponerinae_Occ_3817,CRI,valid
Anochetus_striatulus,9.87554,-83.23837,Costa Rica,GABI,AOTW_Ponerinae_Occ_3818,CRI,valid
Centromyrmex_alfaroi,8.53482,-83.42667,Costa Rica,GABI,AOTW_Ponerinae_Occ_3819,CRI,valid
Centromyrmex_alfaroi,8.53482,-83.42667,Costa Rica,GABI,AOTW_Ponerinae_Occ_3820,CRI,valid
Centromyrmex_alfaroi,8.53661,-83.42551,Costa Rica,GABI,AOTW_Ponerinae_Occ_3821,CRI,valid
Centromyrmex_alfaroi,10.33333,-84.06667,Costa Rica,GABI,AOTW_Ponerinae_Occ_3822,CRI,valid
Centromyrmex_alfaroi,10.33333,-84.06667,Costa Rica,GABI,AOTW_Ponerinae_Occ_3823,CRI,valid
Hypoponera_distinguenda,10.88674,-85.88645,Costa Rica,GABI,AOTW_Ponerinae_Occ_3824,CRI,valid
Hypoponera_distinguenda,10.35,-84.05,Costa Rica,GABI,AOTW_Ponerinae_Occ_3825,CRI,valid
Hypoponera_distinguenda,10.35,-84.05,Costa Rica,GABI,AOTW_Ponerinae_Occ_3826,CRI,valid
Hypoponera_nitidula,10.33333,-84.06667,Costa Rica,GABI,AOTW_Ponerinae_Occ_3827,CRI,valid
Hypoponera_nitidula,10.33333,-84.06667,Costa Rica,GABI,AOTW_Ponerinae_Occ_3828,CRI,valid
Hypoponera_nitidula,10.33333,-84.06667,Costa Rica,GABI,AOTW_Ponerinae_Occ_3829,CRI,valid
Hypoponera_parva,10.84479,-85.86887,Costa Rica,GABI,AOTW_Ponerinae_Occ_3830,CRI,valid
Hypoponera_parva,10.23617,-84.11767,Costa Rica,GABI,AOTW_Ponerinae_Occ_3831,CRI,valid
Hypoponera_parva,10.23617,-84.11767,Costa Rica,GABI,AOTW_Ponerinae_Occ_3832,CRI,valid
Hypoponera_parva,10.23617,-84.11767,Costa Rica,GABI,AOTW_Ponerinae_Occ_3833,CRI,valid
Hypoponera_parva,10.23617,-84.11767,Costa Rica,GABI,AOTW_Ponerinae_Occ_3834,CRI,valid
Hypoponera_parva,10.23617,-84.11767,Costa Rica,GABI,AOTW_Ponerinae_Occ_3835,CRI,valid
Hypoponera_parva,10.35,-84.05,Costa Rica,GABI,AOTW_Ponerinae_Occ_3836,CRI,valid
Hypoponera_parva,10.35,-84.05,Costa Rica,GABI,AOTW_Ponerinae_Occ_3837,CRI,valid
Leptogenys_pusilla,8.6791,-83.56671,Costa Rica,GABI,AOTW_Ponerinae_Occ_3838,CRI,valid
Leptogenys_pusilla,8.6791,-83.56671,Costa Rica,GABI,AOTW_Ponerinae_Occ_3839,CRI,valid
Leptogenys_pusilla,10.59427,-83.71651,Costa Rica,GABI,AOTW_Ponerinae_Occ_3840,CRI,valid
Mayaponera_constricta,10.64405,-83.74201,Costa Rica,GABI,AOTW_Ponerinae_Occ_3841,CRI,valid
Mayaponera_constricta,10.58481,-83.5292,Costa Rica,GABI,AOTW_Ponerinae_Occ_3842,CRI,valid
Mayaponera_constricta,10.59427,-83.71651,Costa Rica,GABI,AOTW_Ponerinae_Occ_3843,CRI,valid
Mayaponera_constricta,10.59427,-83.71651,Costa Rica,GABI,AOTW_Ponerinae_Occ_3844,CRI,valid
Mayaponera_constricta,10.59427,-83.71651,Costa Rica,GABI,AOTW_Ponerinae_Occ_3845,CRI,valid
Mayaponera_constricta,10.35,-84.05,Costa Rica,GABI,AOTW_Ponerinae_Occ_3846,CRI,valid
Mayaponera_constricta,10.35,-84.05,Costa Rica,GABI,AOTW_Ponerinae_Occ_3847,CRI,valid
Neoponera_apicalis,10.99261,-85.42948,Costa Rica,GABI,AOTW_Ponerinae_Occ_3848,CRI,valid
Neoponera_apicalis,11.03386,-85.52479,Costa Rica,GABI,AOTW_Ponerinae_Occ_3849,CRI,valid
Neoponera_apicalis,11.03386,-85.52479,Costa Rica,GABI,AOTW_Ponerinae_Occ_3850,CRI,valid
Neoponera_apicalis,8.48017,-83.59129,Costa Rica,GABI,AOTW_Ponerinae_Occ_3851,CRI,valid
Neoponera_apicalis,10.99261,-85.42948,Costa Rica,GABI,AOTW_Ponerinae_Occ_3852,CRI,valid
Neoponera_apicalis,10.99261,-85.42948,Costa Rica,GABI,AOTW_Ponerinae_Occ_3853,CRI,valid
Neoponera_apicalis,10.99261,-85.42948,Costa Rica,GABI,AOTW_Ponerinae_Occ_3854,CRI,valid
Neoponera_apicalis,10.99261,-85.42948,Costa Rica,GABI,AOTW_Ponerinae_Occ_3855,CRI,valid
Neoponera_carinulata,8.75939,-83.28313,Costa Rica,GABI,AOTW_Ponerinae_Occ_3856,CRI,valid
Neoponera_apicalis,11.02246,-85.42592,Costa Rica,GABI,AOTW_Ponerinae_Occ_3857,CRI,valid
Neoponera_apicalis,11.02246,-85.42592,Costa Rica,GABI,AOTW_Ponerinae_Occ_3858,CRI,valid
Neoponera_apicalis,11.02246,-85.42592,Costa Rica,GABI,AOTW_Ponerinae_Occ_3859,CRI,valid
Neoponera_apicalis,10.93008,-85.47042,Costa Rica,GABI,AOTW_Ponerinae_Occ_3860,CRI,valid
Neoponera_apicalis,10.96254,-85.49524,Costa Rica,GABI,AOTW_Ponerinae_Occ_3861,CRI,valid
Neoponera_apicalis,10.96254,-85.49524,Costa Rica,GABI,AOTW_Ponerinae_Occ_3862,CRI,valid
Neoponera_apicalis,10.96254,-85.49524,Costa Rica,GABI,AOTW_Ponerinae_Occ_3863,CRI,valid
Neoponera_apicalis,10.59427,-83.71651,Costa Rica,GABI,AOTW_Ponerinae_Occ_3864,CRI,valid
Neoponera_apicalis,10.59427,-83.71651,Costa Rica,GABI,AOTW_Ponerinae_Occ_3865,CRI,valid
Neoponera_apicalis,10.59427,-83.71651,Costa Rica,GABI,AOTW_Ponerinae_Occ_3866,CRI,valid
Neoponera_apicalis,10.61046,-84.99497,Costa Rica,GABI,AOTW_Ponerinae_Occ_3867,CRI,valid
Neoponera_apicalis,9.67177,-83.0277,Costa Rica,GABI,AOTW_Ponerinae_Occ_3868,CRI,valid
Neoponera_apicalis,9.67177,-83.0277,Costa Rica,GABI,AOTW_Ponerinae_Occ_3869,CRI,valid
Neoponera_carinulata,9.60924,-83.19387,Costa Rica,GABI,AOTW_Ponerinae_Occ_3870,CRI,valid
Neoponera_bugabensis,10.35,-84.05,Costa Rica,GABI,AOTW_Ponerinae_Occ_3871,CRI,valid
Neoponera_bugabensis,10.33333,-84.06667,Costa Rica,GABI,AOTW_Ponerinae_Occ_3872,CRI,valid
Neoponera_crenata,8.48017,-83.59129,Costa Rica,GABI,AOTW_Ponerinae_Occ_3873,CRI,valid
Neoponera_crenata,9.76745,-84.60812,Costa Rica,GABI,AOTW_Ponerinae_Occ_3874,CRI,valid
Neoponera_crenata,9.38773,-84.13281,Costa Rica,GABI,AOTW_Ponerinae_Occ_3875,CRI,valid
Neoponera_crenata,9.77423,-84.60812,Costa Rica,GABI,AOTW_Ponerinae_Occ_3876,CRI,valid
Neoponera_crenata,10.33333,-84.06667,Costa Rica,GABI,AOTW_Ponerinae_Occ_3877,CRI,valid
Neoponera_foetida,10.35,-84.05,Costa Rica,GABI,AOTW_Ponerinae_Occ_3878,CRI,valid
Neoponera_laevigata,10.99261,-85.42948,Costa Rica,GABI,AOTW_Ponerinae_Occ_3879,CRI,valid
Neoponera_laevigata,10.99261,-85.42948,Costa Rica,GABI,AOTW_Ponerinae_Occ_3880,CRI,valid
Neoponera_laevigata,10.99261,-85.42948,Costa Rica,GABI,AOTW_Ponerinae_Occ_3881,CRI,valid
Neoponera_laevigata,10.99261,-85.42948,Costa Rica,GABI,AOTW_Ponerinae_Occ_3882,CRI,valid
Neoponera_laevigata,10.99261,-85.42948,Costa Rica,GABI,AOTW_Ponerinae_Occ_3883,CRI,valid
Neoponera_laevigata,10.99261,-85.42948,Costa Rica,GABI,AOTW_Ponerinae_Occ_3884,CRI,valid
Neoponera_laevigata,10.99261,-85.42948,Costa Rica,GABI,AOTW_Ponerinae_Occ_3885,CRI,valid
Neoponera_laevigata,8.6791,-83.56671,Costa Rica,GABI,AOTW_Ponerinae_Occ_3886,CRI,valid
Neoponera_laevigata,8.6791,-83.56671,Costa Rica,GABI,AOTW_Ponerinae_Occ_3887,CRI,valid
Neoponera_laevigata,9.67538,-83.02678,Costa Rica,GABI,AOTW_Ponerinae_Occ_3888,CRI,valid
Neoponera_laevigata,9.67538,-83.02678,Costa Rica,GABI,AOTW_Ponerinae_Occ_3889,CRI,valid
Neoponera_laevigata,9.67538,-83.02678,Costa Rica,GABI,AOTW_Ponerinae_Occ_3890,CRI,valid
Neoponera_laevigata,9.67538,-83.02678,Costa Rica,GABI,AOTW_Ponerinae_Occ_3891,CRI,valid
Neoponera_laevigata,9.67538,-83.02678,Costa Rica,GABI,AOTW_Ponerinae_Occ_3892,CRI,valid
Neoponera_laevigata,9.67538,-83.02678,Costa Rica,GABI,AOTW_Ponerinae_Occ_3893,CRI,valid
Neoponera_lineaticeps,10.99261,-85.42948,Costa Rica,GABI,AOTW_Ponerinae_Occ_3894,CRI,valid
Neoponera_lineaticeps,10.93008,-85.47042,Costa Rica,GABI,AOTW_Ponerinae_Occ_3895,CRI,valid
Neoponera_lineaticeps,10.93008,-85.47042,Costa Rica,GABI,AOTW_Ponerinae_Occ_3896,CRI,valid
Neoponera_lineaticeps,10.93008,-85.47042,Costa Rica,GABI,AOTW_Ponerinae_Occ_3897,CRI,valid
Neoponera_lineaticeps,10.93008,-85.47042,Costa Rica,GABI,AOTW_Ponerinae_Occ_3898,CRI,valid
Neoponera_lineaticeps,10.93008,-85.47042,Costa Rica,GABI,AOTW_Ponerinae_Occ_3899,CRI,valid
Neoponera_lineaticeps,10.93008,-85.47042,Costa Rica,GABI,AOTW_Ponerinae_Occ_3900,CRI,valid
Neoponera_lineaticeps,10.93008,-85.47042,Costa Rica,GABI,AOTW_Ponerinae_Occ_3901,CRI,valid
Neoponera_lineaticeps,10.93008,-85.47042,Costa Rica,GABI,AOTW_Ponerinae_Occ_3902,CRI,valid
Neoponera_lineaticeps,10.23617,-84.11767,Costa Rica,GABI,AOTW_Ponerinae_Occ_3903,CRI,valid
Neoponera_lineaticeps,10.33333,-84.06667,Costa Rica,GABI,AOTW_Ponerinae_Occ_3904,CRI,valid
Neoponera_rugosula,10.33333,-84.06667,Costa Rica,GABI,AOTW_Ponerinae_Occ_3905,CRI,valid
Neoponera_striatinodis,10.33333,-84.06667,Costa Rica,GABI,AOTW_Ponerinae_Occ_3906,CRI,valid
Neoponera_theresiae,9.02289,-83.49623,Costa Rica,GABI,AOTW_Ponerinae_Occ_3907,CRI,valid
Neoponera_unidentata,10.64405,-83.74201,Costa Rica,GABI,AOTW_Ponerinae_Occ_3908,CRI,valid
Neoponera_unidentata,8.48017,-83.59129,Costa Rica,GABI,AOTW_Ponerinae_Occ_3909,CRI,valid
Neoponera_unidentata,8.48017,-83.59129,Costa Rica,GABI,AOTW_Ponerinae_Occ_3910,CRI,valid
Neoponera_unidentata,9.38773,-84.13281,Costa Rica,GABI,AOTW_Ponerinae_Occ_3911,CRI,valid
Neoponera_unidentata,9.38773,-84.13281,Costa Rica,GABI,AOTW_Ponerinae_Occ_3912,CRI,valid
Neoponera_unidentata,9.38773,-84.13281,Costa Rica,GABI,AOTW_Ponerinae_Occ_3913,CRI,valid
Neoponera_unidentata,9.38773,-84.13281,Costa Rica,GABI,AOTW_Ponerinae_Occ_3914,CRI,valid
Neoponera_unidentata,9.38773,-84.13281,Costa Rica,GABI,AOTW_Ponerinae_Occ_3915,CRI,valid
Neoponera_unidentata,9.74715,-84.56335,Costa Rica,GABI,AOTW_Ponerinae_Occ_3916,CRI,valid
Neoponera_unidentata,10.32804,-84.08042,Costa Rica,GABI,AOTW_Ponerinae_Occ_3917,CRI,valid
Neoponera_unidentata,10.32804,-84.08042,Costa Rica,GABI,AOTW_Ponerinae_Occ_3918,CRI,valid
Neoponera_unidentata,10.99261,-85.42948,Costa Rica,GABI,AOTW_Ponerinae_Occ_3919,CRI,valid
Neoponera_unidentata,10.46641,-84.11639,Costa Rica,GABI,AOTW_Ponerinae_Occ_3920,CRI,valid
Neoponera_unidentata,8.6791,-83.56671,Costa Rica,GABI,AOTW_Ponerinae_Occ_3921,CRI,valid
Neoponera_unidentata,10.96254,-85.49524,Costa Rica,GABI,AOTW_Ponerinae_Occ_3922,CRI,valid
Neoponera_unidentata,10.96254,-85.49524,Costa Rica,GABI,AOTW_Ponerinae_Occ_3923,CRI,valid
Neoponera_unidentata,10.53955,-83.50648,Costa Rica,GABI,AOTW_Ponerinae_Occ_3924,CRI,valid
Neoponera_unidentata,10.89755,-85.46527,Costa Rica,GABI,AOTW_Ponerinae_Occ_3925,CRI,valid
Neoponera_unidentata,10.40216,-84.05023,Costa Rica,GABI,AOTW_Ponerinae_Occ_3926,CRI,valid
Neoponera_unidentata,10.35,-84.05,Costa Rica,GABI,AOTW_Ponerinae_Occ_3927,CRI,valid
Neoponera_unidentata,10.35,-84.05,Costa Rica,GABI,AOTW_Ponerinae_Occ_3928,CRI,valid
Neoponera_verenae,10.33333,-84.06667,Costa Rica,GABI,AOTW_Ponerinae_Occ_3929,CRI,valid
Neoponera_verenae,10.33333,-84.06667,Costa Rica,GABI,AOTW_Ponerinae_Occ_3930,CRI,valid
Neoponera_villosa,10.64405,-83.74201,Costa Rica,GABI,AOTW_Ponerinae_Occ_3931,CRI,valid
Neoponera_villosa,11.03386,-85.52479,Costa Rica,GABI,AOTW_Ponerinae_Occ_3932,CRI,valid
Neoponera_villosa,10.40126,-84.04931,Costa Rica,GABI,AOTW_Ponerinae_Occ_3933,CRI,valid
Neoponera_villosa,9.38773,-84.13281,Costa Rica,GABI,AOTW_Ponerinae_Occ_3934,CRI,valid
Neoponera_villosa,10.29637,-84.04119,Costa Rica,GABI,AOTW_Ponerinae_Occ_3935,CRI,valid
Neoponera_villosa,10.99261,-85.42948,Costa Rica,GABI,AOTW_Ponerinae_Occ_3936,CRI,valid
Neoponera_villosa,10.99261,-85.42948,Costa Rica,GABI,AOTW_Ponerinae_Occ_3937,CRI,valid
Neoponera_villosa,10.99261,-85.42948,Costa Rica,GABI,AOTW_Ponerinae_Occ_3938,CRI,valid
Neoponera_villosa,10.99261,-85.42948,Costa Rica,GABI,AOTW_Ponerinae_Occ_3939,CRI,valid
Neoponera_villosa,10.99261,-85.42948,Costa Rica,GABI,AOTW_Ponerinae_Occ_3940,CRI,valid
Neoponera_villosa,10.99261,-85.42948,Costa Rica,GABI,AOTW_Ponerinae_Occ_3941,CRI,valid
Neoponera_villosa,10.99261,-85.42948,Costa Rica,GABI,AOTW_Ponerinae_Occ_3942,CRI,valid
Neoponera_villosa,10.26706,-83.76828,Costa Rica,GABI,AOTW_Ponerinae_Occ_3943,CRI,valid
Neoponera_villosa,8.6791,-83.56671,Costa Rica,GABI,AOTW_Ponerinae_Occ_3944,CRI,valid
Neoponera_villosa,8.6791,-83.56671,Costa Rica,GABI,AOTW_Ponerinae_Occ_3945,CRI,valid
Neoponera_villosa,10.96254,-85.49524,Costa Rica,GABI,AOTW_Ponerinae_Occ_3946,CRI,valid
Neoponera_villosa,10.96254,-85.49524,Costa Rica,GABI,AOTW_Ponerinae_Occ_3947,CRI,valid
Neoponera_villosa,10.96254,-85.49524,Costa Rica,GABI,AOTW_Ponerinae_Occ_3948,CRI,valid
Neoponera_villosa,10.96254,-85.49524,Costa Rica,GABI,AOTW_Ponerinae_Occ_3949,CRI,valid
Odontomachus_bauri,10.85628,-85.92289,Costa Rica,GABI,AOTW_Ponerinae_Occ_3950,CRI,valid
Odontomachus_bauri,10.16822,-85.37366,Costa Rica,GABI,AOTW_Ponerinae_Occ_3951,CRI,valid
Odontomachus_bauri,8.48017,-83.59129,Costa Rica,GABI,AOTW_Ponerinae_Occ_3952,CRI,valid
Odontomachus_bauri,9.78333,-84.6,Costa Rica,GABI,AOTW_Ponerinae_Occ_3953,CRI,valid
Odontomachus_bauri,10.89381,-84.78885,Costa Rica,GABI,AOTW_Ponerinae_Occ_3954,CRI,valid
Odontomachus_bauri,11.0343,-85.52754,Costa Rica,GABI,AOTW_Ponerinae_Occ_3955,CRI,valid
Odontomachus_bauri,10.99261,-85.42948,Costa Rica,GABI,AOTW_Ponerinae_Occ_3956,CRI,valid
Odontomachus_bauri,10.85907,-85.90735,Costa Rica,GABI,AOTW_Ponerinae_Occ_3957,CRI,valid
Odontomachus_bauri,10.85907,-85.90735,Costa Rica,GABI,AOTW_Ponerinae_Occ_3958,CRI,valid
Odontomachus_bauri,10.85628,-85.92289,Costa Rica,GABI,AOTW_Ponerinae_Occ_3959,CRI,valid
Odontomachus_bauri,10.85628,-85.92289,Costa Rica,GABI,AOTW_Ponerinae_Occ_3960,CRI,valid
Odontomachus_bauri,10.85433,-85.95077,Costa Rica,GABI,AOTW_Ponerinae_Occ_3961,CRI,valid
Odontomachus_bauri,10.85433,-85.95077,Costa Rica,GABI,AOTW_Ponerinae_Occ_3962,CRI,valid
Odontomachus_bauri,8.625,-83.68056,Costa Rica,GABI,AOTW_Ponerinae_Occ_3963,CRI,valid
Odontomachus_bauri,8.9791,-83.2638,Costa Rica,GABI,AOTW_Ponerinae_Occ_3964,CRI,valid
Odontomachus_chelifer,10.14889,-83.95191,Costa Rica,GABI,AOTW_Ponerinae_Occ_3965,CRI,valid
Odontomachus_chelifer,10.32804,-84.08042,Costa Rica,GABI,AOTW_Ponerinae_Occ_3966,CRI,valid
Odontomachus_chelifer,10.33333,-84.06667,Costa Rica,GABI,AOTW_Ponerinae_Occ_3967,CRI,valid
Odontomachus_chelifer,10.99261,-85.42948,Costa Rica,GABI,AOTW_Ponerinae_Occ_3968,CRI,valid
Odontomachus_chelifer,10.99036,-85.42718,Costa Rica,GABI,AOTW_Ponerinae_Occ_3969,CRI,valid
Odontomachus_chelifer,10.59427,-83.71651,Costa Rica,GABI,AOTW_Ponerinae_Occ_3970,CRI,valid
Odontomachus_erythrocephalus,10.40126,-84.04931,Costa Rica,GABI,AOTW_Ponerinae_Occ_3971,CRI,valid
Odontomachus_erythrocephalus,10.99261,-85.42948,Costa Rica,GABI,AOTW_Ponerinae_Occ_3972,CRI,valid
Odontomachus_erythrocephalus,10.99261,-85.42948,Costa Rica,GABI,AOTW_Ponerinae_Occ_3973,CRI,valid
Odontomachus_erythrocephalus,10.99261,-85.42948,Costa Rica,GABI,AOTW_Ponerinae_Occ_3974,CRI,valid
Odontomachus_erythrocephalus,10.99261,-85.42948,Costa Rica,GABI,AOTW_Ponerinae_Occ_3975,CRI,valid
Odontomachus_erythrocephalus,10.99261,-85.42948,Costa Rica,GABI,AOTW_Ponerinae_Occ_3976,CRI,valid
Odontomachus_erythrocephalus,10.99261,-85.42948,Costa Rica,GABI,AOTW_Ponerinae_Occ_3977,CRI,valid
Odontomachus_erythrocephalus,10.99261,-85.42948,Costa Rica,GABI,AOTW_Ponerinae_Occ_3978,CRI,valid
Odontomachus_erythrocephalus,10.99261,-85.42948,Costa Rica,GABI,AOTW_Ponerinae_Occ_3979,CRI,valid
Odontomachus_erythrocephalus,10.99261,-85.42948,Costa Rica,GABI,AOTW_Ponerinae_Occ_3980,CRI,valid
Odontomachus_erythrocephalus,10.46641,-84.11639,Costa Rica,GABI,AOTW_Ponerinae_Occ_3981,CRI,valid
Odontomachus_erythrocephalus,11.02246,-85.42592,Costa Rica,GABI,AOTW_Ponerinae_Occ_3982,CRI,valid
Odontomachus_erythrocephalus,11.02246,-85.42592,Costa Rica,GABI,AOTW_Ponerinae_Occ_3983,CRI,valid
Odontomachus_erythrocephalus,11.02246,-85.42592,Costa Rica,GABI,AOTW_Ponerinae_Occ_3984,CRI,valid
Odontomachus_erythrocephalus,11.02246,-85.42592,Costa Rica,GABI,AOTW_Ponerinae_Occ_3985,CRI,valid
Odontomachus_erythrocephalus,11.02246,-85.42592,Costa Rica,GABI,AOTW_Ponerinae_Occ_3986,CRI,valid
Odontomachus_erythrocephalus,10.26706,-83.76828,Costa Rica,GABI,AOTW_Ponerinae_Occ_3987,CRI,valid
Odontomachus_hastatus,10.99261,-85.42948,Costa Rica,GABI,AOTW_Ponerinae_Occ_3988,CRI,valid
Odontomachus_hastatus,10.99261,-85.42948,Costa Rica,GABI,AOTW_Ponerinae_Occ_3989,CRI,valid
Odontomachus_hastatus,10.99261,-85.42948,Costa Rica,GABI,AOTW_Ponerinae_Occ_3990,CRI,valid
Odontomachus_hastatus,10.99261,-85.42948,Costa Rica,GABI,AOTW_Ponerinae_Occ_3991,CRI,valid
Odontomachus_hastatus,10.99261,-85.42948,Costa Rica,GABI,AOTW_Ponerinae_Occ_3992,CRI,valid
Odontomachus_hastatus,10.99261,-85.42948,Costa Rica,GABI,AOTW_Ponerinae_Occ_3993,CRI,valid
Odontomachus_hastatus,10.99261,-85.42948,Costa Rica,GABI,AOTW_Ponerinae_Occ_3994,CRI,valid
Odontomachus_hastatus,10.99261,-85.42948,Costa Rica,GABI,AOTW_Ponerinae_Occ_3995,CRI,valid
Odontomachus_hastatus,10.99261,-85.42948,Costa Rica,GABI,AOTW_Ponerinae_Occ_3996,CRI,valid
Odontomachus_hastatus,10.99261,-85.42948,Costa Rica,GABI,AOTW_Ponerinae_Occ_3997,CRI,valid
Odontomachus_hastatus,10.99261,-85.42948,Costa Rica,GABI,AOTW_Ponerinae_Occ_3998,CRI,valid
Odontomachus_hastatus,10.99261,-85.42948,Costa Rica,GABI,AOTW_Ponerinae_Occ_3999,CRI,valid
Odontomachus_hastatus,10.99261,-85.42948,Costa Rica,GABI,AOTW_Ponerinae_Occ_4000,CRI,valid
Odontomachus_hastatus,10.99261,-85.42948,Costa Rica,GABI,AOTW_Ponerinae_Occ_4001,CRI,valid
Odontomachus_hastatus,10.99261,-85.42948,Costa Rica,GABI,AOTW_Ponerinae_Occ_4002,CRI,valid
Odontomachus_hastatus,10.99261,-85.42948,Costa Rica,GABI,AOTW_Ponerinae_Occ_4003,CRI,valid
Odontomachus_hastatus,10.99261,-85.42948,Costa Rica,GABI,AOTW_Ponerinae_Occ_4004,CRI,valid
Odontomachus_hastatus,10.99261,-85.42948,Costa Rica,GABI,AOTW_Ponerinae_Occ_4005,CRI,valid
Odontomachus_hastatus,10.99261,-85.42948,Costa Rica,GABI,AOTW_Ponerinae_Occ_4006,CRI,valid
Odontomachus_hastatus,10.99261,-85.42948,Costa Rica,GABI,AOTW_Ponerinae_Occ_4007,CRI,valid
Odontomachus_hastatus,10.99036,-85.42718,Costa Rica,GABI,AOTW_Ponerinae_Occ_4008,CRI,valid
Odontomachus_hastatus,10.3043,-84.7962,Costa Rica,GABI,AOTW_Ponerinae_Occ_4009,CRI,valid
Odontomachus_hastatus,10.53955,-83.50648,Costa Rica,GABI,AOTW_Ponerinae_Occ_4010,CRI,valid
Odontomachus_hastatus,10.53955,-83.50648,Costa Rica,GABI,AOTW_Ponerinae_Occ_4011,CRI,valid
Odontomachus_hastatus,10.53955,-83.50648,Costa Rica,GABI,AOTW_Ponerinae_Occ_4012,CRI,valid
Odontomachus_hastatus,10.53955,-83.50648,Costa Rica,GABI,AOTW_Ponerinae_Occ_4013,CRI,valid
Odontomachus_hastatus,10.21953,-84.60076,Costa Rica,GABI,AOTW_Ponerinae_Occ_4014,CRI,valid
Odontomachus_hastatus,10.35,-84.05,Costa Rica,GABI,AOTW_Ponerinae_Occ_4015,CRI,valid
Odontomachus_hastatus,10.35,-84.05,Costa Rica,GABI,AOTW_Ponerinae_Occ_4016,CRI,valid
Odontomachus_hastatus,10.35,-84.05,Costa Rica,GABI,AOTW_Ponerinae_Occ_4017,CRI,valid
Odontomachus_laticeps,10.93008,-85.47042,Costa Rica,GABI,AOTW_Ponerinae_Occ_4018,CRI,valid
Odontomachus_laticeps,10.93008,-85.47042,Costa Rica,GABI,AOTW_Ponerinae_Occ_4019,CRI,valid
Odontomachus_laticeps,10.93008,-85.47042,Costa Rica,GABI,AOTW_Ponerinae_Occ_4020,CRI,valid
Odontomachus_laticeps,10.93008,-85.47042,Costa Rica,GABI,AOTW_Ponerinae_Occ_4021,CRI,valid
Odontomachus_laticeps,10.93008,-85.47042,Costa Rica,GABI,AOTW_Ponerinae_Occ_4022,CRI,valid
Odontomachus_laticeps,10.59427,-83.71651,Costa Rica,GABI,AOTW_Ponerinae_Occ_4023,CRI,valid
Odontomachus_laticeps,10.59427,-83.71651,Costa Rica,GABI,AOTW_Ponerinae_Occ_4024,CRI,valid
Odontomachus_laticeps,10.40126,-84.05023,Costa Rica,GABI,AOTW_Ponerinae_Occ_4025,CRI,valid
Odontomachus_laticeps,10.33333,-84.06667,Costa Rica,GABI,AOTW_Ponerinae_Occ_4026,CRI,valid
Odontomachus_meinerti,10.93008,-85.47042,Costa Rica,GABI,AOTW_Ponerinae_Occ_4027,CRI,valid
Odontomachus_meinerti,10.59427,-83.71651,Costa Rica,GABI,AOTW_Ponerinae_Occ_4028,CRI,valid
Odontomachus_meinerti,10.59427,-83.71651,Costa Rica,GABI,AOTW_Ponerinae_Occ_4029,CRI,valid
Odontomachus_meinerti,10.59427,-83.71651,Costa Rica,GABI,AOTW_Ponerinae_Occ_4030,CRI,valid
Odontomachus_meinerti,10.33333,-84.06667,Costa Rica,GABI,AOTW_Ponerinae_Occ_4031,CRI,valid
Odontomachus_meinerti,10.33333,-84.06667,Costa Rica,GABI,AOTW_Ponerinae_Occ_4032,CRI,valid
Odontomachus_meinerti,10.99261,-85.42948,Costa Rica,GABI,AOTW_Ponerinae_Occ_4033,CRI,valid
Odontomachus_meinerti,10.99261,-85.42948,Costa Rica,GABI,AOTW_Ponerinae_Occ_4034,CRI,valid
Odontomachus_meinerti,10.59427,-83.71651,Costa Rica,GABI,AOTW_Ponerinae_Occ_4035,CRI,valid
Odontomachus_meinerti,10.59427,-83.71651,Costa Rica,GABI,AOTW_Ponerinae_Occ_4036,CRI,valid
Odontomachus_meinerti,10.59427,-83.71651,Costa Rica,GABI,AOTW_Ponerinae_Occ_4037,CRI,valid
Odontomachus_meinerti,10.59427,-83.71651,Costa Rica,GABI,AOTW_Ponerinae_Occ_4038,CRI,valid
Odontomachus_meinerti,10.59427,-83.71651,Costa Rica,GABI,AOTW_Ponerinae_Occ_4039,CRI,valid
Odontomachus_meinerti,10.59427,-83.71651,Costa Rica,GABI,AOTW_Ponerinae_Occ_4040,CRI,valid
Odontomachus_opaciventris,10.14889,-83.95191,Costa Rica,GABI,AOTW_Ponerinae_Occ_4041,CRI,valid
Odontomachus_opaciventris,10.99261,-85.42948,Costa Rica,GABI,AOTW_Ponerinae_Occ_4042,CRI,valid
Odontomachus_opaciventris,10.99261,-85.42948,Costa Rica,GABI,AOTW_Ponerinae_Occ_4043,CRI,valid
Odontomachus_opaciventris,10.99261,-85.42948,Costa Rica,GABI,AOTW_Ponerinae_Occ_4044,CRI,valid
Odontomachus_opaciventris,10.99261,-85.42948,Costa Rica,GABI,AOTW_Ponerinae_Occ_4045,CRI,valid
Odontomachus_opaciventris,10.99261,-85.42948,Costa Rica,GABI,AOTW_Ponerinae_Occ_4046,CRI,valid
Odontomachus_opaciventris,10.99036,-85.42718,Costa Rica,GABI,AOTW_Ponerinae_Occ_4047,CRI,valid
Odontomachus_opaciventris,10.3043,-84.7962,Costa Rica,GABI,AOTW_Ponerinae_Occ_4048,CRI,valid
Odontomachus_opaciventris,10.53955,-83.50648,Costa Rica,GABI,AOTW_Ponerinae_Occ_4049,CRI,valid
Odontomachus_opaciventris,10.21953,-84.60076,Costa Rica,GABI,AOTW_Ponerinae_Occ_4050,CRI,valid
Odontomachus_opaciventris,10.33333,-84.06667,Costa Rica,GABI,AOTW_Ponerinae_Occ_4051,CRI,valid
Odontomachus_panamensis,10.53955,-83.50648,Costa Rica,GABI,AOTW_Ponerinae_Occ_4052,CRI,valid
Odontomachus_ruginodis,10.35,-84.05,Costa Rica,GABI,AOTW_Ponerinae_Occ_4053,CRI,valid
Pachycondyla_harpax,10.40126,-84.04931,Costa Rica,GABI,AOTW_Ponerinae_Occ_4054,CRI,valid
Pachycondyla_harpax,10.34912,-85.35234,Costa Rica,GABI,AOTW_Ponerinae_Occ_4055,CRI,valid
Pachycondyla_harpax,9.77423,-84.60812,Costa Rica,GABI,AOTW_Ponerinae_Occ_4056,CRI,valid
Pachycondyla_harpax,10.35,-84.05,Costa Rica,GABI,AOTW_Ponerinae_Occ_4057,CRI,valid
Pachycondyla_harpax,10.35,-84.05,Costa Rica,GABI,AOTW_Ponerinae_Occ_4058,CRI,valid
Pachycondyla_harpax,10.35,-84.05,Costa Rica,GABI,AOTW_Ponerinae_Occ_4059,CRI,valid
Pachycondyla_harpax,10.35,-84.05,Costa Rica,GABI,AOTW_Ponerinae_Occ_4060,CRI,valid
Pachycondyla_harpax,10.33333,-84.06667,Costa Rica,GABI,AOTW_Ponerinae_Occ_4061,CRI,valid
Pachycondyla_harpax,10.33333,-84.06667,Costa Rica,GABI,AOTW_Ponerinae_Occ_4062,CRI,valid
Pachycondyla_harpax,10.33333,-84.06667,Costa Rica,GABI,AOTW_Ponerinae_Occ_4063,CRI,valid
Pachycondyla_purpurascens,10.93008,-85.47042,Costa Rica,GABI,AOTW_Ponerinae_Occ_4064,CRI,valid
Pachycondyla_purpurascens,10.93008,-85.47042,Costa Rica,GABI,AOTW_Ponerinae_Occ_4065,CRI,valid
Pachycondyla_purpurascens,10.93008,-85.47042,Costa Rica,GABI,AOTW_Ponerinae_Occ_4066,CRI,valid
Pachycondyla_purpurascens,10.93008,-85.47042,Costa Rica,GABI,AOTW_Ponerinae_Occ_4067,CRI,valid
Pachycondyla_purpurascens,10.93008,-85.47042,Costa Rica,GABI,AOTW_Ponerinae_Occ_4068,CRI,valid
Pachycondyla_purpurascens,10.93008,-85.47042,Costa Rica,GABI,AOTW_Ponerinae_Occ_4069,CRI,valid
Pachycondyla_purpurascens,10.93008,-85.47042,Costa Rica,GABI,AOTW_Ponerinae_Occ_4070,CRI,valid
Pachycondyla_purpurascens,10.93008,-85.47042,Costa Rica,GABI,AOTW_Ponerinae_Occ_4071,CRI,valid
Pachycondyla_purpurascens,10.93008,-85.47042,Costa Rica,GABI,AOTW_Ponerinae_Occ_4072,CRI,valid
Pachycondyla_purpurascens,10.93008,-85.47042,Costa Rica,GABI,AOTW_Ponerinae_Occ_4073,CRI,valid
Pachycondyla_purpurascens,10.93008,-85.47042,Costa Rica,GABI,AOTW_Ponerinae_Occ_4074,CRI,valid
Pachycondyla_purpurascens,10.93008,-85.47042,Costa Rica,GABI,AOTW_Ponerinae_Occ_4075,CRI,valid
Pachycondyla_purpurascens,10.93008,-85.47042,Costa Rica,GABI,AOTW_Ponerinae_Occ_4076,CRI,valid
Pachycondyla_purpurascens,10.61046,-84.99497,Costa Rica,GABI,AOTW_Ponerinae_Occ_4077,CRI,valid
Pachycondyla_purpurascens,10.61046,-84.99497,Costa Rica,GABI,AOTW_Ponerinae_Occ_4078,CRI,valid
Pachycondyla_purpurascens,9.81836,-83.45916,Costa Rica,GABI,AOTW_Ponerinae_Occ_4079,CRI,valid
Ponera_pennsylvanica,42.26278,-83.07139,Canada,GABI,AOTW_Ponerinae_Occ_4080,CAN,valid
Leptogenys_elongata,31.00586,-99.58008,United States of America,GABI,AOTW_Ponerinae_Occ_4081,USA,valid
Odontomachus_clarus,29.51133,-103.22205,United States of America,GABI,AOTW_Ponerinae_Occ_4082,USA,valid
Odontomachus_clarus,30.625725,-104.097378,United States of America,GABI,AOTW_Ponerinae_Occ_4083,USA,valid
Leptogenys_elongata,30.93757,-99.86847,United States of America,GABI,AOTW_Ponerinae_Occ_4084,USA,valid
Pachycondyla_harpax,30.03106,-99.12689,United States of America,GABI,AOTW_Ponerinae_Occ_4085,USA,valid
Pachycondyla_harpax,29.44438,-99.43726,United States of America,GABI,AOTW_Ponerinae_Occ_4086,USA,valid
Pachycondyla_harpax,30.20444,-99.42627,United States of America,GABI,AOTW_Ponerinae_Occ_4087,USA,valid
Ponera_pennsylvanica,40.7764,-111.8202,United States of America,GABI,AOTW_Ponerinae_Occ_4088,USA,valid
Odontomachus_brunneus,29.08333,-82.16667,United States of America,GABI,AOTW_Ponerinae_Occ_4089,USA,valid
Cryptopone_gilva,30.71667,-86.1,United States of America,GABI,AOTW_Ponerinae_Occ_4090,USA,valid
Leptogenys_manni,27.18333,-81.35,United States of America,GABI,AOTW_Ponerinae_Occ_4091,USA,valid
Ponera_pennsylvanica,35.72,-79.1775,United States of America,GABI,AOTW_Ponerinae_Occ_4092,USA,valid
Odontomachus_clarus,30.4936,-99.76135,United States of America,GABI,AOTW_Ponerinae_Occ_4093,USA,valid
Leptogenys_elongata,30.20444,-99.42627,United States of America,GABI,AOTW_Ponerinae_Occ_4094,USA,valid
Odontomachus_clarus,33.46694444,-111.7511111,United States of America,GABI,AOTW_Ponerinae_Occ_4095,USA,valid
Platythyrea_pilosula,10.33333,-84.06667,Costa Rica,GABI,AOTW_Ponerinae_Occ_4096,CRI,valid
Odontomachus_clarus,29.43242,-104.02405,United States of America,GABI,AOTW_Ponerinae_Occ_4097,USA,valid
Ponera_pennsylvanica,44.31667,-64.85,Canada,GABI,AOTW_Ponerinae_Occ_4098,CAN,valid
Odontomachus_clarus,34.66667,-111.66667,United States of America,GABI,AOTW_Ponerinae_Occ_4099,USA,valid
Odontomachus_clarus,31.91667,-109.15,United States of America,GABI,AOTW_Ponerinae_Occ_4100,USA,valid
Hypoponera_inexorata,30.94464,-103.27972,United States of America,GABI,AOTW_Ponerinae_Occ_4101,USA,valid
Pseudoponera_stigma,9.76745,-84.60812,Costa Rica,GABI,AOTW_Ponerinae_Occ_4102,CRI,valid
Pseudoponera_stigma,8.6791,-83.56671,Costa Rica,GABI,AOTW_Ponerinae_Occ_4103,CRI,valid
Pseudoponera_stigma,8.6791,-83.56671,Costa Rica,GABI,AOTW_Ponerinae_Occ_4104,CRI,valid
Pseudoponera_stigma,10.59427,-83.71651,Costa Rica,GABI,AOTW_Ponerinae_Occ_4105,CRI,valid
Pseudoponera_stigma,10.35,-84.05,Costa Rica,GABI,AOTW_Ponerinae_Occ_4106,CRI,valid
Simopelta_longinoda,10.23617,-84.11767,Costa Rica,GABI,AOTW_Ponerinae_Occ_4107,CRI,valid
Leptogenys_elongata,33.816305,-96.609674,United States of America,GABI,AOTW_Ponerinae_Occ_4108,USA,valid
Pachycondyla_harpax,30.47708,-99.75037,United States of America,GABI,AOTW_Ponerinae_Occ_4109,USA,valid
Odontomachus_brunneus,25.976,-81.604,United States of America,GABI,AOTW_Ponerinae_Occ_4110,USA,valid
Pachycondyla_harpax,29.80252,-101.28845,United States of America,GABI,AOTW_Ponerinae_Occ_4111,USA,valid
Odontomachus_brunneus,27.15,-82.11667,United States of America,GABI,AOTW_Ponerinae_Occ_4112,USA,valid
Odontomachus_clarus,33.46694444,-111.7511111,United States of America,GABI,AOTW_Ponerinae_Occ_4113,USA,valid
Pachycondyla_harpax,29.23848,-100.26672,United States of America,GABI,AOTW_Ponerinae_Occ_4114,USA,valid
Leptogenys_elongata,30.09761,-99.12964,United States of America,GABI,AOTW_Ponerinae_Occ_4115,USA,valid
Ponera_exotica,30.683332,-87.92,United States of America,GABI,AOTW_Ponerinae_Occ_4116,USA,valid
Leptogenys_elongata,30.15463,-99.36035,United States of America,GABI,AOTW_Ponerinae_Occ_4117,USA,valid
Ponera_exotica,29.666666,-81.26667,United States of America,GABI,AOTW_Ponerinae_Occ_4118,USA,valid
Odontomachus_clarus,33.350437,-112.074373,United States of America,GABI,AOTW_Ponerinae_Occ_4119,USA,valid
Odontomachus_brunneus,27.333334,-82.53333,United States of America,GABI,AOTW_Ponerinae_Occ_4120,USA,valid
Ponera_pennsylvanica,40.768097,-111.798615,United States of America,GABI,AOTW_Ponerinae_Occ_4121,USA,valid
Anochetus_mayri,8.6791,-83.56671,Costa Rica,GABI,AOTW_Ponerinae_Occ_4122,CRI,valid
Anochetus_mayri,9.63258,-82.65905,Costa Rica,GABI,AOTW_Ponerinae_Occ_4123,CRI,valid
Anochetus_micans,10.35,-84.05,Costa Rica,GABI,AOTW_Ponerinae_Occ_4124,CRI,valid
Belonopelta_deletrix,10.23617,-84.11767,Costa Rica,GABI,AOTW_Ponerinae_Occ_4125,CRI,valid
Leptogenys_elongata,30.26694,-97.74278,United States of America,GABI,AOTW_Ponerinae_Occ_4126,USA,valid
Odontomachus_clarus,30.47708,-99.75037,United States of America,GABI,AOTW_Ponerinae_Occ_4127,USA,valid
Odontomachus_clarus,30.83621,-98.9209,United States of America,GABI,AOTW_Ponerinae_Occ_4128,USA,valid
Leptogenys_elongata,30.667,-96.317,United States of America,GABI,AOTW_Ponerinae_Occ_4129,USA,valid
Leptogenys_elongata,30.667,-96.317,United States of America,GABI,AOTW_Ponerinae_Occ_4130,USA,valid
Ponera_pennsylvanica,40.13111,-87.69444,United States of America,GABI,AOTW_Ponerinae_Occ_4131,USA,valid
Ponera_pennsylvanica,40.11056,-88.20722,United States of America,GABI,AOTW_Ponerinae_Occ_4132,USA,valid
Ponera_pennsylvanica,42.41667,-90.42889,United States of America,GABI,AOTW_Ponerinae_Occ_4133,USA,valid
Ponera_pennsylvanica,40.0981,-87.6561,United States of America,GABI,AOTW_Ponerinae_Occ_4134,USA,valid
Ponera_pennsylvanica,40.1106,-88.2072,United States of America,GABI,AOTW_Ponerinae_Occ_4135,USA,valid
Ponera_pennsylvanica,42.41667,-90.42889,United States of America,GABI,AOTW_Ponerinae_Occ_4136,USA,valid
Ponera_pennsylvanica,40.11056,-88.20722,United States of America,GABI,AOTW_Ponerinae_Occ_4137,USA,valid
Ponera_pennsylvanica,40.11056,-88.20722,United States of America,GABI,AOTW_Ponerinae_Occ_4138,USA,valid
Ponera_pennsylvanica,40.11056,-88.20722,United States of America,GABI,AOTW_Ponerinae_Occ_4139,USA,valid
Ponera_pennsylvanica,38.4074,-88.0046,United States of America,GABI,AOTW_Ponerinae_Occ_4140,USA,valid
Ponera_pennsylvanica,40.08611,-88.51278,United States of America,GABI,AOTW_Ponerinae_Occ_4141,USA,valid
Ponera_pennsylvanica,40.08299,-87.78013,United States of America,GABI,AOTW_Ponerinae_Occ_4142,USA,valid
Ponera_pennsylvanica,37.89949,-89.05202,United States of America,GABI,AOTW_Ponerinae_Occ_4143,USA,valid
Ponera_pennsylvanica,39.48306,-88.37278,United States of America,GABI,AOTW_Ponerinae_Occ_4144,USA,valid
Ponera_pennsylvanica,39.48306,-88.37278,United States of America,GABI,AOTW_Ponerinae_Occ_4145,USA,valid
Ponera_pennsylvanica,40.02778,-88.57333,United States of America,GABI,AOTW_Ponerinae_Occ_4146,USA,valid
Ponera_pennsylvanica,42.2927,-89.6334,United States of America,GABI,AOTW_Ponerinae_Occ_4147,USA,valid
Ponera_pennsylvanica,42.2927,-89.6334,United States of America,GABI,AOTW_Ponerinae_Occ_4148,USA,valid
Ponera_pennsylvanica,40.08299,-87.78013,United States of America,GABI,AOTW_Ponerinae_Occ_4149,USA,valid
Ponera_pennsylvanica,40.11056,-88.20722,United States of America,GABI,AOTW_Ponerinae_Occ_4150,USA,valid
Ponera_pennsylvanica,40.11056,-88.20722,United States of America,GABI,AOTW_Ponerinae_Occ_4151,USA,valid
Ponera_pennsylvanica,40.1106,-88.2072,United States of America,GABI,AOTW_Ponerinae_Occ_4152,USA,valid
Ponera_pennsylvanica,40.1106,-88.2072,United States of America,GABI,AOTW_Ponerinae_Occ_4153,USA,valid
Ponera_pennsylvanica,40.08299,-87.78013,United States of America,GABI,AOTW_Ponerinae_Occ_4154,USA,valid
Ponera_pennsylvanica,40.08299,-87.78013,United States of America,GABI,AOTW_Ponerinae_Occ_4155,USA,valid
Ponera_pennsylvanica,39.27972,-89.88167,United States of America,GABI,AOTW_Ponerinae_Occ_4156,USA,valid
Ponera_pennsylvanica,39.93556,-91.40972,United States of America,GABI,AOTW_Ponerinae_Occ_4157,USA,valid
Ponera_pennsylvanica,40.69361,-89.58889,United States of America,GABI,AOTW_Ponerinae_Occ_4158,USA,valid
Ponera_pennsylvanica,37.38318,-88.66031,United States of America,GABI,AOTW_Ponerinae_Occ_4159,USA,valid
Ponera_pennsylvanica,38.49111,-88.90639,United States of America,GABI,AOTW_Ponerinae_Occ_4160,USA,valid
Ponera_pennsylvanica,29.94028,-90.20306,United States of America,GABI,AOTW_Ponerinae_Occ_4161,USA,valid
Ponera_pennsylvanica,38.97,-90.43139,United States of America,GABI,AOTW_Ponerinae_Occ_4162,USA,valid
Ponera_pennsylvanica,29.94028,-90.20306,United States of America,GABI,AOTW_Ponerinae_Occ_4163,USA,valid
Ponera_pennsylvanica,41.20322,-89.40097,United States of America,GABI,AOTW_Ponerinae_Occ_4164,USA,valid
Ponera_pennsylvanica,40.11056,-88.20722,United States of America,GABI,AOTW_Ponerinae_Occ_4165,USA,valid
Ponera_pennsylvanica,40.739,-89.016,United States of America,GABI,AOTW_Ponerinae_Occ_4166,USA,valid
Ponera_pennsylvanica,41.185,-89.39639,United States of America,GABI,AOTW_Ponerinae_Occ_4167,USA,valid
Ponera_pennsylvanica,40.11056,-88.20722,United States of America,GABI,AOTW_Ponerinae_Occ_4168,USA,valid
Ponera_pennsylvanica,40.124,-87.63,United States of America,GABI,AOTW_Ponerinae_Occ_4169,USA,valid
Belonopelta_deletrix,15.23705,-89.79217,Guatemala,GABI,AOTW_Ponerinae_Occ_4170,GTM,valid
Platythyrea_turneri,-30.14888,148.89694,Australia,GABI,AOTW_Ponerinae_Occ_4171,AUS,valid
Neoponera_villosa,25.9014,-97.4972,United States of America,GABI,AOTW_Ponerinae_Occ_4172,USA,valid
Neoponera_villosa,25.9014,-97.4972,United States of America,GABI,AOTW_Ponerinae_Occ_4173,USA,valid
Neoponera_villosa,25.9014,-97.4972,United States of America,GABI,AOTW_Ponerinae_Occ_4174,USA,valid
Neoponera_villosa,25.9014,-97.4972,United States of America,GABI,AOTW_Ponerinae_Occ_4175,USA,valid
Neoponera_villosa,25.9014,-97.4972,United States of America,GABI,AOTW_Ponerinae_Occ_4176,USA,valid
Ponera_pennsylvanica,39.5167,-82.4667,United States of America,GABI,AOTW_Ponerinae_Occ_4177,USA,valid
Ponera_pennsylvanica,36.5994,-83.6686,United States of America,GABI,AOTW_Ponerinae_Occ_4178,USA,valid
Ponera_pennsylvanica,36.5994,-83.6686,United States of America,GABI,AOTW_Ponerinae_Occ_4179,USA,valid
Ponera_pennsylvanica,36.5994,-83.6686,United States of America,GABI,AOTW_Ponerinae_Occ_4180,USA,valid
Ponera_pennsylvanica,36.5994,-83.6686,United States of America,GABI,AOTW_Ponerinae_Occ_4181,USA,valid
Ponera_pennsylvanica,41.48,-82.6825,United States of America,GABI,AOTW_Ponerinae_Occ_4182,USA,valid
Ponera_pennsylvanica,41.48,-82.6825,United States of America,GABI,AOTW_Ponerinae_Occ_4183,USA,valid
Ponera_pennsylvanica,41.48,-82.6825,United States of America,GABI,AOTW_Ponerinae_Occ_4184,USA,valid
Ponera_pennsylvanica,41.48,-82.6825,United States of America,GABI,AOTW_Ponerinae_Occ_4185,USA,valid
Ponera_pennsylvanica,41.48,-82.6825,United States of America,GABI,AOTW_Ponerinae_Occ_4186,USA,valid
Ponera_pennsylvanica,41.48,-82.6825,United States of America,GABI,AOTW_Ponerinae_Occ_4187,USA,valid
Ponera_pennsylvanica,41.48,-82.6825,United States of America,GABI,AOTW_Ponerinae_Occ_4188,USA,valid
Ponera_pennsylvanica,41.48,-82.6825,United States of America,GABI,AOTW_Ponerinae_Occ_4189,USA,valid
Ponera_pennsylvanica,41.48,-82.6825,United States of America,GABI,AOTW_Ponerinae_Occ_4190,USA,valid
Ponera_pennsylvanica,41.48,-82.6825,United States of America,GABI,AOTW_Ponerinae_Occ_4191,USA,valid
Ponera_pennsylvanica,41.48,-82.6825,United States of America,GABI,AOTW_Ponerinae_Occ_4192,USA,valid
Ponera_pennsylvanica,41.48,-82.6825,United States of America,GABI,AOTW_Ponerinae_Occ_4193,USA,valid
Ponera_pennsylvanica,41.48,-82.6825,United States of America,GABI,AOTW_Ponerinae_Occ_4194,USA,valid
Ponera_pennsylvanica,41.48,-82.6825,United States of America,GABI,AOTW_Ponerinae_Occ_4195,USA,valid
Ponera_pennsylvanica,41.48,-82.6825,United States of America,GABI,AOTW_Ponerinae_Occ_4196,USA,valid
Ponera_pennsylvanica,41.48,-82.6825,United States of America,GABI,AOTW_Ponerinae_Occ_4197,USA,valid
Ponera_pennsylvanica,41.48,-82.6825,United States of America,GABI,AOTW_Ponerinae_Occ_4198,USA,valid
Ponera_pennsylvanica,41.48,-82.6825,United States of America,GABI,AOTW_Ponerinae_Occ_4199,USA,valid
Ponera_pennsylvanica,41.48,-82.6825,United States of America,GABI,AOTW_Ponerinae_Occ_4200,USA,valid
Ponera_pennsylvanica,41.48,-82.6825,United States of America,GABI,AOTW_Ponerinae_Occ_4201,USA,valid
Leptogenys_elongata,29.32,-96.1,United States of America,GABI,AOTW_Ponerinae_Occ_4202,USA,valid
Odontomachus_brunneus,28.55,-82.39,United States of America,GABI,AOTW_Ponerinae_Occ_4203,USA,valid
Odontomachus_clarus,31.38388889,-111.1002778,United States of America,GABI,AOTW_Ponerinae_Occ_4204,USA,valid
Odontomachus_clarus,31.38388889,-111.1002778,United States of America,GABI,AOTW_Ponerinae_Occ_4205,USA,valid
Centromyrmex_sellaris,-18.92636111,34.41894444,Mozambique,GABI,AOTW_Ponerinae_Occ_4206,MOZ,valid
Leptogenys_leiothorax,-18.64333,34.81439,Mozambique,GABI,AOTW_Ponerinae_Occ_4207,MOZ,valid
Odontomachus_erythrocephalus,5.94,-73.5169,Colombia,GABI,AOTW_Ponerinae_Occ_4208,COL,valid
Neoponera_carbonaria,2.39417,-75.8947,Colombia,GABI,AOTW_Ponerinae_Occ_4209,COL,valid
Neoponera_apicalis,5.29944,-75.8869,Colombia,GABI,AOTW_Ponerinae_Occ_4210,COL,valid
Neoponera_verenae,5.29944,-75.8869,Colombia,GABI,AOTW_Ponerinae_Occ_4211,COL,valid
Neoponera_moesta,-26.9333,-48.9667,Brazil,GABI,AOTW_Ponerinae_Occ_4212,BRA,valid
Mayaponera_constricta,10.59427,-83.71651,Costa Rica,GABI,AOTW_Ponerinae_Occ_4213,CRI,valid
Mayaponera_constricta,10.59427,-83.71651,Costa Rica,GABI,AOTW_Ponerinae_Occ_4214,CRI,valid
Leptogenys_josephi,10.35,-84.05,Costa Rica,GABI,AOTW_Ponerinae_Occ_4215,CRI,valid
Pseudoponera_stigma,5.519,-87.072,Costa Rica,GABI,AOTW_Ponerinae_Occ_4216,CRI,valid
Odontomachus_haematodus,3.46361,-73.6228,Colombia,GABI,AOTW_Ponerinae_Occ_4217,COL,valid
Pachycondyla_crassinoda,3.98778,-73.7631,Colombia,GABI,AOTW_Ponerinae_Occ_4218,COL,valid
Odontomachus_bauri,3.8933,-77.07,Colombia,GABI,AOTW_Ponerinae_Occ_4219,COL,valid
Odontomachus_erythrocephalus,3.26667,-76.61667,Colombia,GABI,AOTW_Ponerinae_Occ_4220,COL,valid
Neoponera_crenata,-29.55,-51.5667,Brazil,GABI,AOTW_Ponerinae_Occ_4221,BRA,valid
Neoponera_moesta,-23.5333,-46.6167,Brazil,GABI,AOTW_Ponerinae_Occ_4222,BRA,valid
Anochetus_mayri,-29.65,-51.4,Brazil,GABI,AOTW_Ponerinae_Occ_4223,BRA,valid
Neoponera_crenata,-29.55,-51.5667,Brazil,GABI,AOTW_Ponerinae_Occ_4224,BRA,valid
Neoponera_moesta,-23.5333,-46.6167,Brazil,GABI,AOTW_Ponerinae_Occ_4225,BRA,valid
Dinoponera_gigantea,-30.0333,-51.2,Brazil,GABI,AOTW_Ponerinae_Occ_4226,BRA,valid
Dinoponera_quadriceps,-27.352778,-53.394167,Brazil,GABI,AOTW_Ponerinae_Occ_4227,BRA,valid
Hypoponera_leveillei,-22.5,-44.5667,Brazil,GABI,AOTW_Ponerinae_Occ_4228,BRA,valid
Pachycondyla_crassinoda,-0.4,-76.6,Ecuador,GABI,AOTW_Ponerinae_Occ_4229,ECU,valid
Megaponera_analis,15.766667,38.45,Eritrea,GABI,AOTW_Ponerinae_Occ_4230,ERI,valid
Leptogenys_intermedia,-25.7089,28.94265,South Africa,GABI,AOTW_Ponerinae_Occ_4231,ZAF,valid
Leptogenys_intermedia,-24.97085,30.3918,South Africa,GABI,AOTW_Ponerinae_Occ_4232,ZAF,valid
Hypoponera_leveillei,-19.9167,-40.6,Brazil,GABI,AOTW_Ponerinae_Occ_4233,BRA,valid
Hypoponera_leveillei,-19.9167,-40.6,Brazil,GABI,AOTW_Ponerinae_Occ_4234,BRA,valid
Leptogenys_elongata,30.09761,-99.12964,United States of America,GABI,AOTW_Ponerinae_Occ_4235,USA,valid
Hypoponera_leveillei,-19.9167,-40.6,Brazil,GABI,AOTW_Ponerinae_Occ_4236,BRA,valid
Hypoponera_leveillei,-11.55,-47.3167,Brazil,GABI,AOTW_Ponerinae_Occ_4237,BRA,valid
Hypoponera_leveillei,-19.9167,-40.6,Brazil,GABI,AOTW_Ponerinae_Occ_4238,BRA,valid
Odontomachus_brunneus,28.7,-82.23333,United States of America,GABI,AOTW_Ponerinae_Occ_4239,USA,valid
Hypoponera_leveillei,-19.9167,-40.6,Brazil,GABI,AOTW_Ponerinae_Occ_4240,BRA,valid
Odontomachus_clarus,31.25038,-99.85474,United States of America,GABI,AOTW_Ponerinae_Occ_4241,USA,valid
Odontomachus_clarus,29.23848,-100.26672,United States of America,GABI,AOTW_Ponerinae_Occ_4242,USA,valid
Hypoponera_leveillei,-29.65,-51.4,Brazil,GABI,AOTW_Ponerinae_Occ_4243,BRA,valid
Hypoponera_leveillei,-29.65,-51.4,Brazil,GABI,AOTW_Ponerinae_Occ_4244,BRA,valid
Leptogenys_elongata,33.755165,-96.536722,United States of America,GABI,AOTW_Ponerinae_Occ_4245,USA,valid
Hypoponera_leveillei,-29.65,-51.4,Brazil,GABI,AOTW_Ponerinae_Occ_4246,BRA,valid
Odontomachus_brunneus,29.71667,-82.4,United States of America,GABI,AOTW_Ponerinae_Occ_4247,USA,valid
Leptogenys_elongata,30.26694,-97.74278,United States of America,GABI,AOTW_Ponerinae_Occ_4248,USA,valid
Leptogenys_elongata,30.667,-96.317,United States of America,GABI,AOTW_Ponerinae_Occ_4249,USA,valid
Ponera_pennsylvanica,40.1106,-88.2072,United States of America,GABI,AOTW_Ponerinae_Occ_4250,USA,valid
Hypoponera_leveillei,-22.2167,-45.2667,Brazil,GABI,AOTW_Ponerinae_Occ_4251,BRA,valid
Hypoponera_leveillei,-22.2167,-45.2667,Brazil,GABI,AOTW_Ponerinae_Occ_4252,BRA,valid
Hypoponera_leveillei,-22.2167,-45.2667,Brazil,GABI,AOTW_Ponerinae_Occ_4253,BRA,valid
Hypoponera_leveillei,-22.2167,-45.2667,Brazil,GABI,AOTW_Ponerinae_Occ_4254,BRA,valid
Leptogenys_intermedia,-25.92594,28.29115,South Africa,GABI,AOTW_Ponerinae_Occ_4255,ZAF,valid
Neoponera_commutata,-3.10194,-60.025,Brazil,GABI,AOTW_Ponerinae_Occ_4256,BRA,valid
Neoponera_goeldii,-3.10194,-60.025,Brazil,GABI,AOTW_Ponerinae_Occ_4257,BRA,valid
Pachycondyla_crassinoda,-3.10194,-60.025,Brazil,GABI,AOTW_Ponerinae_Occ_4258,BRA,valid
Leptogenys_intermedia,-25.92594,28.29115,South Africa,GABI,AOTW_Ponerinae_Occ_4259,ZAF,valid
Leptogenys_intermedia,-25.92594,28.29115,South Africa,GABI,AOTW_Ponerinae_Occ_4260,ZAF,valid
Hypoponera_leveillei,-22.2167,-45.2667,Brazil,GABI,AOTW_Ponerinae_Occ_4261,BRA,valid
Neoponera_crenata,-19.9167,-40.6,Brazil,GABI,AOTW_Ponerinae_Occ_4262,BRA,valid
Hypoponera_leveillei,-22.2167,-45.2667,Brazil,GABI,AOTW_Ponerinae_Occ_4263,BRA,valid
Pachycondyla_harpax,3.5375,-76.52278,Colombia,GABI,AOTW_Ponerinae_Occ_4264,COL,valid
Pseudoponera_stigma,3.6,-76.06667,Colombia,GABI,AOTW_Ponerinae_Occ_4265,COL,valid
Simopelta_williamsi,3.6,-76.06667,Colombia,GABI,AOTW_Ponerinae_Occ_4266,COL,valid
Neoponera_villosa,25.9014,-97.4972,United States of America,GABI,AOTW_Ponerinae_Occ_4267,USA,valid
Neoponera_villosa,25.9014,-97.4972,United States of America,GABI,AOTW_Ponerinae_Occ_4268,USA,valid
Neoponera_villosa,25.9014,-97.4972,United States of America,GABI,AOTW_Ponerinae_Occ_4269,USA,valid
Neoponera_villosa,25.9014,-97.4972,United States of America,GABI,AOTW_Ponerinae_Occ_4270,USA,valid
Neoponera_villosa,25.9014,-97.4972,United States of America,GABI,AOTW_Ponerinae_Occ_4271,USA,valid
Neoponera_villosa,25.9014,-97.4972,United States of America,GABI,AOTW_Ponerinae_Occ_4272,USA,valid
Neoponera_villosa,25.9014,-97.4972,United States of America,GABI,AOTW_Ponerinae_Occ_4273,USA,valid
Neoponera_villosa,26.1167,-97.5167,United States of America,GABI,AOTW_Ponerinae_Occ_4274,USA,valid
Neoponera_villosa,26.3333,-98.2,United States of America,GABI,AOTW_Ponerinae_Occ_4275,USA,valid
Neoponera_villosa,26.3333,-98.2,United States of America,GABI,AOTW_Ponerinae_Occ_4276,USA,valid
Neoponera_villosa,25.9014,-97.4972,United States of America,GABI,AOTW_Ponerinae_Occ_4277,USA,valid
Neoponera_villosa,25.9014,-97.4972,United States of America,GABI,AOTW_Ponerinae_Occ_4278,USA,valid
Neoponera_villosa,25.9014,-97.4972,United States of America,GABI,AOTW_Ponerinae_Occ_4279,USA,valid
Cryptopone_gilva,33.825,-88.5436,United States of America,GABI,AOTW_Ponerinae_Occ_4280,USA,valid
Cryptopone_gilva,33.825,-88.5436,United States of America,GABI,AOTW_Ponerinae_Occ_4281,USA,valid
Cryptopone_gilva,33.825,-88.5436,United States of America,GABI,AOTW_Ponerinae_Occ_4282,USA,valid
Cryptopone_gilva,33.825,-88.5436,United States of America,GABI,AOTW_Ponerinae_Occ_4283,USA,valid
Cryptopone_gilva,33.825,-88.5436,United States of America,GABI,AOTW_Ponerinae_Occ_4284,USA,valid
Cryptopone_gilva,33.825,-88.5436,United States of America,GABI,AOTW_Ponerinae_Occ_4285,USA,valid
Cryptopone_gilva,33.825,-88.5436,United States of America,GABI,AOTW_Ponerinae_Occ_4286,USA,valid
Cryptopone_gilva,33.825,-88.5436,United States of America,GABI,AOTW_Ponerinae_Occ_4287,USA,valid
Ponera_pennsylvanica,39.7589,-84.1917,United States of America,GABI,AOTW_Ponerinae_Occ_4288,USA,valid
Ponera_pennsylvanica,41.48,-82.6825,United States of America,GABI,AOTW_Ponerinae_Occ_4289,USA,valid
Ponera_pennsylvanica,41.48,-82.6825,United States of America,GABI,AOTW_Ponerinae_Occ_4290,USA,valid
Ponera_pennsylvanica,41.48,-82.6825,United States of America,GABI,AOTW_Ponerinae_Occ_4291,USA,valid
Ponera_pennsylvanica,41.48,-82.6825,United States of America,GABI,AOTW_Ponerinae_Occ_4292,USA,valid
Ponera_pennsylvanica,41.48,-82.6825,United States of America,GABI,AOTW_Ponerinae_Occ_4293,USA,valid
Ponera_pennsylvanica,41.48,-82.6825,United States of America,GABI,AOTW_Ponerinae_Occ_4294,USA,valid
Ponera_pennsylvanica,41.48,-82.6825,United States of America,GABI,AOTW_Ponerinae_Occ_4295,USA,valid
Ponera_pennsylvanica,41.48,-82.6825,United States of America,GABI,AOTW_Ponerinae_Occ_4296,USA,valid
Ponera_pennsylvanica,41.48,-82.6825,United States of America,GABI,AOTW_Ponerinae_Occ_4297,USA,valid
Ponera_pennsylvanica,41.48,-82.6825,United States of America,GABI,AOTW_Ponerinae_Occ_4298,USA,valid
Ponera_pennsylvanica,41.48,-82.6825,United States of America,GABI,AOTW_Ponerinae_Occ_4299,USA,valid
Ponera_pennsylvanica,41.48,-82.6825,United States of America,GABI,AOTW_Ponerinae_Occ_4300,USA,valid
Ponera_pennsylvanica,41.48,-82.6825,United States of America,GABI,AOTW_Ponerinae_Occ_4301,USA,valid
Leptogenys_intermedia,-25.92594,28.29115,South Africa,GABI,AOTW_Ponerinae_Occ_4302,ZAF,valid
Hypoponera_leveillei,-22.2167,-45.2667,Brazil,GABI,AOTW_Ponerinae_Occ_4303,BRA,valid
Ponera_pennsylvanica,41.48,-82.6825,United States of America,GABI,AOTW_Ponerinae_Occ_4304,USA,valid
Hypoponera_leveillei,-27.0667,-49.5167,Brazil,GABI,AOTW_Ponerinae_Occ_4305,BRA,valid
Leptogenys_elongata,29.32,-96.1,United States of America,GABI,AOTW_Ponerinae_Occ_4306,USA,valid
Leptogenys_elongata,29.58,-95.77,United States of America,GABI,AOTW_Ponerinae_Occ_4307,USA,valid
Odontomachus_clarus,33.54,-112.07,United States of America,GABI,AOTW_Ponerinae_Occ_4308,USA,valid
Odontomachus_brunneus,28.55,-82.39,United States of America,GABI,AOTW_Ponerinae_Occ_4309,USA,valid
Hypoponera_leveillei,-22.6333,-44.5833,Brazil,GABI,AOTW_Ponerinae_Occ_4310,BRA,valid
Hypoponera_leveillei,-23.5333,-46.6167,Brazil,GABI,AOTW_Ponerinae_Occ_4311,BRA,valid
Hypoponera_leveillei,-26.0967,-49.7933,Brazil,GABI,AOTW_Ponerinae_Occ_4312,BRA,valid
Hypoponera_leveillei,-26.0967,-49.7933,Brazil,GABI,AOTW_Ponerinae_Occ_4313,BRA,valid
Odontomachus_brunneus,28.55,-82.39,United States of America,GABI,AOTW_Ponerinae_Occ_4314,USA,valid
Odontomachus_brunneus,28.55,-82.39,United States of America,GABI,AOTW_Ponerinae_Occ_4315,USA,valid
Odontomachus_brunneus,30.4381,-84.2808,United States of America,GABI,AOTW_Ponerinae_Occ_4316,USA,valid
Odontomachus_brunneus,30.8053,-82.3403,United States of America,GABI,AOTW_Ponerinae_Occ_4317,USA,valid
Odontomachus_brunneus,30.8053,-82.3403,United States of America,GABI,AOTW_Ponerinae_Occ_4318,USA,valid
Odontomachus_brunneus,30.8053,-82.3403,United States of America,GABI,AOTW_Ponerinae_Occ_4319,USA,valid
Odontomachus_brunneus,30.8053,-82.3403,United States of America,GABI,AOTW_Ponerinae_Occ_4320,USA,valid
Hypoponera_leveillei,-26.0967,-49.7933,Brazil,GABI,AOTW_Ponerinae_Occ_4321,BRA,valid
Hypoponera_leveillei,-26.0967,-49.7933,Brazil,GABI,AOTW_Ponerinae_Occ_4322,BRA,valid
Hypoponera_leveillei,-26.0967,-49.7933,Brazil,GABI,AOTW_Ponerinae_Occ_4323,BRA,valid
Odontomachus_brunneus,30.8053,-82.3403,United States of America,GABI,AOTW_Ponerinae_Occ_4324,USA,valid
Hypoponera_leveillei,-26.0967,-49.7933,Brazil,GABI,AOTW_Ponerinae_Occ_4325,BRA,valid
Leptogenys_intermedia,-25.13396,30.54549,South Africa,GABI,AOTW_Ponerinae_Occ_4326,ZAF,valid
Leptogenys_intermedia,-25.17778,30.13665,South Africa,GABI,AOTW_Ponerinae_Occ_4327,ZAF,valid
Pseudoponera_stigma,0.896,-52.002,Brazil,GABI,AOTW_Ponerinae_Occ_4328,BRA,valid
Neoponera_foetida,-4.216,-69.933,Colombia,GABI,AOTW_Ponerinae_Occ_4329,COL,valid
Neoponera_globularia,-3.483,-70.2,Colombia,GABI,AOTW_Ponerinae_Occ_4330,COL,valid
Neoponera_villosa,-4.216,-69.933,Colombia,GABI,AOTW_Ponerinae_Occ_4331,COL,valid
Ponera_exotica,32.521389,-82.445,United States of America,GABI,AOTW_Ponerinae_Occ_4332,USA,valid
Ponera_pennsylvanica,32.521389,-82.445,United States of America,GABI,AOTW_Ponerinae_Occ_4333,USA,valid
Pseudoponera_stigma,-1.58,-71.01,Colombia,GABI,AOTW_Ponerinae_Occ_4334,COL,valid
Pseudoponera_stigma,1.613,-75.613,Colombia,GABI,AOTW_Ponerinae_Occ_4335,COL,valid
Pachycondyla_crassinoda,-2.517,-54.95,Brazil,GABI,AOTW_Ponerinae_Occ_4336,BRA,valid
Neoponera_crenata,6.269,-75.582,Colombia,GABI,AOTW_Ponerinae_Occ_4337,COL,valid
Neoponera_villosa,8.098,-76.731,Colombia,GABI,AOTW_Ponerinae_Occ_4338,COL,valid
Pachycondyla_impressa,6,-74.417,Colombia,GABI,AOTW_Ponerinae_Occ_4339,COL,valid
Neoponera_commutata,2.999,-75.304,Colombia,GABI,AOTW_Ponerinae_Occ_4340,COL,valid
Pachycondyla_harpax,2.785,-75.259,Colombia,GABI,AOTW_Ponerinae_Occ_4341,COL,valid
Pachycondyla_impressa,2.999,-75.304,Colombia,GABI,AOTW_Ponerinae_Occ_4342,COL,valid
Hypoponera_leveillei,-29.65,-51.4,Brazil,GABI,AOTW_Ponerinae_Occ_4343,BRA,valid
Ponera_pennsylvanica,39.7836,-84.0636,United States of America,GABI,AOTW_Ponerinae_Occ_4344,USA,valid
Ponera_pennsylvanica,39.9936,-81.7342,United States of America,GABI,AOTW_Ponerinae_Occ_4345,USA,valid
Leptogenys_intermedia,-25.15216,30.56327,South Africa,GABI,AOTW_Ponerinae_Occ_4346,ZAF,valid
Odontomachus_clarus,31.38388889,-111.1002778,United States of America,GABI,AOTW_Ponerinae_Occ_4347,USA,valid
Odontomachus_desertorum,33.41861111,-111.9505556,United States of America,GABI,AOTW_Ponerinae_Occ_4348,USA,valid
Leptogenys_intermedia,-25.14628,30.6024,South Africa,GABI,AOTW_Ponerinae_Occ_4349,ZAF,valid
Hypoponera_leveillei,-19.9167,-40.6,Brazil,GABI,AOTW_Ponerinae_Occ_4350,BRA,valid
Odontomachus_desertorum,33.68416667,-110.9686111,United States of America,GABI,AOTW_Ponerinae_Occ_4351,USA,valid
Hypoponera_leveillei,-26.0967,-49.7933,Brazil,GABI,AOTW_Ponerinae_Occ_4352,BRA,valid
Hypoponera_leveillei,-19.9167,-40.6,Brazil,GABI,AOTW_Ponerinae_Occ_4353,BRA,valid
Leptogenys_elongata,30.667,-96.317,United States of America,GABI,AOTW_Ponerinae_Occ_4354,USA,valid
Leptogenys_intermedia,-25.14424,30.60485,South Africa,GABI,AOTW_Ponerinae_Occ_4355,ZAF,valid
Hypoponera_leveillei,-26.0967,-49.7933,Brazil,GABI,AOTW_Ponerinae_Occ_4356,BRA,valid
Hypoponera_leveillei,-29.65,-51.4,Brazil,GABI,AOTW_Ponerinae_Occ_4357,BRA,valid
Neoponera_cavinodis,-14.789,-39.049,Brazil,GABI,AOTW_Ponerinae_Occ_4358,BRA,valid
Neoponera_inversa,-14.785,-39.28,Brazil,GABI,AOTW_Ponerinae_Occ_4359,BRA,valid
Odontomachus_bauri,-14.785,-39.28,Brazil,GABI,AOTW_Ponerinae_Occ_4360,BRA,valid
Odontomachus_haematodus,-3.10194,-60.025,Brazil,GABI,AOTW_Ponerinae_Occ_4361,BRA,valid
Odontomachus_meinerti,-3.10194,-60.025,Brazil,GABI,AOTW_Ponerinae_Occ_4362,BRA,valid
Pachycondyla_crassinoda,-3.10194,-60.025,Brazil,GABI,AOTW_Ponerinae_Occ_4363,BRA,valid
Leptogenys_leiothorax,-18.39776,26.46832,Zimbabwe,GABI,AOTW_Ponerinae_Occ_4364,ZWE,valid
Neoponera_commutata,-3.10194,-60.025,Brazil,GABI,AOTW_Ponerinae_Occ_4365,BRA,valid
Neoponera_commutata,-3.10194,-60.025,Brazil,GABI,AOTW_Ponerinae_Occ_4366,BRA,valid
Neoponera_commutata,-3.10194,-60.025,Brazil,GABI,AOTW_Ponerinae_Occ_4367,BRA,valid
Neoponera_commutata,-3.10194,-60.025,Brazil,GABI,AOTW_Ponerinae_Occ_4368,BRA,valid
Neoponera_commutata,-3.10194,-60.025,Brazil,GABI,AOTW_Ponerinae_Occ_4369,BRA,valid
Neoponera_laevigata,-3.10194,-60.025,Brazil,GABI,AOTW_Ponerinae_Occ_4370,BRA,valid
Pachycondyla_crassinoda,-3.10194,-60.025,Brazil,GABI,AOTW_Ponerinae_Occ_4371,BRA,valid
Pachycondyla_crassinoda,-1.95,-61.75,Brazil,GABI,AOTW_Ponerinae_Occ_4372,BRA,valid
Pachycondyla_crassinoda,-1.983333,-61.75,Brazil,GABI,AOTW_Ponerinae_Occ_4373,BRA,valid
Pachycondyla_harpax,-2.566667,-60.1,Brazil,GABI,AOTW_Ponerinae_Occ_4374,BRA,valid
Pachycondyla_harpax,-3.10194,-60.025,Brazil,GABI,AOTW_Ponerinae_Occ_4375,BRA,valid
Neoponera_unidentata,4.16667,-75.1,Colombia,GABI,AOTW_Ponerinae_Occ_4376,COL,valid
Pseudoponera_stigma,-3.10194,-60.025,Brazil,GABI,AOTW_Ponerinae_Occ_4377,BRA,valid
Anochetus_mayri,4.79217,-75.7311,Colombia,GABI,AOTW_Ponerinae_Occ_4378,COL,valid
Neoponera_unidentata,5.23833,-76.0364,Colombia,GABI,AOTW_Ponerinae_Occ_4379,COL,valid
Neoponera_verenae,5.29944,-75.8869,Colombia,GABI,AOTW_Ponerinae_Occ_4380,COL,valid
Neoponera_verenae,5.29944,-75.8869,Colombia,GABI,AOTW_Ponerinae_Occ_4381,COL,valid
Neoponera_verenae,5.29944,-75.8869,Colombia,GABI,AOTW_Ponerinae_Occ_4382,COL,valid
Odontomachus_erythrocephalus,5.2994,-75.8869,Colombia,GABI,AOTW_Ponerinae_Occ_4383,COL,valid
Pachycondyla_harpax,5.23833,-76.0364,Colombia,GABI,AOTW_Ponerinae_Occ_4384,COL,valid
Odontomachus_erythrocephalus,6.9897,-73.0538,Colombia,GABI,AOTW_Ponerinae_Occ_4385,COL,valid
Anochetus_mayri,10.59427,-83.71651,Costa Rica,GABI,AOTW_Ponerinae_Occ_4386,CRI,valid
Anochetus_mayri,10.59427,-83.71651,Costa Rica,GABI,AOTW_Ponerinae_Occ_4387,CRI,valid
Anochetus_mayri,9.63258,-82.65905,Costa Rica,GABI,AOTW_Ponerinae_Occ_4388,CRI,valid
Anochetus_striatulus,10.35,-84.05,Costa Rica,GABI,AOTW_Ponerinae_Occ_4389,CRI,valid
Anochetus_micans,10.35,-84.05,Costa Rica,GABI,AOTW_Ponerinae_Occ_4390,CRI,valid
Anochetus_striatulus,10.40126,-84.04931,Costa Rica,GABI,AOTW_Ponerinae_Occ_4391,CRI,valid
Anochetus_striatulus,10.59427,-83.71651,Costa Rica,GABI,AOTW_Ponerinae_Occ_4392,CRI,valid
Anochetus_striatulus,10.59427,-83.71651,Costa Rica,GABI,AOTW_Ponerinae_Occ_4393,CRI,valid
Odontomachus_clarus,33.96159,-102.07397,United States of America,GABI,AOTW_Ponerinae_Occ_4394,USA,valid
Leptogenys_maxillosa,-27.72727,23.00306,South Africa,GABI,AOTW_Ponerinae_Occ_4395,ZAF,valid
Ponera_pennsylvanica,37.58028,-88.43611,United States of America,GABI,AOTW_Ponerinae_Occ_4396,USA,valid
Odontomachus_clarus,31.00586,-99.58008,United States of America,GABI,AOTW_Ponerinae_Occ_4397,USA,valid
Leptogenys_maxillosa,-27.9172,23.02301,South Africa,GABI,AOTW_Ponerinae_Occ_4398,ZAF,valid
Odontomachus_clarus,30.625725,-104.097378,United States of America,GABI,AOTW_Ponerinae_Occ_4399,USA,valid
Leptogenys_elongata,31.99876,-94.14185,United States of America,GABI,AOTW_Ponerinae_Occ_4400,USA,valid
Leptogenys_elongata,31.25038,-99.85474,United States of America,GABI,AOTW_Ponerinae_Occ_4401,USA,valid
Ponera_pennsylvanica,38.44194,-88.40444,United States of America,GABI,AOTW_Ponerinae_Occ_4402,USA,valid
Ponera_pennsylvanica,37.13889,-88.40333,United States of America,GABI,AOTW_Ponerinae_Occ_4403,USA,valid
Ponera_pennsylvanica,40.11639,-88.24333,United States of America,GABI,AOTW_Ponerinae_Occ_4404,USA,valid
Ponera_pennsylvanica,40.08611,-88.51278,United States of America,GABI,AOTW_Ponerinae_Occ_4405,USA,valid
Cryptopone_gilva,33.825,-88.5436,United States of America,GABI,AOTW_Ponerinae_Occ_4406,USA,valid
Ponera_pennsylvanica,39.9936,-81.7342,United States of America,GABI,AOTW_Ponerinae_Occ_4407,USA,valid
Ponera_pennsylvanica,40.1214,-81.765,United States of America,GABI,AOTW_Ponerinae_Occ_4408,USA,valid
Neoponera_aenescens,10.23617,-84.11767,Costa Rica,GABI,AOTW_Ponerinae_Occ_4409,CRI,valid
Neoponera_apicalis,10.99261,-85.42948,Costa Rica,GABI,AOTW_Ponerinae_Occ_4410,CRI,valid
Neoponera_apicalis,10.99261,-85.42948,Costa Rica,GABI,AOTW_Ponerinae_Occ_4411,CRI,valid
Neoponera_apicalis,10.99261,-85.42948,Costa Rica,GABI,AOTW_Ponerinae_Occ_4412,CRI,valid
Neoponera_apicalis,10.99261,-85.42948,Costa Rica,GABI,AOTW_Ponerinae_Occ_4413,CRI,valid
Neoponera_apicalis,10.99261,-85.42948,Costa Rica,GABI,AOTW_Ponerinae_Occ_4414,CRI,valid
Neoponera_apicalis,10.99261,-85.42948,Costa Rica,GABI,AOTW_Ponerinae_Occ_4415,CRI,valid
Neoponera_apicalis,11.02246,-85.42592,Costa Rica,GABI,AOTW_Ponerinae_Occ_4416,CRI,valid
Neoponera_apicalis,11.02246,-85.42592,Costa Rica,GABI,AOTW_Ponerinae_Occ_4417,CRI,valid
Neoponera_apicalis,11.02246,-85.42592,Costa Rica,GABI,AOTW_Ponerinae_Occ_4418,CRI,valid
Neoponera_apicalis,11.02246,-85.42592,Costa Rica,GABI,AOTW_Ponerinae_Occ_4419,CRI,valid
Neoponera_apicalis,9.77423,-84.60812,Costa Rica,GABI,AOTW_Ponerinae_Occ_4420,CRI,valid
Neoponera_apicalis,10.96254,-85.49524,Costa Rica,GABI,AOTW_Ponerinae_Occ_4421,CRI,valid
Neoponera_apicalis,10.59427,-83.71651,Costa Rica,GABI,AOTW_Ponerinae_Occ_4422,CRI,valid
Neoponera_apicalis,10.59427,-83.71651,Costa Rica,GABI,AOTW_Ponerinae_Occ_4423,CRI,valid
Neoponera_apicalis,10.61046,-84.99497,Costa Rica,GABI,AOTW_Ponerinae_Occ_4424,CRI,valid
Neoponera_apicalis,10.61046,-84.99497,Costa Rica,GABI,AOTW_Ponerinae_Occ_4425,CRI,valid
Neoponera_apicalis,10.61046,-84.99497,Costa Rica,GABI,AOTW_Ponerinae_Occ_4426,CRI,valid
Neoponera_apicalis,10.61046,-84.99497,Costa Rica,GABI,AOTW_Ponerinae_Occ_4427,CRI,valid
Neoponera_apicalis,10.40126,-84.05023,Costa Rica,GABI,AOTW_Ponerinae_Occ_4428,CRI,valid
Neoponera_apicalis,10.40126,-84.05023,Costa Rica,GABI,AOTW_Ponerinae_Occ_4429,CRI,valid
Neoponera_apicalis,10.40126,-84.05023,Costa Rica,GABI,AOTW_Ponerinae_Occ_4430,CRI,valid
Neoponera_carinulata,8.48017,-83.59129,Costa Rica,GABI,AOTW_Ponerinae_Occ_4431,CRI,valid
Neoponera_carinulata,8.6791,-83.56671,Costa Rica,GABI,AOTW_Ponerinae_Occ_4432,CRI,valid
Neoponera_laevigata,10.99261,-85.42948,Costa Rica,GABI,AOTW_Ponerinae_Occ_4433,CRI,valid
Neoponera_carinulata,10.59427,-83.71651,Costa Rica,GABI,AOTW_Ponerinae_Occ_4434,CRI,valid
Neoponera_carinulata,10.35,-84.05,Costa Rica,GABI,AOTW_Ponerinae_Occ_4435,CRI,valid
Neoponera_crenata,11.02246,-85.42592,Costa Rica,GABI,AOTW_Ponerinae_Occ_4436,CRI,valid
Neoponera_crenata,10.93008,-85.47042,Costa Rica,GABI,AOTW_Ponerinae_Occ_4437,CRI,valid
Neoponera_crenata,10.53955,-83.50648,Costa Rica,GABI,AOTW_Ponerinae_Occ_4438,CRI,valid
Neoponera_crenata,10.35,-84.05,Costa Rica,GABI,AOTW_Ponerinae_Occ_4439,CRI,valid
Neoponera_crenata,10.33333,-84.06667,Costa Rica,GABI,AOTW_Ponerinae_Occ_4440,CRI,valid
Neoponera_dismarginata,10.61046,-84.99497,Costa Rica,GABI,AOTW_Ponerinae_Occ_4441,CRI,valid
Neoponera_dismarginata,10.61046,-84.99497,Costa Rica,GABI,AOTW_Ponerinae_Occ_4442,CRI,valid
Neoponera_laevigata,10.99261,-85.42948,Costa Rica,GABI,AOTW_Ponerinae_Occ_4443,CRI,valid
Neoponera_laevigata,8.6791,-83.56671,Costa Rica,GABI,AOTW_Ponerinae_Occ_4444,CRI,valid
Neoponera_laevigata,9.67538,-83.02678,Costa Rica,GABI,AOTW_Ponerinae_Occ_4445,CRI,valid
Neoponera_laevigata,9.67538,-83.02678,Costa Rica,GABI,AOTW_Ponerinae_Occ_4446,CRI,valid
Neoponera_laevigata,9.67538,-83.02678,Costa Rica,GABI,AOTW_Ponerinae_Occ_4447,CRI,valid
Neoponera_laevigata,9.67538,-83.02678,Costa Rica,GABI,AOTW_Ponerinae_Occ_4448,CRI,valid
Neoponera_lineaticeps,8.89147,-82.79294,Costa Rica,GABI,AOTW_Ponerinae_Occ_4449,CRI,valid
Neoponera_lineaticeps,8.89147,-82.79294,Costa Rica,GABI,AOTW_Ponerinae_Occ_4450,CRI,valid
Neoponera_lineaticeps,10.99261,-85.42948,Costa Rica,GABI,AOTW_Ponerinae_Occ_4451,CRI,valid
Neoponera_lineaticeps,10.99261,-85.42948,Costa Rica,GABI,AOTW_Ponerinae_Occ_4452,CRI,valid
Neoponera_lineaticeps,10.99261,-85.42948,Costa Rica,GABI,AOTW_Ponerinae_Occ_4453,CRI,valid
Neoponera_lineaticeps,10.99261,-85.42948,Costa Rica,GABI,AOTW_Ponerinae_Occ_4454,CRI,valid
Neoponera_lineaticeps,10.99261,-85.42948,Costa Rica,GABI,AOTW_Ponerinae_Occ_4455,CRI,valid
Neoponera_lineaticeps,10.99261,-85.42948,Costa Rica,GABI,AOTW_Ponerinae_Occ_4456,CRI,valid
Neoponera_lineaticeps,10.99261,-85.42948,Costa Rica,GABI,AOTW_Ponerinae_Occ_4457,CRI,valid
Neoponera_lineaticeps,10.99261,-85.42948,Costa Rica,GABI,AOTW_Ponerinae_Occ_4458,CRI,valid
Neoponera_lineaticeps,9.84027,-83.88639,Costa Rica,GABI,AOTW_Ponerinae_Occ_4459,CRI,valid
Neoponera_lineaticeps,10.99036,-85.42718,Costa Rica,GABI,AOTW_Ponerinae_Occ_4460,CRI,valid
Neoponera_lineaticeps,10.93008,-85.47042,Costa Rica,GABI,AOTW_Ponerinae_Occ_4461,CRI,valid
Neoponera_lineaticeps,10.93008,-85.47042,Costa Rica,GABI,AOTW_Ponerinae_Occ_4462,CRI,valid
Neoponera_lineaticeps,10.93008,-85.47042,Costa Rica,GABI,AOTW_Ponerinae_Occ_4463,CRI,valid
Neoponera_lineaticeps,10.93008,-85.47042,Costa Rica,GABI,AOTW_Ponerinae_Occ_4464,CRI,valid
Neoponera_lineaticeps,10.93008,-85.47042,Costa Rica,GABI,AOTW_Ponerinae_Occ_4465,CRI,valid
Neoponera_lineaticeps,10.93008,-85.47042,Costa Rica,GABI,AOTW_Ponerinae_Occ_4466,CRI,valid
Neoponera_lineaticeps,10.93008,-85.47042,Costa Rica,GABI,AOTW_Ponerinae_Occ_4467,CRI,valid
Neoponera_lineaticeps,10.93008,-85.47042,Costa Rica,GABI,AOTW_Ponerinae_Occ_4468,CRI,valid
Neoponera_lineaticeps,10.93008,-85.47042,Costa Rica,GABI,AOTW_Ponerinae_Occ_4469,CRI,valid
Neoponera_lineaticeps,10.93008,-85.47042,Costa Rica,GABI,AOTW_Ponerinae_Occ_4470,CRI,valid
Neoponera_lineaticeps,10.23617,-84.11767,Costa Rica,GABI,AOTW_Ponerinae_Occ_4471,CRI,valid
Neoponera_lineaticeps,10.23617,-84.11767,Costa Rica,GABI,AOTW_Ponerinae_Occ_4472,CRI,valid
Neoponera_obscuricornis,8.89147,-82.79294,Costa Rica,GABI,AOTW_Ponerinae_Occ_4473,CRI,valid
Neoponera_obscuricornis,8.89147,-82.79294,Costa Rica,GABI,AOTW_Ponerinae_Occ_4474,CRI,valid
Neoponera_obscuricornis,9.58121,-85.1367,Costa Rica,GABI,AOTW_Ponerinae_Occ_4475,CRI,valid
Neoponera_obscuricornis,10.32804,-84.08042,Costa Rica,GABI,AOTW_Ponerinae_Occ_4476,CRI,valid
Neoponera_obscuricornis,10.32804,-84.08042,Costa Rica,GABI,AOTW_Ponerinae_Occ_4477,CRI,valid
Neoponera_obscuricornis,10.32804,-84.08042,Costa Rica,GABI,AOTW_Ponerinae_Occ_4478,CRI,valid
Neoponera_obscuricornis,10.32804,-84.08042,Costa Rica,GABI,AOTW_Ponerinae_Occ_4479,CRI,valid
Neoponera_obscuricornis,10.32804,-84.08042,Costa Rica,GABI,AOTW_Ponerinae_Occ_4480,CRI,valid
Neoponera_obscuricornis,10.32804,-84.08042,Costa Rica,GABI,AOTW_Ponerinae_Occ_4481,CRI,valid
Neoponera_obscuricornis,10.32804,-84.08042,Costa Rica,GABI,AOTW_Ponerinae_Occ_4482,CRI,valid
Neoponera_obscuricornis,10.32804,-84.08042,Costa Rica,GABI,AOTW_Ponerinae_Occ_4483,CRI,valid
Neoponera_obscuricornis,10.32804,-84.08042,Costa Rica,GABI,AOTW_Ponerinae_Occ_4484,CRI,valid
Neoponera_obscuricornis,10.32804,-84.08042,Costa Rica,GABI,AOTW_Ponerinae_Occ_4485,CRI,valid
Neoponera_obscuricornis,10.32804,-84.08042,Costa Rica,GABI,AOTW_Ponerinae_Occ_4486,CRI,valid
Neoponera_obscuricornis,10.32804,-84.08042,Costa Rica,GABI,AOTW_Ponerinae_Occ_4487,CRI,valid
Neoponera_obscuricornis,10.32804,-84.08042,Costa Rica,GABI,AOTW_Ponerinae_Occ_4488,CRI,valid
Neoponera_obscuricornis,10.32804,-84.08042,Costa Rica,GABI,AOTW_Ponerinae_Occ_4489,CRI,valid
Neoponera_obscuricornis,10.32804,-84.08042,Costa Rica,GABI,AOTW_Ponerinae_Occ_4490,CRI,valid
Neoponera_obscuricornis,10.32804,-84.08042,Costa Rica,GABI,AOTW_Ponerinae_Occ_4491,CRI,valid
Neoponera_obscuricornis,10.77678,-85.35191,Costa Rica,GABI,AOTW_Ponerinae_Occ_4492,CRI,valid
Neoponera_obscuricornis,8.46667,-83.58333,Costa Rica,GABI,AOTW_Ponerinae_Occ_4493,CRI,valid
Neoponera_obscuricornis,9.51935,-82.95628,Costa Rica,GABI,AOTW_Ponerinae_Occ_4494,CRI,valid
Neoponera_obscuricornis,9.51935,-82.95628,Costa Rica,GABI,AOTW_Ponerinae_Occ_4495,CRI,valid
Neoponera_obscuricornis,10.88327,-85.41354,Costa Rica,GABI,AOTW_Ponerinae_Occ_4496,CRI,valid
Neoponera_obscuricornis,9.67177,-83.0277,Costa Rica,GABI,AOTW_Ponerinae_Occ_4497,CRI,valid
Neoponera_obscuricornis,9.67177,-83.0277,Costa Rica,GABI,AOTW_Ponerinae_Occ_4498,CRI,valid
Neoponera_rugosula,10.33333,-84.06667,Costa Rica,GABI,AOTW_Ponerinae_Occ_4499,CRI,valid
Neoponera_rugosula,10.33333,-84.06667,Costa Rica,GABI,AOTW_Ponerinae_Occ_4500,CRI,valid
Neoponera_rugosula,10.33333,-84.06667,Costa Rica,GABI,AOTW_Ponerinae_Occ_4501,CRI,valid
Neoponera_rugosula,10.33333,-84.06667,Costa Rica,GABI,AOTW_Ponerinae_Occ_4502,CRI,valid
Neoponera_striatinodis,10.35,-84.05,Costa Rica,GABI,AOTW_Ponerinae_Occ_4503,CRI,valid
Neoponera_unidentata,10.64405,-83.74201,Costa Rica,GABI,AOTW_Ponerinae_Occ_4504,CRI,valid
Neoponera_unidentata,8.48017,-83.59129,Costa Rica,GABI,AOTW_Ponerinae_Occ_4505,CRI,valid
Neoponera_unidentata,8.48017,-83.59129,Costa Rica,GABI,AOTW_Ponerinae_Occ_4506,CRI,valid
Neoponera_unidentata,10.58481,-83.5292,Costa Rica,GABI,AOTW_Ponerinae_Occ_4507,CRI,valid
Neoponera_unidentata,9.38773,-84.13281,Costa Rica,GABI,AOTW_Ponerinae_Occ_4508,CRI,valid
Neoponera_unidentata,9.38773,-84.13281,Costa Rica,GABI,AOTW_Ponerinae_Occ_4509,CRI,valid
Neoponera_unidentata,9.38773,-84.13281,Costa Rica,GABI,AOTW_Ponerinae_Occ_4510,CRI,valid
Neoponera_unidentata,9.38773,-84.13281,Costa Rica,GABI,AOTW_Ponerinae_Occ_4511,CRI,valid
Neoponera_unidentata,9.38773,-84.13281,Costa Rica,GABI,AOTW_Ponerinae_Occ_4512,CRI,valid
Neoponera_unidentata,10.58481,-83.5292,Costa Rica,GABI,AOTW_Ponerinae_Occ_4513,CRI,valid
Neoponera_unidentata,10.99261,-85.42948,Costa Rica,GABI,AOTW_Ponerinae_Occ_4514,CRI,valid
Neoponera_unidentata,10.99261,-85.42948,Costa Rica,GABI,AOTW_Ponerinae_Occ_4515,CRI,valid
Neoponera_unidentata,10.99261,-85.42948,Costa Rica,GABI,AOTW_Ponerinae_Occ_4516,CRI,valid
Neoponera_unidentata,8.6791,-83.56671,Costa Rica,GABI,AOTW_Ponerinae_Occ_4517,CRI,valid
Neoponera_unidentata,10.53955,-83.50648,Costa Rica,GABI,AOTW_Ponerinae_Occ_4518,CRI,valid
Neoponera_unidentata,10.53955,-83.50648,Costa Rica,GABI,AOTW_Ponerinae_Occ_4519,CRI,valid
Neoponera_villosa,10.32804,-84.08042,Costa Rica,GABI,AOTW_Ponerinae_Occ_4520,CRI,valid
Neoponera_unidentata,10.53955,-83.50648,Costa Rica,GABI,AOTW_Ponerinae_Occ_4521,CRI,valid
Neoponera_unidentata,9.67177,-83.0277,Costa Rica,GABI,AOTW_Ponerinae_Occ_4522,CRI,valid
Neoponera_unidentata,10.33333,-84.06667,Costa Rica,GABI,AOTW_Ponerinae_Occ_4523,CRI,valid
Neoponera_verenae,8.48017,-83.59129,Costa Rica,GABI,AOTW_Ponerinae_Occ_4524,CRI,valid
Neoponera_verenae,8.48017,-83.59129,Costa Rica,GABI,AOTW_Ponerinae_Occ_4525,CRI,valid
Neoponera_verenae,8.6791,-83.56671,Costa Rica,GABI,AOTW_Ponerinae_Occ_4526,CRI,valid
Neoponera_verenae,8.6791,-83.56671,Costa Rica,GABI,AOTW_Ponerinae_Occ_4527,CRI,valid
Neoponera_verenae,8.6791,-83.56671,Costa Rica,GABI,AOTW_Ponerinae_Occ_4528,CRI,valid
Neoponera_verenae,8.6791,-83.56671,Costa Rica,GABI,AOTW_Ponerinae_Occ_4529,CRI,valid
Neoponera_verenae,10.31667,-84.71667,Costa Rica,GABI,AOTW_Ponerinae_Occ_4530,CRI,valid
Neoponera_villosa,10.64405,-83.74201,Costa Rica,GABI,AOTW_Ponerinae_Occ_4531,CRI,valid
Neoponera_villosa,10.64405,-83.74201,Costa Rica,GABI,AOTW_Ponerinae_Occ_4532,CRI,valid
Neoponera_villosa,8.48017,-83.59129,Costa Rica,GABI,AOTW_Ponerinae_Occ_4533,CRI,valid
Neoponera_villosa,8.48017,-83.59129,Costa Rica,GABI,AOTW_Ponerinae_Occ_4534,CRI,valid
Neoponera_villosa,10.34912,-85.35234,Costa Rica,GABI,AOTW_Ponerinae_Occ_4535,CRI,valid
Neoponera_villosa,10.34912,-85.35234,Costa Rica,GABI,AOTW_Ponerinae_Occ_4536,CRI,valid
Neoponera_villosa,10.99261,-85.42948,Costa Rica,GABI,AOTW_Ponerinae_Occ_4537,CRI,valid
Neoponera_villosa,10.99261,-85.42948,Costa Rica,GABI,AOTW_Ponerinae_Occ_4538,CRI,valid
Neoponera_villosa,10.99261,-85.42948,Costa Rica,GABI,AOTW_Ponerinae_Occ_4539,CRI,valid
Neoponera_villosa,10.96254,-85.49524,Costa Rica,GABI,AOTW_Ponerinae_Occ_4540,CRI,valid
Neoponera_villosa,10.96254,-85.49524,Costa Rica,GABI,AOTW_Ponerinae_Occ_4541,CRI,valid
Neoponera_villosa,10.96254,-85.49524,Costa Rica,GABI,AOTW_Ponerinae_Occ_4542,CRI,valid
Neoponera_villosa,10.96254,-85.49524,Costa Rica,GABI,AOTW_Ponerinae_Occ_4543,CRI,valid
Neoponera_villosa,10.96254,-85.49524,Costa Rica,GABI,AOTW_Ponerinae_Occ_4544,CRI,valid
Neoponera_villosa,10.96254,-85.49524,Costa Rica,GABI,AOTW_Ponerinae_Occ_4545,CRI,valid
Neoponera_villosa,10.96254,-85.49524,Costa Rica,GABI,AOTW_Ponerinae_Occ_4546,CRI,valid
Neoponera_villosa,10.96254,-85.49524,Costa Rica,GABI,AOTW_Ponerinae_Occ_4547,CRI,valid
Neoponera_villosa,10.96254,-85.49524,Costa Rica,GABI,AOTW_Ponerinae_Occ_4548,CRI,valid
Neoponera_villosa,10.53955,-83.50648,Costa Rica,GABI,AOTW_Ponerinae_Occ_4549,CRI,valid
Odontomachus_bauri,10.16822,-85.37366,Costa Rica,GABI,AOTW_Ponerinae_Occ_4550,CRI,valid
Odontomachus_bauri,10.16822,-85.37366,Costa Rica,GABI,AOTW_Ponerinae_Occ_4551,CRI,valid
Odontomachus_bauri,10.89381,-84.78885,Costa Rica,GABI,AOTW_Ponerinae_Occ_4552,CRI,valid
Odontomachus_bauri,10.89381,-84.78885,Costa Rica,GABI,AOTW_Ponerinae_Occ_4553,CRI,valid
Odontomachus_bauri,10.89381,-84.78885,Costa Rica,GABI,AOTW_Ponerinae_Occ_4554,CRI,valid
Odontomachus_bauri,10.99261,-85.42948,Costa Rica,GABI,AOTW_Ponerinae_Occ_4555,CRI,valid
Odontomachus_bauri,10.99261,-85.42948,Costa Rica,GABI,AOTW_Ponerinae_Occ_4556,CRI,valid
Odontomachus_bauri,10.85433,-85.95077,Costa Rica,GABI,AOTW_Ponerinae_Occ_4557,CRI,valid
Odontomachus_bauri,8.70972,-83.87361,Costa Rica,GABI,AOTW_Ponerinae_Occ_4558,CRI,valid
Odontomachus_bauri,9.67538,-83.02678,Costa Rica,GABI,AOTW_Ponerinae_Occ_4559,CRI,valid
Odontomachus_bauri,9.63258,-82.65905,Costa Rica,GABI,AOTW_Ponerinae_Occ_4560,CRI,valid
Odontomachus_bauri,8.9791,-83.2638,Costa Rica,GABI,AOTW_Ponerinae_Occ_4561,CRI,valid
Odontomachus_chelifer,10.33333,-84.06667,Costa Rica,GABI,AOTW_Ponerinae_Occ_4562,CRI,valid
Odontomachus_erythrocephalus,10.99261,-85.42948,Costa Rica,GABI,AOTW_Ponerinae_Occ_4563,CRI,valid
Odontomachus_erythrocephalus,10.99261,-85.42948,Costa Rica,GABI,AOTW_Ponerinae_Occ_4564,CRI,valid
Odontomachus_erythrocephalus,10.99261,-85.42948,Costa Rica,GABI,AOTW_Ponerinae_Occ_4565,CRI,valid
Odontomachus_erythrocephalus,11.02246,-85.42592,Costa Rica,GABI,AOTW_Ponerinae_Occ_4566,CRI,valid
Odontomachus_erythrocephalus,11.02246,-85.42592,Costa Rica,GABI,AOTW_Ponerinae_Occ_4567,CRI,valid
Odontomachus_erythrocephalus,11.02246,-85.42592,Costa Rica,GABI,AOTW_Ponerinae_Occ_4568,CRI,valid
Odontomachus_erythrocephalus,11.02246,-85.42592,Costa Rica,GABI,AOTW_Ponerinae_Occ_4569,CRI,valid
Odontomachus_erythrocephalus,11.02246,-85.42592,Costa Rica,GABI,AOTW_Ponerinae_Occ_4570,CRI,valid
Odontomachus_erythrocephalus,9.63258,-82.65905,Costa Rica,GABI,AOTW_Ponerinae_Occ_4571,CRI,valid
Odontomachus_erythrocephalus,9.63258,-82.65905,Costa Rica,GABI,AOTW_Ponerinae_Occ_4572,CRI,valid
Odontomachus_hastatus,10.99261,-85.42948,Costa Rica,GABI,AOTW_Ponerinae_Occ_4573,CRI,valid
Odontomachus_erythrocephalus,10.35,-84.05,Costa Rica,GABI,AOTW_Ponerinae_Occ_4574,CRI,valid
Odontomachus_erythrocephalus,10.35,-84.05,Costa Rica,GABI,AOTW_Ponerinae_Occ_4575,CRI,valid
Odontomachus_erythrocephalus,10.35,-84.05,Costa Rica,GABI,AOTW_Ponerinae_Occ_4576,CRI,valid
Odontomachus_hastatus,10.88965,-85.39893,Costa Rica,GABI,AOTW_Ponerinae_Occ_4577,CRI,valid
Odontomachus_hastatus,10.88965,-85.39893,Costa Rica,GABI,AOTW_Ponerinae_Occ_4578,CRI,valid
Odontomachus_hastatus,10.88965,-85.39893,Costa Rica,GABI,AOTW_Ponerinae_Occ_4579,CRI,valid
Odontomachus_hastatus,9.78333,-84.6,Costa Rica,GABI,AOTW_Ponerinae_Occ_4580,CRI,valid
Odontomachus_hastatus,10.99261,-85.42948,Costa Rica,GABI,AOTW_Ponerinae_Occ_4581,CRI,valid
Odontomachus_hastatus,10.99261,-85.42948,Costa Rica,GABI,AOTW_Ponerinae_Occ_4582,CRI,valid
Odontomachus_hastatus,10.99261,-85.42948,Costa Rica,GABI,AOTW_Ponerinae_Occ_4583,CRI,valid
Odontomachus_hastatus,10.99261,-85.42948,Costa Rica,GABI,AOTW_Ponerinae_Occ_4584,CRI,valid
Odontomachus_hastatus,10.99261,-85.42948,Costa Rica,GABI,AOTW_Ponerinae_Occ_4585,CRI,valid
Odontomachus_hastatus,10.99036,-85.42718,Costa Rica,GABI,AOTW_Ponerinae_Occ_4586,CRI,valid
Odontomachus_hastatus,10.53955,-83.50648,Costa Rica,GABI,AOTW_Ponerinae_Occ_4587,CRI,valid
Odontomachus_hastatus,10.53955,-83.50648,Costa Rica,GABI,AOTW_Ponerinae_Occ_4588,CRI,valid
Odontomachus_hastatus,10.53955,-83.50648,Costa Rica,GABI,AOTW_Ponerinae_Occ_4589,CRI,valid
Odontomachus_hastatus,10.53955,-83.50648,Costa Rica,GABI,AOTW_Ponerinae_Occ_4590,CRI,valid
Odontomachus_hastatus,10.35,-84.05,Costa Rica,GABI,AOTW_Ponerinae_Occ_4591,CRI,valid
Odontomachus_hastatus,10.35,-84.05,Costa Rica,GABI,AOTW_Ponerinae_Occ_4592,CRI,valid
Odontomachus_hastatus,10.35,-84.05,Costa Rica,GABI,AOTW_Ponerinae_Occ_4593,CRI,valid
Odontomachus_laticeps,10.46641,-84.11639,Costa Rica,GABI,AOTW_Ponerinae_Occ_4594,CRI,valid
Odontomachus_laticeps,10.93008,-85.47042,Costa Rica,GABI,AOTW_Ponerinae_Occ_4595,CRI,valid
Odontomachus_meinerti,10.14889,-83.95191,Costa Rica,GABI,AOTW_Ponerinae_Occ_4596,CRI,valid
Odontomachus_meinerti,10.99261,-85.42948,Costa Rica,GABI,AOTW_Ponerinae_Occ_4597,CRI,valid
Odontomachus_opaciventris,10.53955,-83.50648,Costa Rica,GABI,AOTW_Ponerinae_Occ_4598,CRI,valid
Odontomachus_opaciventris,10.53955,-83.50648,Costa Rica,GABI,AOTW_Ponerinae_Occ_4599,CRI,valid
Odontomachus_opaciventris,10.53955,-83.50648,Costa Rica,GABI,AOTW_Ponerinae_Occ_4600,CRI,valid
Pachycondyla_harpax,9.97216,-83.6922,Costa Rica,GABI,AOTW_Ponerinae_Occ_4601,CRI,valid
Pachycondyla_harpax,8.6791,-83.56671,Costa Rica,GABI,AOTW_Ponerinae_Occ_4602,CRI,valid
Pachycondyla_harpax,8.6791,-83.56671,Costa Rica,GABI,AOTW_Ponerinae_Occ_4603,CRI,valid
Pachycondyla_harpax,8.6791,-83.56671,Costa Rica,GABI,AOTW_Ponerinae_Occ_4604,CRI,valid
Pachycondyla_harpax,8.6791,-83.56671,Costa Rica,GABI,AOTW_Ponerinae_Occ_4605,CRI,valid
Pachycondyla_harpax,8.6791,-83.56671,Costa Rica,GABI,AOTW_Ponerinae_Occ_4606,CRI,valid
Pachycondyla_harpax,8.6791,-83.56671,Costa Rica,GABI,AOTW_Ponerinae_Occ_4607,CRI,valid
Pachycondyla_harpax,8.6791,-83.56671,Costa Rica,GABI,AOTW_Ponerinae_Occ_4608,CRI,valid
Pachycondyla_harpax,8.6791,-83.56671,Costa Rica,GABI,AOTW_Ponerinae_Occ_4609,CRI,valid
Pachycondyla_harpax,10.59427,-83.71651,Costa Rica,GABI,AOTW_Ponerinae_Occ_4610,CRI,valid
Pachycondyla_harpax,10.59427,-83.71651,Costa Rica,GABI,AOTW_Ponerinae_Occ_4611,CRI,valid
Pachycondyla_harpax,10.59427,-83.71651,Costa Rica,GABI,AOTW_Ponerinae_Occ_4612,CRI,valid
Pachycondyla_harpax,10.59427,-83.71651,Costa Rica,GABI,AOTW_Ponerinae_Occ_4613,CRI,valid
Pachycondyla_harpax,10.59427,-83.71651,Costa Rica,GABI,AOTW_Ponerinae_Occ_4614,CRI,valid
Pachycondyla_harpax,10.59427,-83.71651,Costa Rica,GABI,AOTW_Ponerinae_Occ_4615,CRI,valid
Pachycondyla_harpax,10.59427,-83.71651,Costa Rica,GABI,AOTW_Ponerinae_Occ_4616,CRI,valid
Pachycondyla_harpax,10.59427,-83.71651,Costa Rica,GABI,AOTW_Ponerinae_Occ_4617,CRI,valid
Pachycondyla_harpax,10.59427,-83.71651,Costa Rica,GABI,AOTW_Ponerinae_Occ_4618,CRI,valid
Pachycondyla_harpax,10.59427,-83.71651,Costa Rica,GABI,AOTW_Ponerinae_Occ_4619,CRI,valid
Pachycondyla_harpax,10.59427,-83.71651,Costa Rica,GABI,AOTW_Ponerinae_Occ_4620,CRI,valid
Pachycondyla_harpax,10.59427,-83.71651,Costa Rica,GABI,AOTW_Ponerinae_Occ_4621,CRI,valid
Pachycondyla_harpax,10.59427,-83.71651,Costa Rica,GABI,AOTW_Ponerinae_Occ_4622,CRI,valid
Pachycondyla_harpax,10.59427,-83.71651,Costa Rica,GABI,AOTW_Ponerinae_Occ_4623,CRI,valid
Pachycondyla_harpax,10.59427,-83.71651,Costa Rica,GABI,AOTW_Ponerinae_Occ_4624,CRI,valid
Pachycondyla_harpax,10.59427,-83.71651,Costa Rica,GABI,AOTW_Ponerinae_Occ_4625,CRI,valid
Pachycondyla_harpax,10.59427,-83.71651,Costa Rica,GABI,AOTW_Ponerinae_Occ_4626,CRI,valid
Pachycondyla_harpax,10.59427,-83.71651,Costa Rica,GABI,AOTW_Ponerinae_Occ_4627,CRI,valid
Pachycondyla_harpax,10.59427,-83.71651,Costa Rica,GABI,AOTW_Ponerinae_Occ_4628,CRI,valid
Pachycondyla_harpax,10.59427,-83.71651,Costa Rica,GABI,AOTW_Ponerinae_Occ_4629,CRI,valid
Pachycondyla_harpax,10.59427,-83.71651,Costa Rica,GABI,AOTW_Ponerinae_Occ_4630,CRI,valid
Pachycondyla_harpax,10.59427,-83.71651,Costa Rica,GABI,AOTW_Ponerinae_Occ_4631,CRI,valid
Pachycondyla_harpax,10.59427,-83.71651,Costa Rica,GABI,AOTW_Ponerinae_Occ_4632,CRI,valid
Pachycondyla_harpax,10.59427,-83.71651,Costa Rica,GABI,AOTW_Ponerinae_Occ_4633,CRI,valid
Pachycondyla_harpax,10.59427,-83.71651,Costa Rica,GABI,AOTW_Ponerinae_Occ_4634,CRI,valid
Pachycondyla_harpax,10.59427,-83.71651,Costa Rica,GABI,AOTW_Ponerinae_Occ_4635,CRI,valid
Pachycondyla_harpax,10.59427,-83.71651,Costa Rica,GABI,AOTW_Ponerinae_Occ_4636,CRI,valid
Pachycondyla_harpax,10.59427,-83.71651,Costa Rica,GABI,AOTW_Ponerinae_Occ_4637,CRI,valid
Pachycondyla_harpax,10.59427,-83.71651,Costa Rica,GABI,AOTW_Ponerinae_Occ_4638,CRI,valid
Pachycondyla_harpax,10.59427,-83.71651,Costa Rica,GABI,AOTW_Ponerinae_Occ_4639,CRI,valid
Pachycondyla_harpax,10.59427,-83.71651,Costa Rica,GABI,AOTW_Ponerinae_Occ_4640,CRI,valid
Pachycondyla_harpax,10.59427,-83.71651,Costa Rica,GABI,AOTW_Ponerinae_Occ_4641,CRI,valid
Pachycondyla_harpax,10.59427,-83.71651,Costa Rica,GABI,AOTW_Ponerinae_Occ_4642,CRI,valid
Pachycondyla_harpax,10.59427,-83.71651,Costa Rica,GABI,AOTW_Ponerinae_Occ_4643,CRI,valid
Pachycondyla_harpax,10.59427,-83.71651,Costa Rica,GABI,AOTW_Ponerinae_Occ_4644,CRI,valid
Pachycondyla_harpax,10.59427,-83.71651,Costa Rica,GABI,AOTW_Ponerinae_Occ_4645,CRI,valid
Pachycondyla_harpax,10.59427,-83.71651,Costa Rica,GABI,AOTW_Ponerinae_Occ_4646,CRI,valid
Pachycondyla_harpax,10.59427,-83.71651,Costa Rica,GABI,AOTW_Ponerinae_Occ_4647,CRI,valid
Pachycondyla_harpax,10.35,-84.05,Costa Rica,GABI,AOTW_Ponerinae_Occ_4648,CRI,valid
Pachycondyla_harpax,10.35,-84.05,Costa Rica,GABI,AOTW_Ponerinae_Occ_4649,CRI,valid
Pachycondyla_harpax,10.33333,-84.06667,Costa Rica,GABI,AOTW_Ponerinae_Occ_4650,CRI,valid
Pachycondyla_purpurascens,10.93008,-85.47042,Costa Rica,GABI,AOTW_Ponerinae_Occ_4651,CRI,valid
Pachycondyla_purpurascens,10.93008,-85.47042,Costa Rica,GABI,AOTW_Ponerinae_Occ_4652,CRI,valid
Pachycondyla_purpurascens,10.93008,-85.47042,Costa Rica,GABI,AOTW_Ponerinae_Occ_4653,CRI,valid
Pachycondyla_purpurascens,10.93008,-85.47042,Costa Rica,GABI,AOTW_Ponerinae_Occ_4654,CRI,valid
Pachycondyla_purpurascens,10.93008,-85.47042,Costa Rica,GABI,AOTW_Ponerinae_Occ_4655,CRI,valid
Pachycondyla_purpurascens,10.93008,-85.47042,Costa Rica,GABI,AOTW_Ponerinae_Occ_4656,CRI,valid
Pachycondyla_purpurascens,10.93008,-85.47042,Costa Rica,GABI,AOTW_Ponerinae_Occ_4657,CRI,valid
Pachycondyla_purpurascens,10.93008,-85.47042,Costa Rica,GABI,AOTW_Ponerinae_Occ_4658,CRI,valid
Pachycondyla_purpurascens,10.93008,-85.47042,Costa Rica,GABI,AOTW_Ponerinae_Occ_4659,CRI,valid
Pachycondyla_purpurascens,10.93008,-85.47042,Costa Rica,GABI,AOTW_Ponerinae_Occ_4660,CRI,valid
Pachycondyla_purpurascens,10.93008,-85.47042,Costa Rica,GABI,AOTW_Ponerinae_Occ_4661,CRI,valid
Pachycondyla_purpurascens,10.93008,-85.47042,Costa Rica,GABI,AOTW_Ponerinae_Occ_4662,CRI,valid
Platythyrea_prizo,10.33333,-84.06667,Costa Rica,GABI,AOTW_Ponerinae_Occ_4663,CRI,valid
Platythyrea_punctata,9.79821,-84.58126,Costa Rica,GABI,AOTW_Ponerinae_Occ_4664,CRI,valid
Platythyrea_punctata,10.35,-84.05,Costa Rica,GABI,AOTW_Ponerinae_Occ_4665,CRI,valid
Pseudoponera_cognata,10.35,-84.05,Costa Rica,GABI,AOTW_Ponerinae_Occ_4666,CRI,valid
Pseudoponera_cognata,10.33333,-84.06667,Costa Rica,GABI,AOTW_Ponerinae_Occ_4667,CRI,valid
Pseudoponera_cognata,10.33333,-84.06667,Costa Rica,GABI,AOTW_Ponerinae_Occ_4668,CRI,valid
Pseudoponera_cognata,10.33333,-84.06667,Costa Rica,GABI,AOTW_Ponerinae_Occ_4669,CRI,valid
Pseudoponera_stigma,9.76745,-84.60812,Costa Rica,GABI,AOTW_Ponerinae_Occ_4670,CRI,valid
Pseudoponera_stigma,8.6791,-83.56671,Costa Rica,GABI,AOTW_Ponerinae_Occ_4671,CRI,valid
Pseudoponera_stigma,10.35,-84.05,Costa Rica,GABI,AOTW_Ponerinae_Occ_4672,CRI,valid
Pseudoponera_stigma,10.35,-84.05,Costa Rica,GABI,AOTW_Ponerinae_Occ_4673,CRI,valid
Pseudoponera_succedanea,10.99261,-85.42948,Costa Rica,GABI,AOTW_Ponerinae_Occ_4674,CRI,valid
Pseudoponera_succedanea,8.6791,-83.56671,Costa Rica,GABI,AOTW_Ponerinae_Occ_4675,CRI,valid
Pseudoponera_succedanea,8.6791,-83.56671,Costa Rica,GABI,AOTW_Ponerinae_Occ_4676,CRI,valid
Pseudoponera_succedanea,8.6791,-83.56671,Costa Rica,GABI,AOTW_Ponerinae_Occ_4677,CRI,valid
Ponera_pennsylvanica,40.1169,-82.9631,United States of America,GABI,AOTW_Ponerinae_Occ_4678,USA,valid
Ponera_pennsylvanica,41.48,-82.6825,United States of America,GABI,AOTW_Ponerinae_Occ_4679,USA,valid
Hypoponera_distinguenda,10.35,-84.05,Costa Rica,GABI,AOTW_Ponerinae_Occ_4680,CRI,valid
Hypoponera_distinguenda,10.35,-84.05,Costa Rica,GABI,AOTW_Ponerinae_Occ_4681,CRI,valid
Hypoponera_distinguenda,10.35,-84.05,Costa Rica,GABI,AOTW_Ponerinae_Occ_4682,CRI,valid
Dinoponera_quadriceps,-14.7856,-39.2803,Brazil,GABI,AOTW_Ponerinae_Occ_4683,BRA,valid
Dinoponera_quadriceps,-14.7856,-39.2803,Brazil,GABI,AOTW_Ponerinae_Occ_4684,BRA,valid
Odontomachus_meinerti,-2.8997,-69.7444,Colombia,GABI,AOTW_Ponerinae_Occ_4685,COL,valid
Odontomachus_meinerti,-2.8997,-69.7444,Colombia,GABI,AOTW_Ponerinae_Occ_4686,COL,valid
Neoponera_apicalis,1.14889,-76.6478,Colombia,GABI,AOTW_Ponerinae_Occ_4687,COL,valid
Anochetus_mayri,-3.10194,-60.025,Brazil,GABI,AOTW_Ponerinae_Occ_4688,BRA,valid
Neoponera_unidentata,-3.10194,-60.025,Brazil,GABI,AOTW_Ponerinae_Occ_4689,BRA,valid
Mayaponera_constricta,-3.3667,-64.7,Brazil,GABI,AOTW_Ponerinae_Occ_4690,BRA,valid
Neoponera_commutata,-3.10194,-60.025,Brazil,GABI,AOTW_Ponerinae_Occ_4691,BRA,valid
Neoponera_apicalis,-0.1333,-67.0833,Brazil,GABI,AOTW_Ponerinae_Occ_4692,BRA,valid
Neoponera_apicalis,-3.10194,-60.025,Brazil,GABI,AOTW_Ponerinae_Occ_4693,BRA,valid
Neoponera_apicalis,-1.733333,-51.5,Brazil,GABI,AOTW_Ponerinae_Occ_4694,BRA,valid
Neoponera_crenata,-3.10194,-60.025,Brazil,GABI,AOTW_Ponerinae_Occ_4695,BRA,valid
Neoponera_striatinodis,-3.10194,-60.025,Brazil,GABI,AOTW_Ponerinae_Occ_4696,BRA,valid
Neoponera_striatinodis,-2.916667,-59.983333,Brazil,GABI,AOTW_Ponerinae_Occ_4697,BRA,valid
Neoponera_villosa,-3.10194,-60.025,Brazil,GABI,AOTW_Ponerinae_Occ_4698,BRA,valid
Odontomachus_haematodus,-1.844167,-59.469833,Brazil,GABI,AOTW_Ponerinae_Occ_4699,BRA,valid
Pachycondyla_crassinoda,-3.10194,-60.025,Brazil,GABI,AOTW_Ponerinae_Occ_4700,BRA,valid
Pseudoponera_stigma,-3.10194,-60.025,Brazil,GABI,AOTW_Ponerinae_Occ_4701,BRA,valid
Odontomachus_mormo,6.045,-74.9967,Colombia,GABI,AOTW_Ponerinae_Occ_4702,COL,valid
Odontomachus_mormo,6.045,-74.9967,Colombia,GABI,AOTW_Ponerinae_Occ_4703,COL,valid
Odontomachus_bauri,5.9783,-74.5897,Colombia,GABI,AOTW_Ponerinae_Occ_4704,COL,valid
Odontomachus_erythrocephalus,5.94,-73.5169,Colombia,GABI,AOTW_Ponerinae_Occ_4705,COL,valid
Odontomachus_erythrocephalus,5.94,-73.5169,Colombia,GABI,AOTW_Ponerinae_Occ_4706,COL,valid
Pachycondyla_crassinoda,4.91667,-73.2667,Colombia,GABI,AOTW_Ponerinae_Occ_4707,COL,valid
Pachycondyla_harpax,4.86667,-73.25,Colombia,GABI,AOTW_Ponerinae_Occ_4708,COL,valid
Neoponera_carbonaria,5.0725,-75.53333,Colombia,GABI,AOTW_Ponerinae_Occ_4709,COL,valid
Pachycondyla_crassinoda,4.51472,-73.3547,Colombia,GABI,AOTW_Ponerinae_Occ_4710,COL,valid
Pachycondyla_harpax,4.74806,-73.5369,Colombia,GABI,AOTW_Ponerinae_Occ_4711,COL,valid
Pachycondyla_harpax,4.74806,-73.5369,Colombia,GABI,AOTW_Ponerinae_Occ_4712,COL,valid
Mayaponera_constricta,4.79217,-75.7311,Colombia,GABI,AOTW_Ponerinae_Occ_4713,COL,valid
Mayaponera_constricta,4.79217,-75.7311,Colombia,GABI,AOTW_Ponerinae_Occ_4714,COL,valid
Mayaponera_constricta,4.79217,-75.7311,Colombia,GABI,AOTW_Ponerinae_Occ_4715,COL,valid
Mayaponera_constricta,4.8575,-75.8803,Colombia,GABI,AOTW_Ponerinae_Occ_4716,COL,valid
Pachycondyla_harpax,5.23833,-76.0364,Colombia,GABI,AOTW_Ponerinae_Occ_4717,COL,valid
Neoponera_apicalis,4.16667,-75.1,Colombia,GABI,AOTW_Ponerinae_Occ_4718,COL,valid
Neoponera_apicalis,5.29944,-75.8869,Colombia,GABI,AOTW_Ponerinae_Occ_4719,COL,valid
Neoponera_chyzeri,5.23833,-76.0364,Colombia,GABI,AOTW_Ponerinae_Occ_4720,COL,valid
Neoponera_obscuricornis,4.79217,-75.7311,Colombia,GABI,AOTW_Ponerinae_Occ_4721,COL,valid
Neoponera_theresiae,5.29944,-75.8869,Colombia,GABI,AOTW_Ponerinae_Occ_4722,COL,valid
Neoponera_unidentata,4.16667,-75.1,Colombia,GABI,AOTW_Ponerinae_Occ_4723,COL,valid
Neoponera_unidentata,4.16667,-75.1,Colombia,GABI,AOTW_Ponerinae_Occ_4724,COL,valid
Neoponera_unidentata,5.29944,-75.8869,Colombia,GABI,AOTW_Ponerinae_Occ_4725,COL,valid
Neoponera_unidentata,5.29944,-75.8869,Colombia,GABI,AOTW_Ponerinae_Occ_4726,COL,valid
Neoponera_unidentata,5.29944,-75.8869,Colombia,GABI,AOTW_Ponerinae_Occ_4727,COL,valid
Neoponera_verenae,5.29944,-75.8869,Colombia,GABI,AOTW_Ponerinae_Occ_4728,COL,valid
Neoponera_verenae,5.29944,-75.8869,Colombia,GABI,AOTW_Ponerinae_Occ_4729,COL,valid
Odontomachus_bauri,4.79217,-75.7311,Colombia,GABI,AOTW_Ponerinae_Occ_4730,COL,valid
Odontomachus_bauri,4.79217,-75.7311,Colombia,GABI,AOTW_Ponerinae_Occ_4731,COL,valid
Odontomachus_bauri,4.79217,-75.7311,Colombia,GABI,AOTW_Ponerinae_Occ_4732,COL,valid
Odontomachus_bauri,4.79217,-75.7311,Colombia,GABI,AOTW_Ponerinae_Occ_4733,COL,valid
Odontomachus_chelifer,4.79217,-75.7311,Colombia,GABI,AOTW_Ponerinae_Occ_4734,COL,valid
Odontomachus_chelifer,4.79217,-75.7311,Colombia,GABI,AOTW_Ponerinae_Occ_4735,COL,valid
Pachycondyla_harpax,5.23833,-76.0364,Colombia,GABI,AOTW_Ponerinae_Occ_4736,COL,valid
Pachycondyla_impressa,4.79217,-75.7311,Colombia,GABI,AOTW_Ponerinae_Occ_4737,COL,valid
Pachycondyla_impressa,4.79217,-75.7311,Colombia,GABI,AOTW_Ponerinae_Occ_4738,COL,valid
Pachycondyla_impressa,4.16667,-75.1,Colombia,GABI,AOTW_Ponerinae_Occ_4739,COL,valid
Pachycondyla_impressa,4.8575,-75.8803,Colombia,GABI,AOTW_Ponerinae_Occ_4740,COL,valid
Pachycondyla_impressa,4.8575,-75.8803,Colombia,GABI,AOTW_Ponerinae_Occ_4741,COL,valid
Pseudoponera_stigma,4.16667,-75.1,Colombia,GABI,AOTW_Ponerinae_Occ_4742,COL,valid
Odontomachus_erythrocephalus,6.9897,-73.0538,Colombia,GABI,AOTW_Ponerinae_Occ_4743,COL,valid
Odontomachus_erythrocephalus,6.9897,-73.0538,Colombia,GABI,AOTW_Ponerinae_Occ_4744,COL,valid
Odontomachus_erythrocephalus,4.0633,-74.6955,Colombia,GABI,AOTW_Ponerinae_Occ_4745,COL,valid
Odontomachus_erythrocephalus,4.06,-74.7,Colombia,GABI,AOTW_Ponerinae_Occ_4746,COL,valid
Odontomachus_erythrocephalus,4.0633,-74.6955,Colombia,GABI,AOTW_Ponerinae_Occ_4747,COL,valid
Odontomachus_erythrocephalus,4.06333,-74.6955,Colombia,GABI,AOTW_Ponerinae_Occ_4748,COL,valid
Odontomachus_erythrocephalus,4.06333,-74.6955,Colombia,GABI,AOTW_Ponerinae_Occ_4749,COL,valid
Odontomachus_erythrocephalus,4.06333,-74.6955,Colombia,GABI,AOTW_Ponerinae_Occ_4750,COL,valid
Odontomachus_erythrocephalus,4.06,-74.7,Colombia,GABI,AOTW_Ponerinae_Occ_4751,COL,valid
Odontomachus_erythrocephalus,4.06333,-74.6955,Colombia,GABI,AOTW_Ponerinae_Occ_4752,COL,valid
Odontomachus_erythrocephalus,4.06333,-74.6955,Colombia,GABI,AOTW_Ponerinae_Occ_4753,COL,valid
Dinoponera_quadriceps,-14.7856,-39.2803,Brazil,GABI,AOTW_Ponerinae_Occ_4754,BRA,valid
Anochetus_striatulus,10.59427,-83.71651,Costa Rica,GABI,AOTW_Ponerinae_Occ_4755,CRI,valid
Anochetus_striatulus,10.59427,-83.71651,Costa Rica,GABI,AOTW_Ponerinae_Occ_4756,CRI,valid
Anochetus_striatulus,9.87554,-83.23837,Costa Rica,GABI,AOTW_Ponerinae_Occ_4757,CRI,valid
Anochetus_striatulus,10.33333,-84.06667,Costa Rica,GABI,AOTW_Ponerinae_Occ_4758,CRI,valid
Cryptopone_gilva,10.29843,-84.79254,Costa Rica,GABI,AOTW_Ponerinae_Occ_4759,CRI,valid
Hypoponera_distinguenda,10.88674,-85.88645,Costa Rica,GABI,AOTW_Ponerinae_Occ_4760,CRI,valid
Pachycondyla_crassinoda,-2.8997,-69.7444,Colombia,GABI,AOTW_Ponerinae_Occ_4761,COL,valid
Pachycondyla_harpax,-2.8997,-69.7444,Colombia,GABI,AOTW_Ponerinae_Occ_4762,COL,valid
Pseudoponera_stigma,-2.8997,-69.7444,Colombia,GABI,AOTW_Ponerinae_Occ_4763,COL,valid
Pseudoponera_stigma,-2.8997,-69.7444,Colombia,GABI,AOTW_Ponerinae_Occ_4764,COL,valid
Pachycondyla_crassinoda,1.14889,-76.6478,Colombia,GABI,AOTW_Ponerinae_Occ_4765,COL,valid
Neoponera_apicalis,-1.927222,-61.3825,Brazil,GABI,AOTW_Ponerinae_Occ_4766,BRA,valid
Neoponera_commutata,-3.10194,-60.025,Brazil,GABI,AOTW_Ponerinae_Occ_4767,BRA,valid
Neoponera_commutata,-3.10194,-60.025,Brazil,GABI,AOTW_Ponerinae_Occ_4768,BRA,valid
Neoponera_villosa,-3.10194,-60.025,Brazil,GABI,AOTW_Ponerinae_Occ_4769,BRA,valid
Odontomachus_bauri,-1.983333,-61.75,Brazil,GABI,AOTW_Ponerinae_Occ_4770,BRA,valid
Odontomachus_hastatus,-3.10194,-60.025,Brazil,GABI,AOTW_Ponerinae_Occ_4771,BRA,valid
Pachycondyla_crassinoda,-1.927222,-61.3825,Brazil,GABI,AOTW_Ponerinae_Occ_4772,BRA,valid
Pachycondyla_crassinoda,-3.10194,-60.025,Brazil,GABI,AOTW_Ponerinae_Occ_4773,BRA,valid
Pachycondyla_crassinoda,-3.10194,-60.025,Brazil,GABI,AOTW_Ponerinae_Occ_4774,BRA,valid
Pachycondyla_harpax,-2.916667,-59.983333,Brazil,GABI,AOTW_Ponerinae_Occ_4775,BRA,valid
Pachycondyla_harpax,-2.566667,-60.1,Brazil,GABI,AOTW_Ponerinae_Occ_4776,BRA,valid
Pseudoponera_stigma,-2.566667,-60.1,Brazil,GABI,AOTW_Ponerinae_Occ_4777,BRA,valid
Pachycondyla_crassinoda,4.51472,-73.3547,Colombia,GABI,AOTW_Ponerinae_Occ_4778,COL,valid
Odontomachus_scalptus,4.5925,-73.388,Colombia,GABI,AOTW_Ponerinae_Occ_4779,COL,valid
Neoponera_verenae,5.97833,-74.5897,Colombia,GABI,AOTW_Ponerinae_Occ_4780,COL,valid
Neoponera_verenae,5.97833,-74.5897,Colombia,GABI,AOTW_Ponerinae_Occ_4781,COL,valid
Odontomachus_bauri,5.5897,-74.5897,Colombia,GABI,AOTW_Ponerinae_Occ_4782,COL,valid
Pachycondyla_harpax,5.97833,-74.5897,Colombia,GABI,AOTW_Ponerinae_Occ_4783,COL,valid
Neoponera_chyzeri,5.61472,-75.46,Colombia,GABI,AOTW_Ponerinae_Occ_4784,COL,valid
Neoponera_apicalis,4.74806,-73.5369,Colombia,GABI,AOTW_Ponerinae_Occ_4785,COL,valid
Pachycondyla_crassinoda,4.51472,-73.3547,Colombia,GABI,AOTW_Ponerinae_Occ_4786,COL,valid
Pseudoponera_stigma,4.74806,-73.5369,Colombia,GABI,AOTW_Ponerinae_Occ_4787,COL,valid
Anochetus_mayri,4.7756,-75.7467,Colombia,GABI,AOTW_Ponerinae_Occ_4788,COL,valid
Pachycondyla_impressa,2.39417,-75.8947,Colombia,GABI,AOTW_Ponerinae_Occ_4789,COL,valid
Odontomachus_erythrocephalus,4.06333,-74.6955,Colombia,GABI,AOTW_Ponerinae_Occ_4790,COL,valid
Mayaponera_constricta,4.79217,-75.7311,Colombia,GABI,AOTW_Ponerinae_Occ_4791,COL,valid
Mayaponera_constricta,4.79217,-75.7311,Colombia,GABI,AOTW_Ponerinae_Occ_4792,COL,valid
Mayaponera_constricta,4.8575,-75.8803,Colombia,GABI,AOTW_Ponerinae_Occ_4793,COL,valid
Pachycondyla_impressa,4.79217,-75.7311,Colombia,GABI,AOTW_Ponerinae_Occ_4794,COL,valid
Mayaponera_constricta,4.8575,-75.8803,Colombia,GABI,AOTW_Ponerinae_Occ_4795,COL,valid
Neoponera_apicalis,5.29944,-75.8869,Colombia,GABI,AOTW_Ponerinae_Occ_4796,COL,valid
Neoponera_crenata,5.13333,-75.95,Colombia,GABI,AOTW_Ponerinae_Occ_4797,COL,valid
Neoponera_inversa,5.23833,-76.0364,Colombia,GABI,AOTW_Ponerinae_Occ_4798,COL,valid
Neoponera_obscuricornis,4.79217,-75.7311,Colombia,GABI,AOTW_Ponerinae_Occ_4799,COL,valid
Neoponera_obscuricornis,4.79217,-75.7311,Colombia,GABI,AOTW_Ponerinae_Occ_4800,COL,valid
Neoponera_unidentata,3.65,-76.6,Colombia,GABI,AOTW_Ponerinae_Occ_4801,COL,valid
Neoponera_unidentata,4.16667,-75.1,Colombia,GABI,AOTW_Ponerinae_Occ_4802,COL,valid
Neoponera_unidentata,4.16667,-75.1,Colombia,GABI,AOTW_Ponerinae_Occ_4803,COL,valid
Odontomachus_chelifer,4.79217,-75.7311,Colombia,GABI,AOTW_Ponerinae_Occ_4804,COL,valid
Neoponera_unidentata,4.8575,-75.8803,Colombia,GABI,AOTW_Ponerinae_Occ_4805,COL,valid
Neoponera_unidentata,5.23833,-76.0364,Colombia,GABI,AOTW_Ponerinae_Occ_4806,COL,valid
Neoponera_verenae,5.29944,-75.8869,Colombia,GABI,AOTW_Ponerinae_Occ_4807,COL,valid
Neoponera_verenae,5.23833,-76.0364,Colombia,GABI,AOTW_Ponerinae_Occ_4808,COL,valid
Neoponera_verenae,5.23833,-76.0364,Colombia,GABI,AOTW_Ponerinae_Occ_4809,COL,valid
Odontomachus_bauri,4.79217,-75.7311,Colombia,GABI,AOTW_Ponerinae_Occ_4810,COL,valid
Odontomachus_bauri,4.79217,-75.7311,Colombia,GABI,AOTW_Ponerinae_Occ_4811,COL,valid
Odontomachus_bauri,4.79217,-75.7311,Colombia,GABI,AOTW_Ponerinae_Occ_4812,COL,valid
Odontomachus_erythrocephalus,5.2994,-75.8869,Colombia,GABI,AOTW_Ponerinae_Occ_4813,COL,valid
Pachycondyla_harpax,5.23833,-76.3531,Colombia,GABI,AOTW_Ponerinae_Occ_4814,COL,valid
Pachycondyla_impressa,4.79217,-75.7311,Colombia,GABI,AOTW_Ponerinae_Occ_4815,COL,valid
Pachycondyla_impressa,4.8575,-75.8803,Colombia,GABI,AOTW_Ponerinae_Occ_4816,COL,valid
Pseudoponera_stigma,4.16667,-75.1,Colombia,GABI,AOTW_Ponerinae_Occ_4817,COL,valid
Odontomachus_erythrocephalus,6.98,-73.05,Colombia,GABI,AOTW_Ponerinae_Occ_4818,COL,valid
Odontomachus_erythrocephalus,4.06,-74.7,Colombia,GABI,AOTW_Ponerinae_Occ_4819,COL,valid
Odontomachus_erythrocephalus,4.06333,-74.6955,Colombia,GABI,AOTW_Ponerinae_Occ_4820,COL,valid
Dinoponera_quadriceps,-14.7856,-39.2803,Brazil,GABI,AOTW_Ponerinae_Occ_4821,BRA,valid
Dinoponera_quadriceps,-14.7856,-39.2803,Brazil,GABI,AOTW_Ponerinae_Occ_4822,BRA,valid
Odontomachus_troglodytes,4.49,11.07833333,Cameroon,GABI,AOTW_Ponerinae_Occ_4823,CMR,valid
Odontomachus_bauri,10.5905,-75.2916,Colombia,GABI,AOTW_Ponerinae_Occ_4824,COL,valid
Neoponera_villosa,9.61667,-74.9,Colombia,GABI,AOTW_Ponerinae_Occ_4825,COL,valid
Neoponera_villosa,9.61667,-74.9,Colombia,GABI,AOTW_Ponerinae_Occ_4826,COL,valid
Neoponera_villosa,9.74667,-74.8181,Colombia,GABI,AOTW_Ponerinae_Occ_4827,COL,valid
Neoponera_villosa,9.74667,-74.8181,Colombia,GABI,AOTW_Ponerinae_Occ_4828,COL,valid
Odontomachus_bauri,10.6072,-75.2917,Colombia,GABI,AOTW_Ponerinae_Occ_4829,COL,valid
Odontomachus_bauri,10.6072,-75.2917,Colombia,GABI,AOTW_Ponerinae_Occ_4830,COL,valid
Odontomachus_bauri,10.6072,-75.2917,Colombia,GABI,AOTW_Ponerinae_Occ_4831,COL,valid
Odontomachus_bauri,10.6072,-75.2917,Colombia,GABI,AOTW_Ponerinae_Occ_4832,COL,valid
Odontomachus_bauri,10.5905,-75.2916,Colombia,GABI,AOTW_Ponerinae_Occ_4833,COL,valid
Pachycondyla_impressa,9.61667,-74.9,Colombia,GABI,AOTW_Ponerinae_Occ_4834,COL,valid
Odontomachus_bauri,10.5905,-75.2916,Colombia,GABI,AOTW_Ponerinae_Occ_4835,COL,valid
Pachycondyla_impressa,9.61667,-74.9,Colombia,GABI,AOTW_Ponerinae_Occ_4836,COL,valid
Odontomachus_bauri,10.5905,-75.2916,Colombia,GABI,AOTW_Ponerinae_Occ_4837,COL,valid
Odontomachus_bauri,10.5905,-75.2916,Colombia,GABI,AOTW_Ponerinae_Occ_4838,COL,valid
Pachycondyla_impressa,9.61667,-74.9,Colombia,GABI,AOTW_Ponerinae_Occ_4839,COL,valid
Pachycondyla_harpax,10.6072,-75.2917,Colombia,GABI,AOTW_Ponerinae_Occ_4840,COL,valid
Pachycondyla_harpax,10.6072,-75.2917,Colombia,GABI,AOTW_Ponerinae_Occ_4841,COL,valid
Pachycondyla_harpax,9.61667,-74.9,Colombia,GABI,AOTW_Ponerinae_Occ_4842,COL,valid
Pachycondyla_harpax,9.61667,-74.9,Colombia,GABI,AOTW_Ponerinae_Occ_4843,COL,valid
Pachycondyla_impressa,9.61667,-74.9,Colombia,GABI,AOTW_Ponerinae_Occ_4844,COL,valid
Pachycondyla_impressa,9.61667,-74.9,Colombia,GABI,AOTW_Ponerinae_Occ_4845,COL,valid
Pachycondyla_impressa,9.61667,-74.9,Colombia,GABI,AOTW_Ponerinae_Occ_4846,COL,valid
Pachycondyla_impressa,9.61667,-74.9,Colombia,GABI,AOTW_Ponerinae_Occ_4847,COL,valid
Pachycondyla_impressa,9.61667,-74.9,Colombia,GABI,AOTW_Ponerinae_Occ_4848,COL,valid
Thaumatomyrmex_atrox,9.61667,-74.9,Colombia,GABI,AOTW_Ponerinae_Occ_4849,COL,valid
Thaumatomyrmex_atrox,9.61667,-74.9,Colombia,GABI,AOTW_Ponerinae_Occ_4850,COL,valid
Odontomachus_haematodus,9.37806,-75.7619,Colombia,GABI,AOTW_Ponerinae_Occ_4851,COL,valid
Odontomachus_haematodus,9.37806,-75.7619,Colombia,GABI,AOTW_Ponerinae_Occ_4852,COL,valid
Odontomachus_haematodus,9.37806,-75.7619,Colombia,GABI,AOTW_Ponerinae_Occ_4853,COL,valid
Odontomachus_haematodus,9.37806,-75.7619,Colombia,GABI,AOTW_Ponerinae_Occ_4854,COL,valid
Odontomachus_ruginodis,9.378,-75.7619,Colombia,GABI,AOTW_Ponerinae_Occ_4855,COL,valid
Odontomachus_ruginodis,9.378,-75.7619,Colombia,GABI,AOTW_Ponerinae_Occ_4856,COL,valid
Odontomachus_ruginodis,9.378,-75.7619,Colombia,GABI,AOTW_Ponerinae_Occ_4857,COL,valid
Odontomachus_ruginodis,9.378,-75.7619,Colombia,GABI,AOTW_Ponerinae_Occ_4858,COL,valid
Belonopelta_deletrix,10.33333,-84.06667,Costa Rica,GABI,AOTW_Ponerinae_Occ_4859,CRI,valid
Cryptopone_gilva,9.76258,-83.78833,Costa Rica,GABI,AOTW_Ponerinae_Occ_4860,CRI,valid
Hypoponera_nitidula,10.35,-84.05,Costa Rica,GABI,AOTW_Ponerinae_Occ_4861,CRI,valid
Hypoponera_nitidula,10.35,-84.05,Costa Rica,GABI,AOTW_Ponerinae_Occ_4862,CRI,valid
Hypoponera_parva,10.35,-84.05,Costa Rica,GABI,AOTW_Ponerinae_Occ_4863,CRI,valid
Hypoponera_parva,10.33333,-84.06667,Costa Rica,GABI,AOTW_Ponerinae_Occ_4864,CRI,valid
Hypoponera_parva,10.33333,-84.06667,Costa Rica,GABI,AOTW_Ponerinae_Occ_4865,CRI,valid
Leptogenys_famelica,10.35,-84.05,Costa Rica,GABI,AOTW_Ponerinae_Occ_4866,CRI,valid
Leptogenys_famelica,10.33333,-84.06667,Costa Rica,GABI,AOTW_Ponerinae_Occ_4867,CRI,valid
Leptogenys_imperatrix,10.33333,-84.06667,Costa Rica,GABI,AOTW_Ponerinae_Occ_4868,CRI,valid
Leptogenys_josephi,10.33333,-84.06667,Costa Rica,GABI,AOTW_Ponerinae_Occ_4869,CRI,valid
Leptogenys_punctaticeps,10.59427,-83.71651,Costa Rica,GABI,AOTW_Ponerinae_Occ_4870,CRI,valid
Leptogenys_pusilla,10.35,-84.05,Costa Rica,GABI,AOTW_Ponerinae_Occ_4871,CRI,valid
Leptogenys_pusilla,10.33333,-84.06667,Costa Rica,GABI,AOTW_Ponerinae_Occ_4872,CRI,valid
Mayaponera_constricta,8.6791,-83.56671,Costa Rica,GABI,AOTW_Ponerinae_Occ_4873,CRI,valid
Mayaponera_constricta,8.6791,-83.56671,Costa Rica,GABI,AOTW_Ponerinae_Occ_4874,CRI,valid
Mayaponera_constricta,10.59427,-83.71651,Costa Rica,GABI,AOTW_Ponerinae_Occ_4875,CRI,valid
Neoponera_crenata,10.58481,-83.5292,Costa Rica,GABI,AOTW_Ponerinae_Occ_4876,CRI,valid
Neoponera_aenescens,10.17707,-84.11249,Costa Rica,GABI,AOTW_Ponerinae_Occ_4877,CRI,valid
Neoponera_aenescens,10.93008,-85.47042,Costa Rica,GABI,AOTW_Ponerinae_Occ_4878,CRI,valid
Neoponera_aenescens,9.38074,-83.47457,Costa Rica,GABI,AOTW_Ponerinae_Occ_4879,CRI,valid
Neoponera_aenescens,10.23617,-84.11767,Costa Rica,GABI,AOTW_Ponerinae_Occ_4880,CRI,valid
Neoponera_aenescens,10.23617,-84.11767,Costa Rica,GABI,AOTW_Ponerinae_Occ_4881,CRI,valid
Neoponera_apicalis,10.99261,-85.42948,Costa Rica,GABI,AOTW_Ponerinae_Occ_4882,CRI,valid
Neoponera_apicalis,10.67564,-84.95489,Costa Rica,GABI,AOTW_Ponerinae_Occ_4883,CRI,valid
Neoponera_apicalis,11.02246,-85.42592,Costa Rica,GABI,AOTW_Ponerinae_Occ_4884,CRI,valid
Neoponera_apicalis,11.02246,-85.42592,Costa Rica,GABI,AOTW_Ponerinae_Occ_4885,CRI,valid
Neoponera_apicalis,11.02246,-85.42592,Costa Rica,GABI,AOTW_Ponerinae_Occ_4886,CRI,valid
Neoponera_apicalis,11.02246,-85.42592,Costa Rica,GABI,AOTW_Ponerinae_Occ_4887,CRI,valid
Neoponera_bugabensis,10.14889,-83.95191,Costa Rica,GABI,AOTW_Ponerinae_Occ_4888,CRI,valid
Neoponera_bugabensis,10.99261,-85.42948,Costa Rica,GABI,AOTW_Ponerinae_Occ_4889,CRI,valid
Neoponera_bugabensis,9.77423,-84.60812,Costa Rica,GABI,AOTW_Ponerinae_Occ_4890,CRI,valid
Neoponera_bugabensis,10.33333,-84.08333,Costa Rica,GABI,AOTW_Ponerinae_Occ_4891,CRI,valid
Neoponera_carinulata,10.35,-84.05,Costa Rica,GABI,AOTW_Ponerinae_Occ_4892,CRI,valid
Neoponera_carinulata,10.33333,-84.06667,Costa Rica,GABI,AOTW_Ponerinae_Occ_4893,CRI,valid
Neoponera_crenata,10.93008,-85.47042,Costa Rica,GABI,AOTW_Ponerinae_Occ_4894,CRI,valid
Neoponera_crenata,10.93008,-85.47042,Costa Rica,GABI,AOTW_Ponerinae_Occ_4895,CRI,valid
Neoponera_crenata,10.53955,-83.50648,Costa Rica,GABI,AOTW_Ponerinae_Occ_4896,CRI,valid
Neoponera_crenata,10.35,-84.05,Costa Rica,GABI,AOTW_Ponerinae_Occ_4897,CRI,valid
Neoponera_crenata,10.35,-84.05,Costa Rica,GABI,AOTW_Ponerinae_Occ_4898,CRI,valid
Neoponera_crenata,10.33333,-84.06667,Costa Rica,GABI,AOTW_Ponerinae_Occ_4899,CRI,valid
Neoponera_crenata,10.33333,-84.06667,Costa Rica,GABI,AOTW_Ponerinae_Occ_4900,CRI,valid
Neoponera_laevigata,10.99261,-85.42948,Costa Rica,GABI,AOTW_Ponerinae_Occ_4901,CRI,valid
Neoponera_laevigata,10.99261,-85.42948,Costa Rica,GABI,AOTW_Ponerinae_Occ_4902,CRI,valid
Neoponera_laevigata,10.99261,-85.42948,Costa Rica,GABI,AOTW_Ponerinae_Occ_4903,CRI,valid
Neoponera_laevigata,10.99261,-85.42948,Costa Rica,GABI,AOTW_Ponerinae_Occ_4904,CRI,valid
Neoponera_laevigata,10.33333,-84.06667,Costa Rica,GABI,AOTW_Ponerinae_Occ_4905,CRI,valid
Neoponera_obscuricornis,10.32804,-84.08042,Costa Rica,GABI,AOTW_Ponerinae_Occ_4906,CRI,valid
Neoponera_obscuricornis,10.32804,-84.08042,Costa Rica,GABI,AOTW_Ponerinae_Occ_4907,CRI,valid
Neoponera_obscuricornis,10.32804,-84.08042,Costa Rica,GABI,AOTW_Ponerinae_Occ_4908,CRI,valid
Neoponera_obscuricornis,8.6791,-83.56671,Costa Rica,GABI,AOTW_Ponerinae_Occ_4909,CRI,valid
Neoponera_obscuricornis,10.96254,-85.49524,Costa Rica,GABI,AOTW_Ponerinae_Occ_4910,CRI,valid
Neoponera_obscuricornis,10.57106,-85.02595,Costa Rica,GABI,AOTW_Ponerinae_Occ_4911,CRI,valid
Neoponera_obscuricornis,9.67177,-83.0277,Costa Rica,GABI,AOTW_Ponerinae_Occ_4912,CRI,valid
Neoponera_unidentata,8.48017,-83.59129,Costa Rica,GABI,AOTW_Ponerinae_Occ_4913,CRI,valid
Neoponera_unidentata,10.33333,-84.06667,Costa Rica,GABI,AOTW_Ponerinae_Occ_4914,CRI,valid
Neoponera_unidentata,10.33333,-84.06667,Costa Rica,GABI,AOTW_Ponerinae_Occ_4915,CRI,valid
Neoponera_unidentata,10.33333,-84.06667,Costa Rica,GABI,AOTW_Ponerinae_Occ_4916,CRI,valid
Neoponera_verenae,8.48017,-83.59129,Costa Rica,GABI,AOTW_Ponerinae_Occ_4917,CRI,valid
Neoponera_verenae,8.6791,-83.56671,Costa Rica,GABI,AOTW_Ponerinae_Occ_4918,CRI,valid
Neoponera_verenae,10.59427,-83.71651,Costa Rica,GABI,AOTW_Ponerinae_Occ_4919,CRI,valid
Neoponera_villosa,10.83641,-85.61549,Costa Rica,GABI,AOTW_Ponerinae_Occ_4920,CRI,valid
Neoponera_villosa,8.48017,-83.59129,Costa Rica,GABI,AOTW_Ponerinae_Occ_4921,CRI,valid
Neoponera_villosa,9.76745,-84.60812,Costa Rica,GABI,AOTW_Ponerinae_Occ_4922,CRI,valid
Neoponera_villosa,10.34912,-85.35234,Costa Rica,GABI,AOTW_Ponerinae_Occ_4923,CRI,valid
Neoponera_villosa,10.34912,-85.35234,Costa Rica,GABI,AOTW_Ponerinae_Occ_4924,CRI,valid
Neoponera_villosa,10.96254,-85.49524,Costa Rica,GABI,AOTW_Ponerinae_Occ_4925,CRI,valid
Neoponera_villosa,10.96254,-85.49524,Costa Rica,GABI,AOTW_Ponerinae_Occ_4926,CRI,valid
Neoponera_villosa,10.96254,-85.49524,Costa Rica,GABI,AOTW_Ponerinae_Occ_4927,CRI,valid
Neoponera_villosa,10.53955,-83.50648,Costa Rica,GABI,AOTW_Ponerinae_Occ_4928,CRI,valid
Neoponera_villosa,10.53955,-83.50648,Costa Rica,GABI,AOTW_Ponerinae_Occ_4929,CRI,valid
Neoponera_villosa,10.35,-84.05,Costa Rica,GABI,AOTW_Ponerinae_Occ_4930,CRI,valid
Odontomachus_bauri,10.16822,-85.37366,Costa Rica,GABI,AOTW_Ponerinae_Occ_4931,CRI,valid
Odontomachus_bauri,10.16822,-85.37366,Costa Rica,GABI,AOTW_Ponerinae_Occ_4932,CRI,valid
Odontomachus_bauri,10.16822,-85.37366,Costa Rica,GABI,AOTW_Ponerinae_Occ_4933,CRI,valid
Odontomachus_bauri,8.6791,-83.56671,Costa Rica,GABI,AOTW_Ponerinae_Occ_4934,CRI,valid
Odontomachus_bauri,8.6791,-83.56671,Costa Rica,GABI,AOTW_Ponerinae_Occ_4935,CRI,valid
Odontomachus_bauri,10.88674,-85.88645,Costa Rica,GABI,AOTW_Ponerinae_Occ_4936,CRI,valid
Odontomachus_bauri,10.59427,-83.71651,Costa Rica,GABI,AOTW_Ponerinae_Occ_4937,CRI,valid
Odontomachus_bauri,9.51935,-82.95628,Costa Rica,GABI,AOTW_Ponerinae_Occ_4938,CRI,valid
Odontomachus_bauri,8.9791,-83.2638,Costa Rica,GABI,AOTW_Ponerinae_Occ_4939,CRI,valid
Odontomachus_chelifer,10.33333,-84.06667,Costa Rica,GABI,AOTW_Ponerinae_Occ_4940,CRI,valid
Odontomachus_chelifer,10.33333,-84.06667,Costa Rica,GABI,AOTW_Ponerinae_Occ_4941,CRI,valid
Odontomachus_erythrocephalus,9.63258,-82.65905,Costa Rica,GABI,AOTW_Ponerinae_Occ_4942,CRI,valid
Odontomachus_erythrocephalus,9.63258,-82.65905,Costa Rica,GABI,AOTW_Ponerinae_Occ_4943,CRI,valid
Odontomachus_erythrocephalus,9.92573,-83.1914,Costa Rica,GABI,AOTW_Ponerinae_Occ_4944,CRI,valid
Odontomachus_erythrocephalus,10.35,-84.05,Costa Rica,GABI,AOTW_Ponerinae_Occ_4945,CRI,valid
Odontomachus_erythrocephalus,10.35,-84.05,Costa Rica,GABI,AOTW_Ponerinae_Occ_4946,CRI,valid
Odontomachus_erythrocephalus,10.33333,-84.06667,Costa Rica,GABI,AOTW_Ponerinae_Occ_4947,CRI,valid
Odontomachus_hastatus,10.33333,-84.06667,Costa Rica,GABI,AOTW_Ponerinae_Occ_4948,CRI,valid
Odontomachus_hastatus,10.33333,-84.06667,Costa Rica,GABI,AOTW_Ponerinae_Occ_4949,CRI,valid
Odontomachus_hastatus,10.33333,-84.06667,Costa Rica,GABI,AOTW_Ponerinae_Occ_4950,CRI,valid
Odontomachus_laticeps,10.99261,-85.42948,Costa Rica,GABI,AOTW_Ponerinae_Occ_4951,CRI,valid
Odontomachus_laticeps,10.99261,-85.42948,Costa Rica,GABI,AOTW_Ponerinae_Occ_4952,CRI,valid
Odontomachus_laticeps,10.59427,-83.71651,Costa Rica,GABI,AOTW_Ponerinae_Occ_4953,CRI,valid
Odontomachus_meinerti,8.6791,-83.56671,Costa Rica,GABI,AOTW_Ponerinae_Occ_4954,CRI,valid
Odontomachus_meinerti,8.6791,-83.56671,Costa Rica,GABI,AOTW_Ponerinae_Occ_4955,CRI,valid
Odontomachus_meinerti,10.59427,-83.71651,Costa Rica,GABI,AOTW_Ponerinae_Occ_4956,CRI,valid
Odontomachus_opaciventris,10.53955,-83.50648,Costa Rica,GABI,AOTW_Ponerinae_Occ_4957,CRI,valid
Odontomachus_opaciventris,10.53955,-83.50648,Costa Rica,GABI,AOTW_Ponerinae_Occ_4958,CRI,valid
Odontomachus_opaciventris,10.53955,-83.50648,Costa Rica,GABI,AOTW_Ponerinae_Occ_4959,CRI,valid
Pachycondyla_harpax,10.99261,-85.42948,Costa Rica,GABI,AOTW_Ponerinae_Occ_4960,CRI,valid
Pachycondyla_harpax,8.6791,-83.56671,Costa Rica,GABI,AOTW_Ponerinae_Occ_4961,CRI,valid
Pachycondyla_harpax,10.53955,-83.50648,Costa Rica,GABI,AOTW_Ponerinae_Occ_4962,CRI,valid
Pachycondyla_harpax,10.59427,-83.71651,Costa Rica,GABI,AOTW_Ponerinae_Occ_4963,CRI,valid
Pachycondyla_harpax,10.59427,-83.71651,Costa Rica,GABI,AOTW_Ponerinae_Occ_4964,CRI,valid
Pachycondyla_harpax,10.59427,-83.71651,Costa Rica,GABI,AOTW_Ponerinae_Occ_4965,CRI,valid
Pachycondyla_harpax,10.59427,-83.71651,Costa Rica,GABI,AOTW_Ponerinae_Occ_4966,CRI,valid
Pachycondyla_harpax,10.59427,-83.71651,Costa Rica,GABI,AOTW_Ponerinae_Occ_4967,CRI,valid
Pachycondyla_harpax,10.59427,-83.71651,Costa Rica,GABI,AOTW_Ponerinae_Occ_4968,CRI,valid
Pachycondyla_harpax,10.40126,-84.05023,Costa Rica,GABI,AOTW_Ponerinae_Occ_4969,CRI,valid
Pachycondyla_impressa,8.48017,-83.59129,Costa Rica,GABI,AOTW_Ponerinae_Occ_4970,CRI,valid
Pachycondyla_impressa,9.77423,-84.60812,Costa Rica,GABI,AOTW_Ponerinae_Occ_4971,CRI,valid
Pachycondyla_impressa,10.93008,-85.47042,Costa Rica,GABI,AOTW_Ponerinae_Occ_4972,CRI,valid
Pachycondyla_impressa,10.59427,-83.71651,Costa Rica,GABI,AOTW_Ponerinae_Occ_4973,CRI,valid
Pachycondyla_impressa,10.59427,-83.71651,Costa Rica,GABI,AOTW_Ponerinae_Occ_4974,CRI,valid
Pachycondyla_impressa,10.21953,-84.60076,Costa Rica,GABI,AOTW_Ponerinae_Occ_4975,CRI,valid
Pachycondyla_impressa,10.61046,-84.99497,Costa Rica,GABI,AOTW_Ponerinae_Occ_4976,CRI,valid
Pachycondyla_purpurascens,10.93008,-85.47042,Costa Rica,GABI,AOTW_Ponerinae_Occ_4977,CRI,valid
Pachycondyla_purpurascens,10.93008,-85.47042,Costa Rica,GABI,AOTW_Ponerinae_Occ_4978,CRI,valid
Pachycondyla_purpurascens,10.93008,-85.47042,Costa Rica,GABI,AOTW_Ponerinae_Occ_4979,CRI,valid
Pseudoponera_cognata,10.35,-84.05,Costa Rica,GABI,AOTW_Ponerinae_Occ_4980,CRI,valid
Pseudoponera_cognata,10.33333,-84.06667,Costa Rica,GABI,AOTW_Ponerinae_Occ_4981,CRI,valid
Pseudoponera_cognata,10.33333,-84.06667,Costa Rica,GABI,AOTW_Ponerinae_Occ_4982,CRI,valid
Pseudoponera_cognata,10.33333,-84.06667,Costa Rica,GABI,AOTW_Ponerinae_Occ_4983,CRI,valid
Pseudoponera_gilloglyi,10.35,-84.05,Costa Rica,GABI,AOTW_Ponerinae_Occ_4984,CRI,valid
Pseudoponera_succedanea,10.99261,-85.42948,Costa Rica,GABI,AOTW_Ponerinae_Occ_4985,CRI,valid
Pseudoponera_succedanea,10.99261,-85.42948,Costa Rica,GABI,AOTW_Ponerinae_Occ_4986,CRI,valid
Simopelta_oculata,10.23617,-84.11767,Costa Rica,GABI,AOTW_Ponerinae_Occ_4987,CRI,valid
Simopelta_oculata,10.33333,-84.06667,Costa Rica,GABI,AOTW_Ponerinae_Occ_4988,CRI,valid
Neoponera_marginata,-19.9167,-40.6,Brazil,GABI,AOTW_Ponerinae_Occ_4989,BRA,valid
Dinoponera_gigantea,-11.55,-47.3167,Brazil,GABI,AOTW_Ponerinae_Occ_4990,BRA,valid
Neoponera_apicalis,-11.55,-47.3167,Brazil,GABI,AOTW_Ponerinae_Occ_4991,BRA,valid
Anochetus_mayri,-10.783333,-56.816667,Brazil,GABI,AOTW_Ponerinae_Occ_4992,BRA,valid
Dinoponera_mutica,-10.1667,-59.4594,Brazil,GABI,AOTW_Ponerinae_Occ_4993,BRA,valid
Dinoponera_mutica,-10.1667,-59.4594,Brazil,GABI,AOTW_Ponerinae_Occ_4994,BRA,valid
Dinoponera_mutica,-16.480278,-58.140278,Brazil,GABI,AOTW_Ponerinae_Occ_4995,BRA,valid
Dinoponera_mutica,-10.1667,-59.4594,Brazil,GABI,AOTW_Ponerinae_Occ_4996,BRA,valid
Hypoponera_opaciceps,-16.256667,-56.606667,Brazil,GABI,AOTW_Ponerinae_Occ_4997,BRA,valid
Hypoponera_opaciceps,-16.256667,-56.606667,Brazil,GABI,AOTW_Ponerinae_Occ_4998,BRA,valid
Neoponera_apicalis,-16.480278,-58.140278,Brazil,GABI,AOTW_Ponerinae_Occ_4999,BRA,valid
Neoponera_apicalis,-15.8656,-56.0767,Brazil,GABI,AOTW_Ponerinae_Occ_5000,BRA,valid
